Checking "python3" ...
Python 3.14.4
"python3" has been detected
Activating ESP-IDF 6.0
Setting IDF_PATH to '/home/udaybhan/.espressif/v6.0.3/esp-idf'.
* Checking python version ... 3.14.4
* Checking python dependencies ... OK
* Deactivating the current ESP-IDF environment (if any) ... OK
* Establishing a new ESP-IDF environment ... OK
* Identifying shell ... bash
* Detecting outdated tools in system ... Found tools that are not used by active ESP-IDF version.
For removing old versions of python, components use command 'python /home/udaybhan/.espressif/v6.0.3/esp-idf/tools/idf_tools.py uninstall'
To free up even more space, remove installation packages of those tools.
Use option python /home/udaybhan/.espressif/v6.0.3/esp-idf/tools/idf_tools.py uninstall --remove-archives.
* Shell completion ... Autocompletion code generated

Done! You can now compile ESP-IDF projects.
Go to the project directory and run:

  idf.py build
ESP-IDF v6.0.3
Executing action: all (aliases: build)
Running cmake in directory /tmp/p2c-closeout-20261010/s3-build
Executing "cmake -G Ninja -B /tmp/p2c-closeout-20261010/s3-build -DPYTHON_DEPS_CHECKED=1 -DPYTHON=/home/udaybhan/.espressif/python_env/idf6.0_py3.14_env/bin/python -DESP_PLATFORM=1 -DSDKCONFIG=/tmp/p2c-closeout-20261010/sdkconfig -DCCACHE_ENABLE=False /home/udaybhan/projects/Ghar_sajag_r1_s3/code/ParivarSathi_v1.5.4_PWA_BatteryAnalytics_v3_4_2/firmware/hub/target/esp32s3/idf"...
-- Found Git: /usr/bin/git (found version "2.53.0")
-- Minimal build - OFF
-- The C compiler identification is GNU 15.2.0
-- The CXX compiler identification is GNU 15.2.0
-- The ASM compiler identification is GNU
-- Found assembler: /home/udaybhan/.espressif/tools/xtensa-esp-elf/esp-15.2.0_20251204/xtensa-esp-elf/bin/xtensa-esp32s3-elf-gcc
-- Detecting C compiler ABI info
-- Detecting C compiler ABI info - done
-- Check for working C compiler: /home/udaybhan/.espressif/tools/xtensa-esp-elf/esp-15.2.0_20251204/xtensa-esp-elf/bin/xtensa-esp32s3-elf-gcc - skipped
-- Detecting C compile features
-- Detecting C compile features - done
-- Detecting CXX compiler ABI info
-- Detecting CXX compiler ABI info - done
-- Check for working CXX compiler: /home/udaybhan/.espressif/tools/xtensa-esp-elf/esp-15.2.0_20251204/xtensa-esp-elf/bin/xtensa-esp32s3-elf-g++ - skipped
-- Detecting CXX compile features
-- Detecting CXX compile features - done
-- Building ESP-IDF components for target esp32s3
NOTE: Cannot establish a connection to the component registry. Skipping checks of dependency changes.
NOTE: Processing 2 dependencies:
NOTE: [1/2] joltwallet/littlefs (1.20.4)
NOTE: [2/2] idf (6.0.3)
-- KCONFIG_REPORT_VERBOSITY not set, using default
-- Project sdkconfig file /tmp/p2c-closeout-20261010/sdkconfig
NOTE: /home/udaybhan/.espressif/v6.0.3/esp-idf/components/bt/host/nimble/Kconfig.in:1453: BT_NIMBLE_MESH_PROVISIONER: 'default 0' is not a valid bool value (only 'y' and 'n' are allowed). Value is treated as 'n'.
NOTE: /home/udaybhan/.espressif/v6.0.3/esp-idf/components/fatfs/Kconfig:230: FATFS_PRINT_LLI: 'default 0' is not a valid bool value (only 'y' and 'n' are allowed). Value is treated as 'n'.
NOTE: /home/udaybhan/.espressif/v6.0.3/esp-idf/components/fatfs/Kconfig:235: FATFS_PRINT_FLOAT: 'default 0' is not a valid bool value (only 'y' and 'n' are allowed). Value is treated as 'n'.
NOTE: /home/udaybhan/.espressif/v6.0.3/esp-idf/components/bt/sdkconfig.rename.esp32s3:4: duplicate rename mapping for CONFIG_BT_NIMBLE_COEX_PHY_CODED_TX_RX_TLIM_EN: previous target CONFIG_BT_LE_COEX_PHY_CODED_TX_RX_TLIM_EN, new target CONFIG_BT_CTRL_COEX_PHY_CODED_TX_RX_TLIM_EN - last mapping is used
NOTE: /home/udaybhan/.espressif/v6.0.3/esp-idf/components/bt/sdkconfig.rename.esp32s3:5: duplicate rename mapping for CONFIG_BT_NIMBLE_COEX_PHY_CODED_TX_RX_TLIM_DIS: previous target CONFIG_BT_LE_COEX_PHY_CODED_TX_RX_TLIM_DIS, new target CONFIG_BT_CTRL_COEX_PHY_CODED_TX_RX_TLIM_DIS - last mapping is used
Loading defaults file /home/udaybhan/projects/Ghar_sajag_r1_s3/code/ParivarSathi_v1.5.4_PWA_BatteryAnalytics_v3_4_2/firmware/hub/target/esp32s3/idf/sdkconfig.defaults...
NOTE: Kconfig parser version: 1
NOTE: Kconfig defaults policy: use sdkconfig
NOTE: Status: Finished successfully
-- Compiler supported targets: xtensa-esp-elf
-- Detecting C compiler ABI info
-- Detecting C compiler ABI info - done
-- Detecting CXX compiler ABI info
-- Detecting CXX compiler ABI info - done
-- Detecting C compiler ABI info
-- Detecting C compiler ABI info - done
-- Detecting CXX compiler ABI info
-- Detecting CXX compiler ABI info - done
-- App "gs_r1_s3_hub" version: 984913a-dirty
-- Found Python3: /home/udaybhan/.espressif/python_env/idf6.0_py3.14_env/bin/python (found version "3.14.4") found components: Interpreter
-- Performing Test C_COMPILER_SUPPORTS_WFORMAT_SIGNEDNESS
-- Performing Test C_COMPILER_SUPPORTS_WFORMAT_SIGNEDNESS - Success
-- Setting up mbedtls configuration
-- Linkage type is PUBLIC
-- Adding linker script /home/udaybhan/.espressif/v6.0.3/esp-idf/components/esp_hal_wdt/esp32s3/rom.wdt.ld
-- Adding linker script /home/udaybhan/.espressif/v6.0.3/esp-idf/components/esp_system/ld/esp32s3/memory.ld.in
--   -> Preprocessing .in script: /home/udaybhan/.espressif/v6.0.3/esp-idf/components/esp_system/ld/esp32s3/memory.ld.in
-- Adding linker script /home/udaybhan/.espressif/v6.0.3/esp-idf/components/esp_system/ld/esp32s3/sections.ld.in
--   -> Preprocessing .in script: /home/udaybhan/.espressif/v6.0.3/esp-idf/components/esp_system/ld/esp32s3/sections.ld.in
--   -> Applying ldgen processing: /tmp/p2c-closeout-20261010/s3-build/esp-idf/esp_system/ld/sections.ld.in
-- Adding linker script /home/udaybhan/.espressif/v6.0.3/esp-idf/components/esp_rom/esp32s3/ld/esp32s3.rom.ld
-- Adding linker script /home/udaybhan/.espressif/v6.0.3/esp-idf/components/esp_rom/esp32s3/ld/esp32s3.rom.api.ld
-- Adding linker script /home/udaybhan/.espressif/v6.0.3/esp-idf/components/esp_rom/esp32s3/ld/esp32s3.rom.bt_funcs.ld
-- Adding linker script /home/udaybhan/.espressif/v6.0.3/esp-idf/components/esp_rom/esp32s3/ld/esp32s3.rom.libgcc.ld
-- Adding linker script /home/udaybhan/.espressif/v6.0.3/esp-idf/components/esp_rom/esp32s3/ld/esp32s3.rom.version.ld
-- Adding linker script /home/udaybhan/.espressif/v6.0.3/esp-idf/components/esp_rom/esp32s3/ld/esp32s3.rom.ble_master.ld
-- Adding linker script /home/udaybhan/.espressif/v6.0.3/esp-idf/components/esp_rom/esp32s3/ld/esp32s3.rom.ble_50.ld
-- Adding linker script /home/udaybhan/.espressif/v6.0.3/esp-idf/components/esp_rom/esp32s3/ld/esp32s3.rom.ble_smp.ld
-- Adding linker script /home/udaybhan/.espressif/v6.0.3/esp-idf/components/esp_rom/esp32s3/ld/esp32s3.rom.ble_dtm.ld
-- Adding linker script /home/udaybhan/.espressif/v6.0.3/esp-idf/components/esp_rom/esp32s3/ld/esp32s3.rom.ble_test.ld
-- Adding linker script /home/udaybhan/.espressif/v6.0.3/esp-idf/components/esp_rom/esp32s3/ld/esp32s3.rom.ble_scan.ld
-- Adding linker script /home/udaybhan/.espressif/v6.0.3/esp-idf/components/esp_rom/esp32s3/ld/esp32s3.rom.libc.ld
-- Adding linker script /home/udaybhan/.espressif/v6.0.3/esp-idf/components/soc/esp32s3/ld/esp32s3.peripherals.ld
-- Component idf::esp_trace will be linked with -Wl,--whole-archive
-- Components: app_trace app_update bootloader bootloader_support bt cmock console cxx driver efuse esp-tls esp_adc esp_app_format esp_blockdev esp_blockdev_util esp_bootloader_format esp_coex esp_common esp_driver_ana_cmpr esp_driver_bitscrambler esp_driver_cam esp_driver_dac esp_driver_dma esp_driver_gpio esp_driver_gptimer esp_driver_i2c esp_driver_i2s esp_driver_i3c esp_driver_isp esp_driver_jpeg esp_driver_ledc esp_driver_mcpwm esp_driver_parlio esp_driver_pcnt esp_driver_ppa esp_driver_rmt esp_driver_sd_intf esp_driver_sdio esp_driver_sdm esp_driver_sdmmc esp_driver_sdspi esp_driver_spi esp_driver_touch_sens esp_driver_tsens esp_driver_twai esp_driver_uart esp_driver_usb_serial_jtag esp_eth esp_event esp_gdbstub esp_hal_ana_cmpr esp_hal_ana_conv esp_hal_cam esp_hal_clock esp_hal_dma esp_hal_gpio esp_hal_gpspi esp_hal_i2c esp_hal_i2s esp_hal_ieee802154 esp_hal_jpeg esp_hal_lcd esp_hal_ledc esp_hal_mcpwm esp_hal_mspi esp_hal_parlio esp_hal_pcnt esp_hal_pmu esp_hal_ppa esp_hal_rmt esp_hal_rtc_timer esp_hal_sd esp_hal_security esp_hal_timg esp_hal_touch_sens esp_hal_twai esp_hal_uart esp_hal_usb esp_hal_wdt esp_hid esp_http_client esp_http_server esp_https_ota esp_https_server esp_hw_support esp_lcd esp_libc esp_local_ctrl esp_mm esp_netif esp_netif_stack esp_partition esp_phy esp_pm esp_psram esp_ringbuf esp_rom esp_security esp_stdio esp_system esp_timer esp_trace esp_usb_cdc_rom_console esp_wifi espcoredump esptool_py fatfs freertos hal heap http_parser idf_test ieee802154 joltwallet__littlefs log lwip main mbedtls nvs_flash nvs_sec_provider openthread partition_table perfmon protobuf-c protocomm pthread rt s3_board s3_storage sdmmc soc spi_flash spiffs tcp_transport ulp unity vfs wear_levelling wpa_supplicant xtensa
-- Component paths: /home/udaybhan/.espressif/v6.0.3/esp-idf/components/app_trace /home/udaybhan/.espressif/v6.0.3/esp-idf/components/app_update /home/udaybhan/.espressif/v6.0.3/esp-idf/components/bootloader /home/udaybhan/.espressif/v6.0.3/esp-idf/components/bootloader_support /home/udaybhan/.espressif/v6.0.3/esp-idf/components/bt /home/udaybhan/.espressif/v6.0.3/esp-idf/components/cmock /home/udaybhan/.espressif/v6.0.3/esp-idf/components/console /home/udaybhan/.espressif/v6.0.3/esp-idf/components/cxx /home/udaybhan/.espressif/v6.0.3/esp-idf/components/driver /home/udaybhan/.espressif/v6.0.3/esp-idf/components/efuse /home/udaybhan/.espressif/v6.0.3/esp-idf/components/esp-tls /home/udaybhan/.espressif/v6.0.3/esp-idf/components/esp_adc /home/udaybhan/.espressif/v6.0.3/esp-idf/components/esp_app_format /home/udaybhan/.espressif/v6.0.3/esp-idf/components/esp_blockdev /home/udaybhan/.espressif/v6.0.3/esp-idf/components/esp_blockdev_util /home/udaybhan/.espressif/v6.0.3/esp-idf/components/esp_bootloader_format /home/udaybhan/.espressif/v6.0.3/esp-idf/components/esp_coex /home/udaybhan/.espressif/v6.0.3/esp-idf/components/esp_common /home/udaybhan/.espressif/v6.0.3/esp-idf/components/esp_driver_ana_cmpr /home/udaybhan/.espressif/v6.0.3/esp-idf/components/esp_driver_bitscrambler /home/udaybhan/.espressif/v6.0.3/esp-idf/components/esp_driver_cam /home/udaybhan/.espressif/v6.0.3/esp-idf/components/esp_driver_dac /home/udaybhan/.espressif/v6.0.3/esp-idf/components/esp_driver_dma /home/udaybhan/.espressif/v6.0.3/esp-idf/components/esp_driver_gpio /home/udaybhan/.espressif/v6.0.3/esp-idf/components/esp_driver_gptimer /home/udaybhan/.espressif/v6.0.3/esp-idf/components/esp_driver_i2c /home/udaybhan/.espressif/v6.0.3/esp-idf/components/esp_driver_i2s /home/udaybhan/.espressif/v6.0.3/esp-idf/components/esp_driver_i3c /home/udaybhan/.espressif/v6.0.3/esp-idf/components/esp_driver_isp /home/udaybhan/.espressif/v6.0.3/esp-idf/components/esp_driver_jpeg /home/udaybhan/.espressif/v6.0.3/esp-idf/components/esp_driver_ledc /home/udaybhan/.espressif/v6.0.3/esp-idf/components/esp_driver_mcpwm /home/udaybhan/.espressif/v6.0.3/esp-idf/components/esp_driver_parlio /home/udaybhan/.espressif/v6.0.3/esp-idf/components/esp_driver_pcnt /home/udaybhan/.espressif/v6.0.3/esp-idf/components/esp_driver_ppa /home/udaybhan/.espressif/v6.0.3/esp-idf/components/esp_driver_rmt /home/udaybhan/.espressif/v6.0.3/esp-idf/components/esp_driver_sd_intf /home/udaybhan/.espressif/v6.0.3/esp-idf/components/esp_driver_sdio /home/udaybhan/.espressif/v6.0.3/esp-idf/components/esp_driver_sdm /home/udaybhan/.espressif/v6.0.3/esp-idf/components/esp_driver_sdmmc /home/udaybhan/.espressif/v6.0.3/esp-idf/components/esp_driver_sdspi /home/udaybhan/.espressif/v6.0.3/esp-idf/components/esp_driver_spi /home/udaybhan/.espressif/v6.0.3/esp-idf/components/esp_driver_touch_sens /home/udaybhan/.espressif/v6.0.3/esp-idf/components/esp_driver_tsens /home/udaybhan/.espressif/v6.0.3/esp-idf/components/esp_driver_twai /home/udaybhan/.espressif/v6.0.3/esp-idf/components/esp_driver_uart /home/udaybhan/.espressif/v6.0.3/esp-idf/components/esp_driver_usb_serial_jtag /home/udaybhan/.espressif/v6.0.3/esp-idf/components/esp_eth /home/udaybhan/.espressif/v6.0.3/esp-idf/components/esp_event /home/udaybhan/.espressif/v6.0.3/esp-idf/components/esp_gdbstub /home/udaybhan/.espressif/v6.0.3/esp-idf/components/esp_hal_ana_cmpr /home/udaybhan/.espressif/v6.0.3/esp-idf/components/esp_hal_ana_conv /home/udaybhan/.espressif/v6.0.3/esp-idf/components/esp_hal_cam /home/udaybhan/.espressif/v6.0.3/esp-idf/components/esp_hal_clock /home/udaybhan/.espressif/v6.0.3/esp-idf/components/esp_hal_dma /home/udaybhan/.espressif/v6.0.3/esp-idf/components/esp_hal_gpio /home/udaybhan/.espressif/v6.0.3/esp-idf/components/esp_hal_gpspi /home/udaybhan/.espressif/v6.0.3/esp-idf/components/esp_hal_i2c /home/udaybhan/.espressif/v6.0.3/esp-idf/components/esp_hal_i2s /home/udaybhan/.espressif/v6.0.3/esp-idf/components/esp_hal_ieee802154 /home/udaybhan/.espressif/v6.0.3/esp-idf/components/esp_hal_jpeg /home/udaybhan/.espressif/v6.0.3/esp-idf/components/esp_hal_lcd /home/udaybhan/.espressif/v6.0.3/esp-idf/components/esp_hal_ledc /home/udaybhan/.espressif/v6.0.3/esp-idf/components/esp_hal_mcpwm /home/udaybhan/.espressif/v6.0.3/esp-idf/components/esp_hal_mspi /home/udaybhan/.espressif/v6.0.3/esp-idf/components/esp_hal_parlio /home/udaybhan/.espressif/v6.0.3/esp-idf/components/esp_hal_pcnt /home/udaybhan/.espressif/v6.0.3/esp-idf/components/esp_hal_pmu /home/udaybhan/.espressif/v6.0.3/esp-idf/components/esp_hal_ppa /home/udaybhan/.espressif/v6.0.3/esp-idf/components/esp_hal_rmt /home/udaybhan/.espressif/v6.0.3/esp-idf/components/esp_hal_rtc_timer /home/udaybhan/.espressif/v6.0.3/esp-idf/components/esp_hal_sd /home/udaybhan/.espressif/v6.0.3/esp-idf/components/esp_hal_security /home/udaybhan/.espressif/v6.0.3/esp-idf/components/esp_hal_timg /home/udaybhan/.espressif/v6.0.3/esp-idf/components/esp_hal_touch_sens /home/udaybhan/.espressif/v6.0.3/esp-idf/components/esp_hal_twai /home/udaybhan/.espressif/v6.0.3/esp-idf/components/esp_hal_uart /home/udaybhan/.espressif/v6.0.3/esp-idf/components/esp_hal_usb /home/udaybhan/.espressif/v6.0.3/esp-idf/components/esp_hal_wdt /home/udaybhan/.espressif/v6.0.3/esp-idf/components/esp_hid /home/udaybhan/.espressif/v6.0.3/esp-idf/components/esp_http_client /home/udaybhan/.espressif/v6.0.3/esp-idf/components/esp_http_server /home/udaybhan/.espressif/v6.0.3/esp-idf/components/esp_https_ota /home/udaybhan/.espressif/v6.0.3/esp-idf/components/esp_https_server /home/udaybhan/.espressif/v6.0.3/esp-idf/components/esp_hw_support /home/udaybhan/.espressif/v6.0.3/esp-idf/components/esp_lcd /home/udaybhan/.espressif/v6.0.3/esp-idf/components/esp_libc /home/udaybhan/.espressif/v6.0.3/esp-idf/components/esp_local_ctrl /home/udaybhan/.espressif/v6.0.3/esp-idf/components/esp_mm /home/udaybhan/.espressif/v6.0.3/esp-idf/components/esp_netif /home/udaybhan/.espressif/v6.0.3/esp-idf/components/esp_netif_stack /home/udaybhan/.espressif/v6.0.3/esp-idf/components/esp_partition /home/udaybhan/.espressif/v6.0.3/esp-idf/components/esp_phy /home/udaybhan/.espressif/v6.0.3/esp-idf/components/esp_pm /home/udaybhan/.espressif/v6.0.3/esp-idf/components/esp_psram /home/udaybhan/.espressif/v6.0.3/esp-idf/components/esp_ringbuf /home/udaybhan/.espressif/v6.0.3/esp-idf/components/esp_rom /home/udaybhan/.espressif/v6.0.3/esp-idf/components/esp_security /home/udaybhan/.espressif/v6.0.3/esp-idf/components/esp_stdio /home/udaybhan/.espressif/v6.0.3/esp-idf/components/esp_system /home/udaybhan/.espressif/v6.0.3/esp-idf/components/esp_timer /home/udaybhan/.espressif/v6.0.3/esp-idf/components/esp_trace /home/udaybhan/.espressif/v6.0.3/esp-idf/components/esp_usb_cdc_rom_console /home/udaybhan/.espressif/v6.0.3/esp-idf/components/esp_wifi /home/udaybhan/.espressif/v6.0.3/esp-idf/components/espcoredump /home/udaybhan/.espressif/v6.0.3/esp-idf/components/esptool_py /home/udaybhan/.espressif/v6.0.3/esp-idf/components/fatfs /home/udaybhan/.espressif/v6.0.3/esp-idf/components/freertos /home/udaybhan/.espressif/v6.0.3/esp-idf/components/hal /home/udaybhan/.espressif/v6.0.3/esp-idf/components/heap /home/udaybhan/.espressif/v6.0.3/esp-idf/components/http_parser /home/udaybhan/.espressif/v6.0.3/esp-idf/components/idf_test /home/udaybhan/.espressif/v6.0.3/esp-idf/components/ieee802154 /home/udaybhan/projects/Ghar_sajag_r1_s3/code/ParivarSathi_v1.5.4_PWA_BatteryAnalytics_v3_4_2/firmware/hub/target/esp32s3/idf/managed_components/joltwallet__littlefs /home/udaybhan/.espressif/v6.0.3/esp-idf/components/log /home/udaybhan/.espressif/v6.0.3/esp-idf/components/lwip /home/udaybhan/projects/Ghar_sajag_r1_s3/code/ParivarSathi_v1.5.4_PWA_BatteryAnalytics_v3_4_2/firmware/hub/target/esp32/idf/main /home/udaybhan/.espressif/v6.0.3/esp-idf/components/mbedtls /home/udaybhan/.espressif/v6.0.3/esp-idf/components/nvs_flash /home/udaybhan/.espressif/v6.0.3/esp-idf/components/nvs_sec_provider /home/udaybhan/.espressif/v6.0.3/esp-idf/components/openthread /home/udaybhan/.espressif/v6.0.3/esp-idf/components/partition_table /home/udaybhan/.espressif/v6.0.3/esp-idf/components/perfmon /home/udaybhan/.espressif/v6.0.3/esp-idf/components/protobuf-c /home/udaybhan/.espressif/v6.0.3/esp-idf/components/protocomm /home/udaybhan/.espressif/v6.0.3/esp-idf/components/pthread /home/udaybhan/.espressif/v6.0.3/esp-idf/components/rt /home/udaybhan/projects/Ghar_sajag_r1_s3/code/ParivarSathi_v1.5.4_PWA_BatteryAnalytics_v3_4_2/firmware/hub/target/esp32s3/idf/s3_board /home/udaybhan/projects/Ghar_sajag_r1_s3/code/ParivarSathi_v1.5.4_PWA_BatteryAnalytics_v3_4_2/firmware/hub/target/esp32s3/idf/s3_storage /home/udaybhan/.espressif/v6.0.3/esp-idf/components/sdmmc /home/udaybhan/.espressif/v6.0.3/esp-idf/components/soc /home/udaybhan/.espressif/v6.0.3/esp-idf/components/spi_flash /home/udaybhan/.espressif/v6.0.3/esp-idf/components/spiffs /home/udaybhan/.espressif/v6.0.3/esp-idf/components/tcp_transport /home/udaybhan/.espressif/v6.0.3/esp-idf/components/ulp /home/udaybhan/.espressif/v6.0.3/esp-idf/components/unity /home/udaybhan/.espressif/v6.0.3/esp-idf/components/vfs /home/udaybhan/.espressif/v6.0.3/esp-idf/components/wear_levelling /home/udaybhan/.espressif/v6.0.3/esp-idf/components/wpa_supplicant /home/udaybhan/.espressif/v6.0.3/esp-idf/components/xtensa
-- Configuring done (83.3s)
-- Generating done (4.9s)
-- Build files have been written to: /tmp/p2c-closeout-20261010/s3-build
Running ninja in directory /tmp/p2c-closeout-20261010/s3-build
Executing "ninja all"...
[1/1116] Generating project_elf_src_esp32s3.c
[2/1116] Preprocessing linker script /home/udaybhan/.espressif/v6.0.3/esp-idf/components/esp_system/ld/esp32s3/sections.ld.in -> /tmp/p2c-closeout-20261010/s3-build/esp-idf/esp_system/ld/sections.ld.in
[3/1116] Preprocessing linker script /home/udaybhan/.espressif/v6.0.3/esp-idf/components/esp_system/ld/esp32s3/memory.ld.in -> /tmp/p2c-closeout-20261010/s3-build/esp-idf/esp_system/ld/memory.ld
[4/1116] Generating ../../ota_data_initial.bin
[5/1116] Generating ../../partition_table/partition-table.bin
Partition table binary generated. Contents:
*******************************************************************************
# ESP-IDF Partition Table
# Name, Type, SubType, Offset, Size, Flags
nvs,data,nvs,0x9000,24K,
otadata,data,ota,0xf000,8K,
phy_init,data,phy,0x11000,4K,
ota_0,app,ota_0,0x20000,4M,
ota_1,app,ota_1,0x420000,4M,
gs_journal,data,nvs,0x820000,2M,
*******************************************************************************
[6/1116] Building C object esp-idf/esp_http_server/CMakeFiles/__idf_esp_http_server.dir/src/httpd_sess.c.obj
[7/1116] Building C object esp-idf/esp_http_server/CMakeFiles/__idf_esp_http_server.dir/src/httpd_main.c.obj
[8/1116] Building C object esp-idf/esp_http_server/CMakeFiles/__idf_esp_http_server.dir/src/httpd_uri.c.obj
[9/1116] Building C object esp-idf/esp_http_server/CMakeFiles/__idf_esp_http_server.dir/src/httpd_txrx.c.obj
[10/1116] Building C object esp-idf/esp_https_ota/CMakeFiles/__idf_esp_https_ota.dir/src/esp_https_ota.c.obj
[11/1116] Linking C static library esp-idf/esp_https_ota/libesp_https_ota.a
[12/1116] Building C object esp-idf/esp_http_server/CMakeFiles/__idf_esp_http_server.dir/src/httpd_parse.c.obj
[13/1116] Building C object esp-idf/esp_http_server/CMakeFiles/__idf_esp_http_server.dir/src/httpd_ws.c.obj
[14/1116] Building C object esp-idf/esp_http_server/CMakeFiles/__idf_esp_http_server.dir/src/util/ctrl_sock.c.obj
[15/1116] Linking C static library esp-idf/esp_http_server/libesp_http_server.a
[16/1116] Building C object esp-idf/esp_http_client/CMakeFiles/__idf_esp_http_client.dir/lib/http_header.c.obj
[17/1116] Building C object esp-idf/esp_http_client/CMakeFiles/__idf_esp_http_client.dir/lib/http_utils.c.obj
[18/1116] Building C object esp-idf/esp_http_client/CMakeFiles/__idf_esp_http_client.dir/lib/http_auth.c.obj
[19/1116] Building C object esp-idf/tcp_transport/CMakeFiles/__idf_tcp_transport.dir/transport.c.obj
[20/1116] Building C object esp-idf/tcp_transport/CMakeFiles/__idf_tcp_transport.dir/transport_internal.c.obj
[21/1116] Building C object esp-idf/tcp_transport/CMakeFiles/__idf_tcp_transport.dir/transport_socks_proxy.c.obj
[22/1116] Building C object esp-idf/tcp_transport/CMakeFiles/__idf_tcp_transport.dir/transport_ssl.c.obj
[23/1116] Building C object esp-idf/esp_driver_i2s/CMakeFiles/__idf_esp_driver_i2s.dir/i2s_std.c.obj
[24/1116] Building C object esp-idf/esp_driver_i2s/CMakeFiles/__idf_esp_driver_i2s.dir/i2s_tdm.c.obj
[25/1116] Building C object esp-idf/esp_driver_i2s/CMakeFiles/__idf_esp_driver_i2s.dir/i2s_pdm.c.obj
[26/1116] Building C object esp-idf/esp_driver_i2s/CMakeFiles/__idf_esp_driver_i2s.dir/i2s_platform.c.obj
[27/1116] Building C object esp-idf/esp_http_client/CMakeFiles/__idf_esp_http_client.dir/esp_http_client.c.obj
[28/1116] Building C object esp-idf/esp_driver_i2s/CMakeFiles/__idf_esp_driver_i2s.dir/i2s_common.c.obj
[29/1116] Linking C static library esp-idf/esp_http_client/libesp_http_client.a
[30/1116] Building C object esp-idf/tcp_transport/CMakeFiles/__idf_tcp_transport.dir/transport_ws.c.obj
[31/1116] Building C object esp-idf/esp_adc/CMakeFiles/__idf_esp_adc.dir/adc_cali.c.obj
[32/1116] Linking C static library esp-idf/tcp_transport/libtcp_transport.a
[33/1116] Building C object esp-idf/esp_adc/CMakeFiles/__idf_esp_adc.dir/adc_cali_curve_fitting.c.obj
[34/1116] Building C object esp-idf/esp_adc/CMakeFiles/__idf_esp_adc.dir/adc_common.c.obj
[35/1116] Building C object esp-idf/esp_adc/CMakeFiles/__idf_esp_adc.dir/esp32s3/curve_fitting_coefficients.c.obj
[36/1116] Building C object esp-idf/esp_adc/CMakeFiles/__idf_esp_adc.dir/gdma/adc_dma.c.obj
[37/1116] Building C object esp-idf/esp_adc/CMakeFiles/__idf_esp_adc.dir/adc_oneshot.c.obj
[38/1116] Linking C static library esp-idf/esp_driver_i2s/libesp_driver_i2s.a
[39/1116] Building C object esp-idf/esp_adc/CMakeFiles/__idf_esp_adc.dir/adc_monitor.c.obj
[40/1116] Building C object esp-idf/esp-tls/CMakeFiles/__idf_esp-tls.dir/esp-tls-crypto/esp_tls_crypto.c.obj
[41/1116] Building C object esp-idf/esp-tls/CMakeFiles/__idf_esp-tls.dir/esp_tls_platform_port.c.obj
[42/1116] Building C object esp-idf/esp_adc/CMakeFiles/__idf_esp_adc.dir/adc_filter.c.obj
[43/1116] Building C object esp-idf/esp-tls/CMakeFiles/__idf_esp-tls.dir/esp_tls_error_capture.c.obj
[44/1116] Building C object esp-idf/esp_adc/CMakeFiles/__idf_esp_adc.dir/adc_continuous.c.obj
[45/1116] Linking C static library esp-idf/esp_adc/libesp_adc.a
[46/1116] Building C object esp-idf/esp_hal_i2c/CMakeFiles/__idf_esp_hal_i2c.dir/esp32s3/i2c_periph.c.obj
[47/1116] Building C object esp-idf/esp_hal_i2c/CMakeFiles/__idf_esp_hal_i2c.dir/i2c_hal_iram.c.obj
[48/1116] Building C object esp-idf/esp_hal_i2c/CMakeFiles/__idf_esp_hal_i2c.dir/i2c_hal.c.obj
[49/1116] Building C object esp-idf/esp_gdbstub/CMakeFiles/__idf_esp_gdbstub.dir/src/gdbstub_transport.c.obj
[50/1116] Building C object esp-idf/esp_gdbstub/CMakeFiles/__idf_esp_gdbstub.dir/src/packet.c.obj
[51/1116] Building ASM object esp-idf/esp_gdbstub/CMakeFiles/__idf_esp_gdbstub.dir/src/port/xtensa/gdbstub-entry.S.obj
[52/1116] Building C object esp-idf/esp-tls/CMakeFiles/__idf_esp-tls.dir/esp_tls.c.obj
[53/1116] Building ASM object esp-idf/esp_gdbstub/CMakeFiles/__idf_esp_gdbstub.dir/src/port/xtensa/xt_debugexception.S.obj
[54/1116] Building C object esp-idf/esp_gdbstub/CMakeFiles/__idf_esp_gdbstub.dir/src/gdbstub.c.obj
[55/1116] Building C object esp-idf/esp_wifi/CMakeFiles/__idf_esp_wifi.dir/src/lib_printf.c.obj
[56/1116] Building C object esp-idf/esp_wifi/CMakeFiles/__idf_esp_wifi.dir/src/mesh_event.c.obj
[57/1116] Building C object esp-idf/esp_gdbstub/CMakeFiles/__idf_esp_gdbstub.dir/src/port/xtensa/gdbstub_xtensa.c.obj
[58/1116] Building C object esp-idf/esp_wifi/CMakeFiles/__idf_esp_wifi.dir/src/smartconfig.c.obj
[59/1116] Building C object esp-idf/esp_wifi/CMakeFiles/__idf_esp_wifi.dir/src/wifi_default_ap.c.obj
[60/1116] Building C object esp-idf/esp_wifi/CMakeFiles/__idf_esp_wifi.dir/src/wifi_init.c.obj
[61/1116] Building C object esp-idf/esp-tls/CMakeFiles/__idf_esp-tls.dir/esp_tls_mbedtls.c.obj
[62/1116] Linking C static library esp-idf/esp-tls/libesp-tls.a
[63/1116] Building C object esp-idf/esp_wifi/CMakeFiles/__idf_esp_wifi.dir/src/wifi_default.c.obj
[64/1116] Building C object esp-idf/esp_wifi/CMakeFiles/__idf_esp_wifi.dir/src/wifi_netif.c.obj
[65/1116] Building C object esp-idf/esp_coex/CMakeFiles/__idf_esp_coex.dir/src/coexist_debug_diagram.c.obj
[66/1116] Building C object esp-idf/esp_wifi/CMakeFiles/__idf_esp_wifi.dir/regulatory/esp_wifi_regulatory.c.obj
[67/1116] Building C object esp-idf/esp_coex/CMakeFiles/__idf_esp_coex.dir/src/coexist_debug.c.obj
[68/1116] Building C object esp-idf/esp_coex/CMakeFiles/__idf_esp_coex.dir/esp32s3/esp_coex_adapter.c.obj
[69/1116] Building C object esp-idf/wpa_supplicant/CMakeFiles/__idf_wpa_supplicant.dir/port/os_xtensa.c.obj
[70/1116] Building C object esp-idf/esp_wifi/CMakeFiles/__idf_esp_wifi.dir/esp32s3/esp_adapter.c.obj
[71/1116] Building C object esp-idf/esp_wifi/CMakeFiles/__idf_esp_wifi.dir/src/smartconfig_ack.c.obj
[72/1116] Building C object esp-idf/wpa_supplicant/CMakeFiles/__idf_wpa_supplicant.dir/src/ap/ap_config.c.obj
[73/1116] Building C object esp-idf/wpa_supplicant/CMakeFiles/__idf_wpa_supplicant.dir/port/eloop.c.obj
[74/1116] Building C object esp-idf/wpa_supplicant/CMakeFiles/__idf_wpa_supplicant.dir/src/ap/ieee802_1x.c.obj
[75/1116] Building C object esp-idf/wpa_supplicant/CMakeFiles/__idf_wpa_supplicant.dir/src/ap/pmksa_cache_auth.c.obj
[76/1116] Building C object esp-idf/wpa_supplicant/CMakeFiles/__idf_wpa_supplicant.dir/src/ap/wpa_auth_ie.c.obj
[77/1116] Building C object esp-idf/http_parser/CMakeFiles/__idf_http_parser.dir/http_parser.c.obj
[78/1116] Building C object esp-idf/wpa_supplicant/CMakeFiles/__idf_wpa_supplicant.dir/src/ap/sta_info.c.obj
[79/1116] Linking C static library esp-idf/http_parser/libhttp_parser.a
[80/1116] Linking C static library esp-idf/esp_hal_i2c/libesp_hal_i2c.a
[81/1116] Linking C static library esp-idf/esp_gdbstub/libesp_gdbstub.a
[82/1116] Linking C static library esp-idf/esp_wifi/libesp_wifi.a
[83/1116] Building C object esp-idf/wpa_supplicant/CMakeFiles/__idf_wpa_supplicant.dir/src/ap/ieee802_11.c.obj
[84/1116] Building C object esp-idf/wpa_supplicant/CMakeFiles/__idf_wpa_supplicant.dir/src/ap/comeback_token.c.obj
[85/1116] Building C object esp-idf/wpa_supplicant/CMakeFiles/__idf_wpa_supplicant.dir/src/common/dragonfly.c.obj
[86/1116] Building C object esp-idf/wpa_supplicant/CMakeFiles/__idf_wpa_supplicant.dir/src/utils/bitfield.c.obj
[87/1116] Building C object esp-idf/wpa_supplicant/CMakeFiles/__idf_wpa_supplicant.dir/src/crypto/aes-siv.c.obj
[88/1116] Building C object esp-idf/wpa_supplicant/CMakeFiles/__idf_wpa_supplicant.dir/src/crypto/sha256-kdf.c.obj
[89/1116] Building C object esp-idf/wpa_supplicant/CMakeFiles/__idf_wpa_supplicant.dir/src/crypto/crypto_ops.c.obj
[90/1116] Building C object esp-idf/wpa_supplicant/CMakeFiles/__idf_wpa_supplicant.dir/src/crypto/ccmp.c.obj
[91/1116] Building C object esp-idf/wpa_supplicant/CMakeFiles/__idf_wpa_supplicant.dir/src/ap/wpa_auth.c.obj
[92/1116] Building C object esp-idf/wpa_supplicant/CMakeFiles/__idf_wpa_supplicant.dir/src/crypto/aes-gcm.c.obj
[93/1116] Building C object esp-idf/wpa_supplicant/CMakeFiles/__idf_wpa_supplicant.dir/src/crypto/dh_group5.c.obj
[94/1116] Building C object esp-idf/wpa_supplicant/CMakeFiles/__idf_wpa_supplicant.dir/src/common/wpa_common.c.obj
[95/1116] Building C object esp-idf/wpa_supplicant/CMakeFiles/__idf_wpa_supplicant.dir/src/crypto/dh_groups.c.obj
[96/1116] Building C object esp-idf/wpa_supplicant/CMakeFiles/__idf_wpa_supplicant.dir/src/crypto/sha256-tlsprf.c.obj
[97/1116] Building C object esp-idf/wpa_supplicant/CMakeFiles/__idf_wpa_supplicant.dir/src/crypto/sha1-tlsprf.c.obj
[98/1116] Building C object esp-idf/wpa_supplicant/CMakeFiles/__idf_wpa_supplicant.dir/src/crypto/sha384-tlsprf.c.obj
[99/1116] Building C object esp-idf/wpa_supplicant/CMakeFiles/__idf_wpa_supplicant.dir/src/crypto/ms_funcs.c.obj
[100/1116] Building C object esp-idf/wpa_supplicant/CMakeFiles/__idf_wpa_supplicant.dir/src/crypto/sha256-prf.c.obj
[101/1116] Building C object esp-idf/wpa_supplicant/CMakeFiles/__idf_wpa_supplicant.dir/src/crypto/sha1-prf.c.obj
[102/1116] Building C object esp-idf/wpa_supplicant/CMakeFiles/__idf_wpa_supplicant.dir/src/common/sae.c.obj
[103/1116] Building C object esp-idf/wpa_supplicant/CMakeFiles/__idf_wpa_supplicant.dir/src/crypto/sha384-prf.c.obj
[104/1116] Building C object esp-idf/wpa_supplicant/CMakeFiles/__idf_wpa_supplicant.dir/src/crypto/sha1-tprf.c.obj
[105/1116] Building C object esp-idf/wpa_supplicant/CMakeFiles/__idf_wpa_supplicant.dir/src/crypto/md4-internal.c.obj
[106/1116] Building C object esp-idf/wpa_supplicant/CMakeFiles/__idf_wpa_supplicant.dir/src/eap_common/eap_wsc_common.c.obj
[107/1116] Building C object esp-idf/wpa_supplicant/CMakeFiles/__idf_wpa_supplicant.dir/src/eap_peer/chap.c.obj
[108/1116] Building C object esp-idf/wpa_supplicant/CMakeFiles/__idf_wpa_supplicant.dir/src/common/ieee802_11_common.c.obj
[109/1116] Building C object esp-idf/wpa_supplicant/CMakeFiles/__idf_wpa_supplicant.dir/src/eap_peer/eap_common.c.obj
[110/1116] Building C object esp-idf/wpa_supplicant/CMakeFiles/__idf_wpa_supplicant.dir/src/eap_peer/eap_peap_common.c.obj
[111/1116] Building C object esp-idf/wpa_supplicant/CMakeFiles/__idf_wpa_supplicant.dir/src/eap_peer/eap_mschapv2.c.obj
[112/1116] Building C object esp-idf/wpa_supplicant/CMakeFiles/__idf_wpa_supplicant.dir/src/eap_peer/eap_tls.c.obj
[113/1116] Building C object esp-idf/wpa_supplicant/CMakeFiles/__idf_wpa_supplicant.dir/src/eap_peer/eap.c.obj
[114/1116] Building C object esp-idf/wpa_supplicant/CMakeFiles/__idf_wpa_supplicant.dir/src/eap_peer/mschapv2.c.obj
[115/1116] Building C object esp-idf/wpa_supplicant/CMakeFiles/__idf_wpa_supplicant.dir/src/eap_peer/eap_peap.c.obj
[116/1116] Building C object esp-idf/wpa_supplicant/CMakeFiles/__idf_wpa_supplicant.dir/src/eap_peer/eap_tls_common.c.obj
[117/1116] Building C object esp-idf/wpa_supplicant/CMakeFiles/__idf_wpa_supplicant.dir/src/eap_peer/eap_fast_common.c.obj
[118/1116] Building C object esp-idf/wpa_supplicant/CMakeFiles/__idf_wpa_supplicant.dir/src/eap_peer/eap_ttls.c.obj
[119/1116] Building C object esp-idf/wpa_supplicant/CMakeFiles/__idf_wpa_supplicant.dir/src/rsn_supp/pmksa_cache.c.obj
[120/1116] Building C object esp-idf/wpa_supplicant/CMakeFiles/__idf_wpa_supplicant.dir/src/eap_peer/eap_fast_pac.c.obj
[121/1116] Building C object esp-idf/wpa_supplicant/CMakeFiles/__idf_wpa_supplicant.dir/src/rsn_supp/wpa_ie.c.obj
[122/1116] Building C object esp-idf/wpa_supplicant/CMakeFiles/__idf_wpa_supplicant.dir/src/utils/ext_password.c.obj
[123/1116] Building C object esp-idf/wpa_supplicant/CMakeFiles/__idf_wpa_supplicant.dir/src/utils/base64.c.obj
[124/1116] Building C object esp-idf/wpa_supplicant/CMakeFiles/__idf_wpa_supplicant.dir/src/utils/uuid.c.obj
[125/1116] Building C object esp-idf/wpa_supplicant/CMakeFiles/__idf_wpa_supplicant.dir/src/utils/wpa_debug.c.obj
[126/1116] Building C object esp-idf/wpa_supplicant/CMakeFiles/__idf_wpa_supplicant.dir/src/eap_peer/eap_fast.c.obj
[127/1116] Building C object esp-idf/wpa_supplicant/CMakeFiles/__idf_wpa_supplicant.dir/src/utils/common.c.obj
[128/1116] Building C object esp-idf/wpa_supplicant/CMakeFiles/__idf_wpa_supplicant.dir/src/utils/wpabuf.c.obj
[129/1116] Building C object esp-idf/wpa_supplicant/CMakeFiles/__idf_wpa_supplicant.dir/src/utils/json.c.obj
[130/1116] Building C object esp-idf/wpa_supplicant/CMakeFiles/__idf_wpa_supplicant.dir/src/wps/wps_attr_process.c.obj
[131/1116] Building C object esp-idf/wpa_supplicant/CMakeFiles/__idf_wpa_supplicant.dir/src/rsn_supp/wpa.c.obj
[132/1116] Building C object esp-idf/wpa_supplicant/CMakeFiles/__idf_wpa_supplicant.dir/src/wps/wps_attr_build.c.obj
[133/1116] Building C object esp-idf/wpa_supplicant/CMakeFiles/__idf_wpa_supplicant.dir/src/wps/wps_attr_parse.c.obj
[134/1116] Building C object esp-idf/wpa_supplicant/CMakeFiles/__idf_wpa_supplicant.dir/src/wps/wps.c.obj
[135/1116] Building C object esp-idf/wpa_supplicant/CMakeFiles/__idf_wpa_supplicant.dir/esp_supplicant/src/esp_wpa2_api_port.c.obj
[136/1116] Building C object esp-idf/wpa_supplicant/CMakeFiles/__idf_wpa_supplicant.dir/src/wps/wps_dev_attr.c.obj
[137/1116] Building C object esp-idf/wpa_supplicant/CMakeFiles/__idf_wpa_supplicant.dir/src/wps/wps_common.c.obj
[138/1116] Building C object esp-idf/wpa_supplicant/CMakeFiles/__idf_wpa_supplicant.dir/src/common/sae_pk.c.obj
[139/1116] Building C object esp-idf/wpa_supplicant/CMakeFiles/__idf_wpa_supplicant.dir/esp_supplicant/src/esp_wpas_glue.c.obj
[140/1116] Building C object esp-idf/wpa_supplicant/CMakeFiles/__idf_wpa_supplicant.dir/esp_supplicant/src/esp_wpa_main.c.obj
[141/1116] Building C object esp-idf/wpa_supplicant/CMakeFiles/__idf_wpa_supplicant.dir/src/wps/wps_enrollee.c.obj
[142/1116] Building C object esp-idf/wpa_supplicant/CMakeFiles/__idf_wpa_supplicant.dir/esp_supplicant/src/esp_common.c.obj
[143/1116] Building C object esp-idf/wpa_supplicant/CMakeFiles/__idf_wpa_supplicant.dir/esp_supplicant/src/esp_owe.c.obj
[144/1116] Building C object esp-idf/wpa_supplicant/CMakeFiles/__idf_wpa_supplicant.dir/esp_supplicant/src/esp_eap_client.c.obj
[145/1116] Building C object esp-idf/wpa_supplicant/CMakeFiles/__idf_wpa_supplicant.dir/esp_supplicant/src/esp_hostap.c.obj
[146/1116] Building C object esp-idf/wpa_supplicant/CMakeFiles/__idf_wpa_supplicant.dir/esp_supplicant/src/esp_wpa3.c.obj
[147/1116] Building C object esp-idf/wpa_supplicant/CMakeFiles/__idf_wpa_supplicant.dir/esp_supplicant/src/esp_wps.c.obj
[148/1116] Building C object esp-idf/wpa_supplicant/CMakeFiles/__idf_wpa_supplicant.dir/esp_supplicant/src/crypto/tls_mbedtls.c.obj
[149/1116] Building C object esp-idf/wpa_supplicant/CMakeFiles/__idf_wpa_supplicant.dir/esp_supplicant/src/crypto/fastpsk.c.obj
[150/1116] Building C object esp-idf/wpa_supplicant/CMakeFiles/__idf_wpa_supplicant.dir/esp_supplicant/src/crypto/crypto_mbedtls.c.obj
[151/1116] Building C object esp-idf/wpa_supplicant/CMakeFiles/__idf_wpa_supplicant.dir/esp_supplicant/src/crypto/crypto_mbedtls-rsa.c.obj
[152/1116] Building C object esp-idf/wpa_supplicant/CMakeFiles/__idf_wpa_supplicant.dir/src/crypto/rc4.c.obj
[153/1116] Building C object esp-idf/wpa_supplicant/CMakeFiles/__idf_wpa_supplicant.dir/src/crypto/aes-wrap.c.obj
[154/1116] Linking C static library esp-idf/esp_coex/libesp_coex.a
[155/1116] Building C object esp-idf/wpa_supplicant/CMakeFiles/__idf_wpa_supplicant.dir/src/crypto/des-internal.c.obj
[156/1116] Building C object esp-idf/wpa_supplicant/CMakeFiles/__idf_wpa_supplicant.dir/esp_supplicant/src/crypto/crypto_mbedtls-bignum.c.obj
[157/1116] Building C object esp-idf/esp_netif/CMakeFiles/__idf_esp_netif.dir/esp_netif_objects.c.obj
[158/1116] Building C object esp-idf/wpa_supplicant/CMakeFiles/__idf_wpa_supplicant.dir/src/crypto/aes-unwrap.c.obj
[159/1116] Building C object esp-idf/esp_netif/CMakeFiles/__idf_esp_netif.dir/esp_netif_defaults.c.obj
[160/1116] Building C object esp-idf/esp_netif/CMakeFiles/__idf_esp_netif.dir/esp_netif_handlers.c.obj
[161/1116] Building C object esp-idf/wpa_supplicant/CMakeFiles/__idf_wpa_supplicant.dir/src/crypto/aes-ccm.c.obj
[162/1116] Building C object esp-idf/esp_netif/CMakeFiles/__idf_esp_netif.dir/lwip/esp_netif_lwip_defaults.c.obj
[163/1116] Building C object esp-idf/esp_netif/CMakeFiles/__idf_esp_netif.dir/lwip/esp_netif_sntp.c.obj
[164/1116] Building C object esp-idf/esp_netif/CMakeFiles/__idf_esp_netif.dir/lwip/netif/wlanif.c.obj
[165/1116] Building C object esp-idf/esp_netif/CMakeFiles/__idf_esp_netif.dir/lwip/netif/ethernetif.c.obj
[166/1116] Building C object esp-idf/esp_netif/CMakeFiles/__idf_esp_netif.dir/lwip/netif/esp_pbuf_ref.c.obj
[167/1116] Building C object esp-idf/lwip/CMakeFiles/__idf_lwip.dir/apps/sntp/sntp.c.obj
[168/1116] Building C object esp-idf/lwip/CMakeFiles/__idf_lwip.dir/lwip/src/api/err.c.obj
[169/1116] Building C object esp-idf/lwip/CMakeFiles/__idf_lwip.dir/lwip/src/api/if_api.c.obj
[170/1116] Building C object esp-idf/lwip/CMakeFiles/__idf_lwip.dir/lwip/src/api/netbuf.c.obj
[171/1116] Building C object esp-idf/lwip/CMakeFiles/__idf_lwip.dir/lwip/src/api/api_lib.c.obj
[172/1116] Building C object esp-idf/lwip/CMakeFiles/__idf_lwip.dir/lwip/src/api/netifapi.c.obj
[173/1116] Building C object esp-idf/lwip/CMakeFiles/__idf_lwip.dir/lwip/src/api/netdb.c.obj
[174/1116] Building C object esp-idf/wpa_supplicant/CMakeFiles/__idf_wpa_supplicant.dir/esp_supplicant/src/crypto/crypto_mbedtls-ec.c.obj
[175/1116] Building C object esp-idf/lwip/CMakeFiles/__idf_lwip.dir/lwip/src/api/api_msg.c.obj
[176/1116] Building C object esp-idf/lwip/CMakeFiles/__idf_lwip.dir/lwip/src/api/tcpip.c.obj
[177/1116] Linking C static library esp-idf/wpa_supplicant/libwpa_supplicant.a
[178/1116] Building C object esp-idf/lwip/CMakeFiles/__idf_lwip.dir/lwip/src/apps/sntp/sntp.c.obj
[179/1116] Building C object esp-idf/lwip/CMakeFiles/__idf_lwip.dir/lwip/src/core/def.c.obj
[180/1116] Building C object esp-idf/lwip/CMakeFiles/__idf_lwip.dir/lwip/src/apps/netbiosns/netbiosns.c.obj
[181/1116] Building C object esp-idf/esp_netif/CMakeFiles/__idf_esp_netif.dir/lwip/esp_netif_lwip.c.obj
[182/1116] Building C object esp-idf/lwip/CMakeFiles/__idf_lwip.dir/lwip/src/core/init.c.obj
[183/1116] Building C object esp-idf/lwip/CMakeFiles/__idf_lwip.dir/lwip/src/core/mem.c.obj
[184/1116] Building C object esp-idf/lwip/CMakeFiles/__idf_lwip.dir/lwip/src/core/inet_chksum.c.obj
[185/1116] Building C object esp-idf/lwip/CMakeFiles/__idf_lwip.dir/lwip/src/core/ip.c.obj
[186/1116] Building C object esp-idf/lwip/CMakeFiles/__idf_lwip.dir/lwip/src/core/memp.c.obj
[187/1116] Building C object esp-idf/lwip/CMakeFiles/__idf_lwip.dir/lwip/src/core/stats.c.obj
[188/1116] Building C object esp-idf/lwip/CMakeFiles/__idf_lwip.dir/lwip/src/core/sys.c.obj
[189/1116] Building C object esp-idf/lwip/CMakeFiles/__idf_lwip.dir/lwip/src/core/dns.c.obj
[190/1116] Building C object esp-idf/lwip/CMakeFiles/__idf_lwip.dir/lwip/src/core/raw.c.obj
[191/1116] Building C object esp-idf/lwip/CMakeFiles/__idf_lwip.dir/lwip/src/core/pbuf.c.obj
[192/1116] Building C object esp-idf/lwip/CMakeFiles/__idf_lwip.dir/lwip/src/core/netif.c.obj
[193/1116] Building C object esp-idf/lwip/CMakeFiles/__idf_lwip.dir/lwip/src/api/sockets.c.obj
[194/1116] Building C object esp-idf/lwip/CMakeFiles/__idf_lwip.dir/lwip/src/core/timeouts.c.obj
[195/1116] Building C object esp-idf/lwip/CMakeFiles/__idf_lwip.dir/lwip/src/core/ipv4/autoip.c.obj
[196/1116] Building C object esp-idf/lwip/CMakeFiles/__idf_lwip.dir/lwip/src/core/tcp_out.c.obj
[197/1116] Building C object esp-idf/lwip/CMakeFiles/__idf_lwip.dir/lwip/src/core/tcp.c.obj
[198/1116] Building C object esp-idf/lwip/CMakeFiles/__idf_lwip.dir/lwip/src/core/udp.c.obj
[199/1116] Building C object esp-idf/lwip/CMakeFiles/__idf_lwip.dir/lwip/src/core/ipv4/etharp.c.obj
[200/1116] Building C object esp-idf/lwip/CMakeFiles/__idf_lwip.dir/lwip/src/core/tcp_in.c.obj
[201/1116] Building C object esp-idf/lwip/CMakeFiles/__idf_lwip.dir/lwip/src/core/ipv4/icmp.c.obj
[202/1116] Building C object esp-idf/lwip/CMakeFiles/__idf_lwip.dir/lwip/src/core/ipv4/ip4_napt.c.obj
[203/1116] Building C object esp-idf/lwip/CMakeFiles/__idf_lwip.dir/lwip/src/core/ipv4/igmp.c.obj
[204/1116] Building C object esp-idf/lwip/CMakeFiles/__idf_lwip.dir/lwip/src/core/ipv6/dhcp6.c.obj
[205/1116] Building C object esp-idf/lwip/CMakeFiles/__idf_lwip.dir/lwip/src/core/ipv4/ip4_frag.c.obj
[206/1116] Building C object esp-idf/lwip/CMakeFiles/__idf_lwip.dir/lwip/src/core/ipv4/ip4.c.obj
[207/1116] Building C object esp-idf/lwip/CMakeFiles/__idf_lwip.dir/lwip/src/core/ipv4/ip4_addr.c.obj
[208/1116] Building C object esp-idf/lwip/CMakeFiles/__idf_lwip.dir/lwip/src/core/ipv4/dhcp.c.obj
[209/1116] Building C object esp-idf/lwip/CMakeFiles/__idf_lwip.dir/lwip/src/core/ipv6/ethip6.c.obj
[210/1116] Building C object esp-idf/lwip/CMakeFiles/__idf_lwip.dir/lwip/src/core/ipv6/inet6.c.obj
[211/1116] Building C object esp-idf/lwip/CMakeFiles/__idf_lwip.dir/lwip/src/core/ipv6/icmp6.c.obj
[212/1116] Building C object esp-idf/lwip/CMakeFiles/__idf_lwip.dir/lwip/src/core/ipv6/ip6_frag.c.obj
[213/1116] Building C object esp-idf/lwip/CMakeFiles/__idf_lwip.dir/lwip/src/core/ipv6/ip6_addr.c.obj
[214/1116] Building C object esp-idf/lwip/CMakeFiles/__idf_lwip.dir/lwip/src/netif/bridgeif.c.obj
[215/1116] Building C object esp-idf/lwip/CMakeFiles/__idf_lwip.dir/lwip/src/core/ipv6/mld6.c.obj
[216/1116] Building C object esp-idf/lwip/CMakeFiles/__idf_lwip.dir/lwip/src/netif/ethernet.c.obj
[217/1116] Building C object esp-idf/lwip/CMakeFiles/__idf_lwip.dir/lwip/src/netif/slipif.c.obj
[218/1116] Building C object esp-idf/lwip/CMakeFiles/__idf_lwip.dir/lwip/src/netif/bridgeif_fdb.c.obj
[219/1116] Building C object esp-idf/lwip/CMakeFiles/__idf_lwip.dir/lwip/src/netif/ppp/ccp.c.obj
[220/1116] Building C object esp-idf/lwip/CMakeFiles/__idf_lwip.dir/lwip/src/netif/ppp/auth.c.obj
[221/1116] Building C object esp-idf/lwip/CMakeFiles/__idf_lwip.dir/lwip/src/core/ipv6/ip6.c.obj
[222/1116] Building C object esp-idf/lwip/CMakeFiles/__idf_lwip.dir/lwip/src/netif/ppp/chap-md5.c.obj
[223/1116] Building C object esp-idf/lwip/CMakeFiles/__idf_lwip.dir/lwip/src/netif/ppp/chap_ms.c.obj
[224/1116] Building C object esp-idf/lwip/CMakeFiles/__idf_lwip.dir/lwip/src/netif/ppp/chap-new.c.obj
[225/1116] Building C object esp-idf/lwip/CMakeFiles/__idf_lwip.dir/lwip/src/netif/ppp/demand.c.obj
[226/1116] Building C object esp-idf/lwip/CMakeFiles/__idf_lwip.dir/lwip/src/netif/ppp/eap.c.obj
[227/1116] Building C object esp-idf/lwip/CMakeFiles/__idf_lwip.dir/lwip/src/netif/ppp/fsm.c.obj
[228/1116] Building C object esp-idf/lwip/CMakeFiles/__idf_lwip.dir/lwip/src/netif/ppp/ecp.c.obj
[229/1116] Building C object esp-idf/lwip/CMakeFiles/__idf_lwip.dir/lwip/src/netif/ppp/eui64.c.obj
[230/1116] Building C object esp-idf/lwip/CMakeFiles/__idf_lwip.dir/lwip/src/netif/ppp/ipv6cp.c.obj
[231/1116] Building C object esp-idf/lwip/CMakeFiles/__idf_lwip.dir/lwip/src/netif/ppp/ipcp.c.obj
[232/1116] Building C object esp-idf/lwip/CMakeFiles/__idf_lwip.dir/lwip/src/netif/ppp/magic.c.obj
[233/1116] Building C object esp-idf/lwip/CMakeFiles/__idf_lwip.dir/lwip/src/netif/ppp/lcp.c.obj
[234/1116] Building C object esp-idf/lwip/CMakeFiles/__idf_lwip.dir/lwip/src/netif/ppp/multilink.c.obj
[235/1116] Building C object esp-idf/lwip/CMakeFiles/__idf_lwip.dir/lwip/src/netif/ppp/mppe.c.obj
[236/1116] Building C object esp-idf/lwip/CMakeFiles/__idf_lwip.dir/lwip/src/netif/ppp/ppp.c.obj
[237/1116] Building C object esp-idf/lwip/CMakeFiles/__idf_lwip.dir/lwip/src/netif/ppp/pppcrypt.c.obj
[238/1116] Building C object esp-idf/lwip/CMakeFiles/__idf_lwip.dir/lwip/src/netif/ppp/pppapi.c.obj
[239/1116] Building C object esp-idf/lwip/CMakeFiles/__idf_lwip.dir/lwip/src/netif/ppp/pppoe.c.obj
[240/1116] Building C object esp-idf/lwip/CMakeFiles/__idf_lwip.dir/lwip/src/netif/ppp/pppol2tp.c.obj
[241/1116] Building C object esp-idf/lwip/CMakeFiles/__idf_lwip.dir/lwip/src/netif/ppp/pppos.c.obj
[242/1116] Building C object esp-idf/lwip/CMakeFiles/__idf_lwip.dir/lwip/src/netif/ppp/upap.c.obj
[243/1116] Building C object esp-idf/lwip/CMakeFiles/__idf_lwip.dir/lwip/src/netif/ppp/utils.c.obj
[244/1116] Building C object esp-idf/lwip/CMakeFiles/__idf_lwip.dir/lwip/src/core/ipv6/nd6.c.obj
[245/1116] Building C object esp-idf/lwip/CMakeFiles/__idf_lwip.dir/lwip/src/netif/ppp/vj.c.obj
[246/1116] Building C object esp-idf/lwip/CMakeFiles/__idf_lwip.dir/port/hooks/tcp_isn_default.c.obj
[247/1116] Building C object esp-idf/lwip/CMakeFiles/__idf_lwip.dir/port/hooks/lwip_default_hooks.c.obj
[248/1116] Building C object esp-idf/lwip/CMakeFiles/__idf_lwip.dir/port/if_index.c.obj
[249/1116] Building C object esp-idf/lwip/CMakeFiles/__idf_lwip.dir/port/sockets_ext.c.obj
[250/1116] Building C object esp-idf/lwip/CMakeFiles/__idf_lwip.dir/port/acd_dhcp_check.c.obj
[251/1116] Building C object esp-idf/lwip/CMakeFiles/__idf_lwip.dir/port/debug/lwip_debug.c.obj
[252/1116] Building C object esp-idf/lwip/CMakeFiles/__idf_lwip.dir/port/esp32xx/vfs_lwip.c.obj
[253/1116] Building C object esp-idf/lwip/CMakeFiles/__idf_lwip.dir/lwip/src/netif/ppp/polarssl/arc4.c.obj
[254/1116] Building C object esp-idf/lwip/CMakeFiles/__idf_lwip.dir/port/freertos/sys_arch.c.obj
[255/1116] Building C object esp-idf/lwip/CMakeFiles/__idf_lwip.dir/lwip/src/netif/ppp/polarssl/md4.c.obj
[256/1116] Building C object esp-idf/lwip/CMakeFiles/__idf_lwip.dir/lwip/src/netif/ppp/polarssl/des.c.obj
[257/1116] Building C object esp-idf/lwip/CMakeFiles/__idf_lwip.dir/lwip/src/netif/ppp/polarssl/md5.c.obj
[258/1116] Linking C static library esp-idf/esp_netif/libesp_netif.a
[259/1116] Building C object esp-idf/lwip/CMakeFiles/__idf_lwip.dir/lwip/src/netif/ppp/polarssl/sha1.c.obj
[260/1116] Building C object esp-idf/lwip/CMakeFiles/__idf_lwip.dir/apps/ping/ping_sock.c.obj
[261/1116] Building C object esp-idf/vfs/CMakeFiles/__idf_vfs.dir/vfs_eventfd.c.obj
[262/1116] Building C object esp-idf/vfs/CMakeFiles/__idf_vfs.dir/nullfs.c.obj
[263/1116] Building C object esp-idf/vfs/CMakeFiles/__idf_vfs.dir/vfs_semihost.c.obj
[264/1116] Building C object esp-idf/lwip/CMakeFiles/__idf_lwip.dir/apps/dhcpserver/dhcpserver.c.obj
[265/1116] Building C object esp-idf/vfs/CMakeFiles/__idf_vfs.dir/vfs.c.obj
[266/1116] Building C object esp-idf/esp_driver_usb_serial_jtag/CMakeFiles/__idf_esp_driver_usb_serial_jtag.dir/src/usb_serial_jtag_connection_monitor.c.obj
[267/1116] Linking C static library esp-idf/lwip/liblwip.a
[268/1116] Building C object esp-idf/esp_phy/CMakeFiles/__idf_esp_phy.dir/src/lib_printf.c.obj
[269/1116] Building C object esp-idf/esp_driver_usb_serial_jtag/CMakeFiles/__idf_esp_driver_usb_serial_jtag.dir/src/usb_serial_jtag.c.obj
[270/1116] Building C object esp-idf/esp_phy/CMakeFiles/__idf_esp_phy.dir/src/phy_override.c.obj
[271/1116] Building C object esp-idf/vfs/CMakeFiles/__idf_vfs.dir/vfs_calls.c.obj
[272/1116] Linking C static library esp-idf/vfs/libvfs.a
[273/1116] Building C object esp-idf/esp_phy/CMakeFiles/__idf_esp_phy.dir/esp32s3/phy_init_data.c.obj
[274/1116] Building C object esp-idf/esp_phy/CMakeFiles/__idf_esp_phy.dir/src/phy_common.c.obj
[275/1116] Building C object esp-idf/esp_phy/CMakeFiles/__idf_esp_phy.dir/src/btbb_init.c.obj
[276/1116] Building C object esp-idf/esp_driver_usb_serial_jtag/CMakeFiles/__idf_esp_driver_usb_serial_jtag.dir/src/usb_serial_jtag_vfs.c.obj
[277/1116] Linking C static library esp-idf/esp_driver_usb_serial_jtag/libesp_driver_usb_serial_jtag.a
[278/1116] Building C object esp-idf/esp_phy/CMakeFiles/__idf_esp_phy.dir/src/phy_init.c.obj
[279/1116] Building CXX object esp-idf/nvs_flash/CMakeFiles/__idf_nvs_flash.dir/src/nvs_item_hash_list.cpp.obj
[280/1116] Building CXX object esp-idf/nvs_flash/CMakeFiles/__idf_nvs_flash.dir/src/nvs_pagemanager.cpp.obj
[281/1116] Building CXX object esp-idf/nvs_flash/CMakeFiles/__idf_nvs_flash.dir/src/nvs_cxx_api.cpp.obj
[282/1116] Building CXX object esp-idf/nvs_flash/CMakeFiles/__idf_nvs_flash.dir/src/nvs_storage.cpp.obj
[283/1116] Building CXX object esp-idf/nvs_flash/CMakeFiles/__idf_nvs_flash.dir/src/nvs_page.cpp.obj
[284/1116] Building CXX object esp-idf/nvs_flash/CMakeFiles/__idf_nvs_flash.dir/src/nvs_partition.cpp.obj
[285/1116] Building CXX object esp-idf/nvs_flash/CMakeFiles/__idf_nvs_flash.dir/src/nvs_api.cpp.obj
[286/1116] Building CXX object esp-idf/nvs_flash/CMakeFiles/__idf_nvs_flash.dir/src/nvs_platform.cpp.obj
[287/1116] Building CXX object esp-idf/nvs_flash/CMakeFiles/__idf_nvs_flash.dir/src/nvs_partition_lookup.cpp.obj
[288/1116] Building C object esp-idf/nvs_flash/CMakeFiles/__idf_nvs_flash.dir/src/nvs_bootloader.c.obj
[289/1116] Building C object esp-idf/nvs_flash/CMakeFiles/__idf_nvs_flash.dir/src/nvs_bootloader_aes.c.obj
[290/1116] Building C object esp-idf/nvs_flash/CMakeFiles/__idf_nvs_flash.dir/src/nvs_bootloader_xts_aes.c.obj
[291/1116] Linking C static library esp-idf/esp_phy/libesp_phy.a
[292/1116] Building C object esp-idf/nvs_sec_provider/CMakeFiles/__idf_nvs_sec_provider.dir/nvs_sec_provider.c.obj
[293/1116] Building CXX object esp-idf/nvs_flash/CMakeFiles/__idf_nvs_flash.dir/src/nvs_handle_simple.cpp.obj
[294/1116] Building CXX object esp-idf/nvs_flash/CMakeFiles/__idf_nvs_flash.dir/src/nvs_handle_locked.cpp.obj
[295/1116] Building C object esp-idf/esp_event/CMakeFiles/__idf_esp_event.dir/default_event_loop.c.obj
[296/1116] Building C object esp-idf/esp_event/CMakeFiles/__idf_esp_event.dir/esp_event_private.c.obj
[297/1116] Building C object esp-idf/esp_driver_uart/CMakeFiles/__idf_esp_driver_uart.dir/src/uart_wakeup.c.obj
[298/1116] Building C object esp-idf/esp_event/CMakeFiles/__idf_esp_event.dir/esp_event.c.obj
[299/1116] Building C object esp-idf/esp_driver_uart/CMakeFiles/__idf_esp_driver_uart.dir/src/uhci.c.obj
[300/1116] Building CXX object esp-idf/nvs_flash/CMakeFiles/__idf_nvs_flash.dir/src/nvs_types.cpp.obj
[301/1116] Building C object esp-idf/esp_psram/CMakeFiles/__idf_esp_psram.dir/system_layer/esp_psram_mspi.c.obj
[302/1116] Building CXX object esp-idf/nvs_flash/CMakeFiles/__idf_nvs_flash.dir/src/nvs_partition_manager.cpp.obj
[303/1116] Building C object esp-idf/esp_driver_uart/CMakeFiles/__idf_esp_driver_uart.dir/src/uart_vfs.c.obj
[304/1116] Building C object esp-idf/esp_psram/CMakeFiles/__idf_esp_psram.dir/xip_impl/mmu_psram_flash.c.obj
[305/1116] Building CXX object esp-idf/nvs_flash/CMakeFiles/__idf_nvs_flash.dir/src/nvs_encrypted_partition.cpp.obj
[306/1116] Linking C static library esp-idf/nvs_flash/libnvs_flash.a
[307/1116] Linking C static library esp-idf/nvs_sec_provider/libnvs_sec_provider.a
[308/1116] Linking C static library esp-idf/esp_event/libesp_event.a
[309/1116] Building C object esp-idf/esp_timer/CMakeFiles/__idf_esp_timer.dir/src/esp_timer_init.c.obj
[310/1116] Building C object esp-idf/esp_psram/CMakeFiles/__idf_esp_psram.dir/esp32s3/esp_psram_impl_octal.c.obj
[311/1116] Building C object esp-idf/esp_timer/CMakeFiles/__idf_esp_timer.dir/src/esp_timer.c.obj
[312/1116] Building C object esp-idf/esp_psram/CMakeFiles/__idf_esp_psram.dir/system_layer/esp_psram.c.obj
[313/1116] Building C object esp-idf/esp_timer/CMakeFiles/__idf_esp_timer.dir/src/ets_timer_legacy.c.obj
[314/1116] Building C object esp-idf/esp_timer/CMakeFiles/__idf_esp_timer.dir/src/system_time.c.obj
[315/1116] Building C object esp-idf/esp_timer/CMakeFiles/__idf_esp_timer.dir/src/esp_timer_impl_common.c.obj
[316/1116] Building C object esp-idf/esp_timer/CMakeFiles/__idf_esp_timer.dir/src/esp_timer_impl_systimer.c.obj
[317/1116] Building CXX object esp-idf/cxx/CMakeFiles/__idf_cxx.dir/cxx_exception_stubs.cpp.obj
[318/1116] Building CXX object esp-idf/cxx/CMakeFiles/__idf_cxx.dir/cxx_init.cpp.obj
[319/1116] Building C object esp-idf/esp_ringbuf/CMakeFiles/__idf_esp_ringbuf.dir/ringbuf.c.obj
[320/1116] Building C object esp-idf/esp_driver_uart/CMakeFiles/__idf_esp_driver_uart.dir/src/uart.c.obj
[321/1116] Building C object esp-idf/pthread/CMakeFiles/__idf_pthread.dir/pthread_cond_var.c.obj
[322/1116] Building C object esp-idf/pthread/CMakeFiles/__idf_pthread.dir/pthread_local_storage.c.obj
[323/1116] Linking C static library esp-idf/esp_driver_uart/libesp_driver_uart.a
[324/1116] Linking C static library esp-idf/esp_psram/libesp_psram.a
[325/1116] Linking C static library esp-idf/esp_ringbuf/libesp_ringbuf.a
[326/1116] Building C object esp-idf/esp_libc/CMakeFiles/__idf_esp_libc.dir/src/init.c.obj
[327/1116] Linking C static library esp-idf/esp_timer/libesp_timer.a
[328/1116] Building C object esp-idf/pthread/CMakeFiles/__idf_pthread.dir/pthread_semaphore.c.obj
[329/1116] Building C object esp-idf/esp_libc/CMakeFiles/__idf_esp_libc.dir/src/abort.c.obj
[330/1116] Building C object esp-idf/esp_libc/CMakeFiles/__idf_esp_libc.dir/src/assert.c.obj
[331/1116] Building C object esp-idf/pthread/CMakeFiles/__idf_pthread.dir/pthread_rwlock.c.obj
[332/1116] Building C object esp-idf/esp_libc/CMakeFiles/__idf_esp_libc.dir/src/heap.c.obj
[333/1116] Building C object esp-idf/pthread/CMakeFiles/__idf_pthread.dir/pthread.c.obj
[334/1116] Building C object esp-idf/esp_libc/CMakeFiles/__idf_esp_libc.dir/src/poll.c.obj
[335/1116] Building C object esp-idf/esp_libc/CMakeFiles/__idf_esp_libc.dir/src/pthread.c.obj
[336/1116] Building C object esp-idf/esp_libc/CMakeFiles/__idf_esp_libc.dir/src/termios.c.obj
[337/1116] Building C object esp-idf/esp_libc/CMakeFiles/__idf_esp_libc.dir/src/getentropy.c.obj
[338/1116] Building C object esp-idf/esp_libc/CMakeFiles/__idf_esp_libc.dir/src/random.c.obj
[339/1116] Building C object esp-idf/esp_libc/CMakeFiles/__idf_esp_libc.dir/src/locks.c.obj
[340/1116] Building CXX object esp-idf/cxx/CMakeFiles/__idf_cxx.dir/cxx_guards.cpp.obj
[341/1116] Linking C static library esp-idf/cxx/libcxx.a
[342/1116] Building C object esp-idf/esp_libc/CMakeFiles/__idf_esp_libc.dir/src/sysconf.c.obj
[343/1116] Building C object esp-idf/esp_libc/CMakeFiles/__idf_esp_libc.dir/src/realpath.c.obj
[344/1116] Building C object esp-idf/esp_libc/CMakeFiles/__idf_esp_libc.dir/src/scandir.c.obj
[345/1116] Building C object esp-idf/esp_libc/CMakeFiles/__idf_esp_libc.dir/src/reent_syscalls.c.obj
[346/1116] Building C object esp-idf/esp_libc/CMakeFiles/__idf_esp_libc.dir/src/port/esp_time_impl.c.obj
[347/1116] Building C object esp-idf/esp_libc/CMakeFiles/__idf_esp_libc.dir/src/syscalls.c.obj
[348/1116] Building C object esp-idf/esp_libc/CMakeFiles/__idf_esp_libc.dir/src/time.c.obj
[349/1116] Building C object esp-idf/esp_libc/CMakeFiles/__idf_esp_libc.dir/src/picolibc/rand.c.obj
[350/1116] Building C object esp-idf/esp_libc/CMakeFiles/__idf_esp_libc.dir/src/picolibc/errno.c.obj
[351/1116] Building C object esp-idf/esp_libc/CMakeFiles/__idf_esp_libc.dir/src/picolibc/bufio_setvbuf.c.obj
[352/1116] Building C object esp-idf/esp_libc/CMakeFiles/__idf_esp_libc.dir/src/picolibc/open_memstream.c.obj
[353/1116] Building C object esp-idf/esp_libc/CMakeFiles/__idf_esp_libc.dir/src/picolibc/picolibc_init.c.obj
[354/1116] Linking C static library esp-idf/pthread/libpthread.a
[355/1116] Building C object esp-idf/esp_libc/CMakeFiles/__idf_esp_libc.dir/src/picolibc/getreent.c.obj
[356/1116] Building C object esp-idf/esp_libc/CMakeFiles/__idf_esp_libc.dir/src/picolibc/fopencookie.c.obj
[357/1116] Building C object esp-idf/freertos/CMakeFiles/__idf_freertos.dir/heap_idf.c.obj
[358/1116] Building C object esp-idf/freertos/CMakeFiles/__idf_freertos.dir/port_common.c.obj
[359/1116] Building C object esp-idf/freertos/CMakeFiles/__idf_freertos.dir/app_startup.c.obj
[360/1116] Building C object esp-idf/esp_libc/CMakeFiles/__idf_esp_libc.dir/src/port/xtensa/stdatomic_s32c1i.c.obj
[361/1116] Building C object esp-idf/freertos/CMakeFiles/__idf_freertos.dir/FreeRTOS-Kernel/list.c.obj
[362/1116] Building C object esp-idf/freertos/CMakeFiles/__idf_freertos.dir/port_systick.c.obj
[363/1116] Building C object esp-idf/freertos/CMakeFiles/__idf_freertos.dir/FreeRTOS-Kernel/event_groups.c.obj
[364/1116] Building C object esp-idf/freertos/CMakeFiles/__idf_freertos.dir/FreeRTOS-Kernel/timers.c.obj
[365/1116] Building ASM object esp-idf/freertos/CMakeFiles/__idf_freertos.dir/FreeRTOS-Kernel/portable/xtensa/portasm.S.obj
[366/1116] Building C object esp-idf/freertos/CMakeFiles/__idf_freertos.dir/FreeRTOS-Kernel/stream_buffer.c.obj
[367/1116] Building C object esp-idf/esp_libc/CMakeFiles/__idf_esp_libc.dir/src/stdatomic.c.obj
[368/1116] Building C object esp-idf/freertos/CMakeFiles/__idf_freertos.dir/FreeRTOS-Kernel/portable/xtensa/xtensa_init.c.obj
[369/1116] Building C object esp-idf/freertos/CMakeFiles/__idf_freertos.dir/FreeRTOS-Kernel/queue.c.obj
[370/1116] Building C object esp-idf/freertos/CMakeFiles/__idf_freertos.dir/FreeRTOS-Kernel/portable/xtensa/xtensa_overlay_os_hook.c.obj
[371/1116] Building C object esp-idf/freertos/CMakeFiles/__idf_freertos.dir/FreeRTOS-Kernel/portable/xtensa/port.c.obj
[372/1116] Building C object esp-idf/freertos/CMakeFiles/__idf_freertos.dir/esp_additions/idf_additions_event_groups.c.obj
[373/1116] Linking C static library esp-idf/esp_libc/libesp_libc.a
[374/1116] Building C object esp-idf/esp_hw_support/CMakeFiles/__idf_esp_hw_support.dir/port/esp32s3/esp_cpu_intr.c.obj
[375/1116] Building C object esp-idf/esp_hw_support/CMakeFiles/__idf_esp_hw_support.dir/esp_memory_utils.c.obj
[376/1116] Building C object esp-idf/esp_hw_support/CMakeFiles/__idf_esp_hw_support.dir/port/esp32s3/cpu_region_protect.c.obj
[377/1116] Building C object esp-idf/esp_hw_support/CMakeFiles/__idf_esp_hw_support.dir/clk_ctrl_os.c.obj
[378/1116] Building C object esp-idf/freertos/CMakeFiles/__idf_freertos.dir/esp_additions/idf_additions.c.obj
[379/1116] Building C object esp-idf/esp_hw_support/CMakeFiles/__idf_esp_hw_support.dir/cpu.c.obj
[380/1116] Building C object esp-idf/esp_hw_support/CMakeFiles/__idf_esp_hw_support.dir/hw_random.c.obj
[381/1116] Building C object esp-idf/esp_hw_support/CMakeFiles/__idf_esp_hw_support.dir/revision.c.obj
[382/1116] Building C object esp-idf/esp_hw_support/CMakeFiles/__idf_esp_hw_support.dir/esp_clk.c.obj
[383/1116] Building C object esp-idf/esp_hw_support/CMakeFiles/__idf_esp_hw_support.dir/mac_addr.c.obj
[384/1116] Building C object esp-idf/esp_hw_support/CMakeFiles/__idf_esp_hw_support.dir/periph_ctrl.c.obj
[385/1116] Building C object esp-idf/esp_hw_support/CMakeFiles/__idf_esp_hw_support.dir/regi2c_ctrl.c.obj
[386/1116] Building C object esp-idf/esp_hw_support/CMakeFiles/__idf_esp_hw_support.dir/esp_gpio_reserve.c.obj
[387/1116] Building C object esp-idf/freertos/CMakeFiles/__idf_freertos.dir/FreeRTOS-Kernel/tasks.c.obj
[388/1116] Building C object esp-idf/esp_hw_support/CMakeFiles/__idf_esp_hw_support.dir/rtc_module.c.obj
[389/1116] Building C object esp-idf/esp_hw_support/CMakeFiles/__idf_esp_hw_support.dir/sar_tsens_ctrl.c.obj
[390/1116] Building C object esp-idf/esp_hw_support/CMakeFiles/__idf_esp_hw_support.dir/spi_bus_lock.c.obj
[391/1116] Building C object esp-idf/esp_hw_support/CMakeFiles/__idf_esp_hw_support.dir/heap_align_hw.c.obj
[392/1116] Building C object esp-idf/esp_hw_support/CMakeFiles/__idf_esp_hw_support.dir/port/esp32s3/esp_clk_tree.c.obj
[393/1116] Building C object esp-idf/esp_hw_support/CMakeFiles/__idf_esp_hw_support.dir/port/esp32s3/io_mux.c.obj
[394/1116] Building C object esp-idf/esp_hw_support/CMakeFiles/__idf_esp_hw_support.dir/spi_share_hw_ctrl.c.obj
[395/1116] Building C object esp-idf/esp_hw_support/CMakeFiles/__idf_esp_hw_support.dir/port/esp_clk_tree_common.c.obj
[396/1116] Building C object esp-idf/esp_hw_support/CMakeFiles/__idf_esp_hw_support.dir/clk_utils.c.obj
[397/1116] Building C object esp-idf/esp_hw_support/CMakeFiles/__idf_esp_hw_support.dir/intr_alloc.c.obj
[398/1116] Building C object esp-idf/esp_hw_support/CMakeFiles/__idf_esp_hw_support.dir/adc_share_hw_ctrl.c.obj
[399/1116] Building C object esp-idf/esp_hw_support/CMakeFiles/__idf_esp_hw_support.dir/sleep_uart.c.obj
[400/1116] Building C object esp-idf/esp_hw_support/CMakeFiles/__idf_esp_hw_support.dir/sleep_mspi.c.obj
[401/1116] Building C object esp-idf/esp_hw_support/CMakeFiles/__idf_esp_hw_support.dir/sleep_usb.c.obj
[402/1116] Building C object esp-idf/esp_hw_support/CMakeFiles/__idf_esp_hw_support.dir/sleep_console.c.obj
[403/1116] Building C object esp-idf/esp_hw_support/CMakeFiles/__idf_esp_hw_support.dir/sleep_modem.c.obj
[404/1116] Building C object esp-idf/esp_hw_support/CMakeFiles/__idf_esp_hw_support.dir/port/esp32s3/systimer.c.obj
[405/1116] Building C object esp-idf/esp_hw_support/CMakeFiles/__idf_esp_hw_support.dir/sleep_event.c.obj
[406/1116] Building C object esp-idf/esp_hw_support/CMakeFiles/__idf_esp_hw_support.dir/mspi_timing_tuning/mspi_timing_tuning.c.obj
[407/1116] Building C object esp-idf/esp_hw_support/CMakeFiles/__idf_esp_hw_support.dir/usb_phy/usb_phy.c.obj
[408/1116] Building C object esp-idf/esp_hw_support/CMakeFiles/__idf_esp_hw_support.dir/sleep_wake_stub.c.obj
[409/1116] Building C object esp-idf/esp_hw_support/CMakeFiles/__idf_esp_hw_support.dir/esp_clock_output.c.obj
[410/1116] Building C object esp-idf/esp_hw_support/CMakeFiles/__idf_esp_hw_support.dir/port/esp32s3/rtc_clk_init.c.obj
[411/1116] Building C object esp-idf/esp_hw_support/CMakeFiles/__idf_esp_hw_support.dir/sleep_gpio.c.obj
[412/1116] Building C object esp-idf/esp_hw_support/CMakeFiles/__idf_esp_hw_support.dir/power_supply/brownout.c.obj
[413/1116] Building C object esp-idf/esp_hw_support/CMakeFiles/__idf_esp_hw_support.dir/port/esp32s3/chip_info.c.obj
[414/1116] Building C object esp-idf/esp_hw_support/CMakeFiles/__idf_esp_hw_support.dir/port/esp32s3/rtc_clk.c.obj
[415/1116] Building C object esp-idf/esp_hw_support/CMakeFiles/__idf_esp_hw_support.dir/port/esp32s3/rtc_time.c.obj
[416/1116] Building C object esp-idf/esp_hw_support/CMakeFiles/__idf_esp_hw_support.dir/port/esp32s3/rtc_sleep.c.obj
[417/1116] Building C object esp-idf/esp_hw_support/CMakeFiles/__idf_esp_hw_support.dir/port/esp32s3/rtc_init.c.obj
[418/1116] Building C object esp-idf/esp_hw_support/CMakeFiles/__idf_esp_hw_support.dir/port/esp_memprot_conv.c.obj
[419/1116] Building C object esp-idf/esp_hw_support/CMakeFiles/__idf_esp_hw_support.dir/port/esp32s3/sar_periph_ctrl.c.obj
[420/1116] Building C object esp-idf/esp_hw_support/CMakeFiles/__idf_esp_hw_support.dir/mspi_timing_tuning/port/esp32s3/mspi_timing_config.c.obj
[421/1116] Linking C static library esp-idf/freertos/libfreertos.a
[422/1116] Building C object esp-idf/esp_hw_support/CMakeFiles/__idf_esp_hw_support.dir/mspi_timing_tuning/port/esp32s3/mspi_timing_by_mspi_delay.c.obj
[423/1116] Building C object esp-idf/esp_hal_i2s/CMakeFiles/__idf_esp_hal_i2s.dir/esp32s3/i2s_periph.c.obj
[424/1116] Building C object esp-idf/esp_hw_support/CMakeFiles/__idf_esp_hw_support.dir/sleep_modes.c.obj
[425/1116] Building C object esp-idf/esp_hal_touch_sens/CMakeFiles/__idf_esp_hal_touch_sens.dir/touch_sens_hal.c.obj
[426/1116] Building C object esp-idf/esp_hw_support/CMakeFiles/__idf_esp_hw_support.dir/lowpower/port/esp32s3/sleep_cpu.c.obj
[427/1116] Building C object esp-idf/esp_hal_touch_sens/CMakeFiles/__idf_esp_hal_touch_sens.dir/touch_sensor_legacy_hal.c.obj
[428/1116] Building C object esp-idf/esp_hal_touch_sens/CMakeFiles/__idf_esp_hal_touch_sens.dir/esp32s3/touch_sensor_periph.c.obj
[429/1116] Building C object esp-idf/esp_hal_touch_sens/CMakeFiles/__idf_esp_hal_touch_sens.dir/esp32s3/touch_sensor_legacy_hal.c.obj
[430/1116] Building C object esp-idf/esp_hal_pmu/CMakeFiles/__idf_esp_hal_pmu.dir/brownout_hal.c.obj
[431/1116] Building C object esp-idf/esp_hal_i2s/CMakeFiles/__idf_esp_hal_i2s.dir/i2s_hal.c.obj
[432/1116] Building C object esp-idf/esp_hal_usb/CMakeFiles/__idf_esp_hal_usb.dir/esp32s3/usb_dwc_periph.c.obj
[433/1116] Building C object esp-idf/esp_hal_pmu/CMakeFiles/__idf_esp_hal_pmu.dir/esp32s3/rtc_cntl_hal.c.obj
[434/1116] Building C object esp-idf/esp_hal_usb/CMakeFiles/__idf_esp_hal_usb.dir/usb_wrap_hal.c.obj
[435/1116] Building C object esp-idf/esp_hal_gpio/CMakeFiles/__idf_esp_hal_gpio.dir/esp32s3/rtc_io_periph.c.obj
[436/1116] Building C object esp-idf/esp_hal_usb/CMakeFiles/__idf_esp_hal_usb.dir/usb_serial_jtag_hal.c.obj
[437/1116] Building C object esp-idf/esp_hal_gpio/CMakeFiles/__idf_esp_hal_gpio.dir/esp32s3/dedic_gpio_periph.c.obj
[438/1116] Building C object esp-idf/esp_hal_gpio/CMakeFiles/__idf_esp_hal_gpio.dir/gpio_hal.c.obj
[439/1116] Building C object esp-idf/esp_hal_gpio/CMakeFiles/__idf_esp_hal_gpio.dir/esp32s3/sdm_periph.c.obj
[440/1116] Building C object esp-idf/esp_hal_gpio/CMakeFiles/__idf_esp_hal_gpio.dir/sdm_hal.c.obj
[441/1116] Building C object esp-idf/esp_hal_gpio/CMakeFiles/__idf_esp_hal_gpio.dir/rtc_io_hal.c.obj
[442/1116] Building C object esp-idf/soc/CMakeFiles/__idf_soc.dir/dport_access_common.c.obj
[443/1116] Building C object esp-idf/soc/CMakeFiles/__idf_soc.dir/lldesc.c.obj
[444/1116] Building C object esp-idf/soc/CMakeFiles/__idf_soc.dir/esp32s3/interrupts.c.obj
[445/1116] Building C object esp-idf/soc/CMakeFiles/__idf_soc.dir/esp32s3/gpio_periph.c.obj
[446/1116] Building C object esp-idf/soc/CMakeFiles/__idf_soc.dir/esp32s3/mpi_periph.c.obj
[447/1116] Building C object esp-idf/soc/CMakeFiles/__idf_soc.dir/esp32s3/power_supply_periph.c.obj
[448/1116] Building C object esp-idf/esp_hal_usb/CMakeFiles/__idf_esp_hal_usb.dir/usb_dwc_hal.c.obj
[449/1116] Building C object esp-idf/heap/CMakeFiles/__idf_heap.dir/heap_caps_base.c.obj
[450/1116] Building C object esp-idf/heap/CMakeFiles/__idf_heap.dir/heap_caps_init.c.obj
[451/1116] Building C object esp-idf/heap/CMakeFiles/__idf_heap.dir/port/esp32s3/memory_layout.c.obj
[452/1116] Building C object esp-idf/heap/CMakeFiles/__idf_heap.dir/multi_heap.c.obj
[453/1116] Building C object esp-idf/esp_hw_support/CMakeFiles/__idf_esp_hw_support.dir/port/esp32s3/esp_memprot.c.obj
[454/1116] Building C object esp-idf/heap/CMakeFiles/__idf_heap.dir/port/memory_layout_utils.c.obj
[455/1116] Building C object esp-idf/log/CMakeFiles/__idf_log.dir/src/log_timestamp_common.c.obj
[456/1116] Linking C static library esp-idf/esp_hw_support/libesp_hw_support.a
[457/1116] Building C object esp-idf/log/CMakeFiles/__idf_log.dir/src/os/log_timestamp.c.obj
[458/1116] Linking C static library esp-idf/esp_hal_i2s/libesp_hal_i2s.a
[459/1116] Linking C static library esp-idf/esp_hal_touch_sens/libesp_hal_touch_sens.a
[460/1116] Building C object esp-idf/log/CMakeFiles/__idf_log.dir/src/os/log_lock.c.obj
[461/1116] Linking C static library esp-idf/esp_hal_pmu/libesp_hal_pmu.a
[462/1116] Building C object esp-idf/heap/CMakeFiles/__idf_heap.dir/heap_caps.c.obj
[463/1116] Linking C static library esp-idf/esp_hal_usb/libesp_hal_usb.a
[464/1116] Building C object esp-idf/log/CMakeFiles/__idf_log.dir/src/util.c.obj
[465/1116] Building C object esp-idf/log/CMakeFiles/__idf_log.dir/src/buffer/log_buffers.c.obj
[466/1116] Building C object esp-idf/log/CMakeFiles/__idf_log.dir/src/os/util.c.obj
[467/1116] Linking C static library esp-idf/esp_hal_gpio/libesp_hal_gpio.a
[468/1116] Linking C static library esp-idf/soc/libsoc.a
[469/1116] Building C object esp-idf/log/CMakeFiles/__idf_log.dir/src/log_print.c.obj
[470/1116] Building C object esp-idf/log/CMakeFiles/__idf_log.dir/src/log_format_text.c.obj
[471/1116] Building C object esp-idf/log/CMakeFiles/__idf_log.dir/src/log.c.obj
[472/1116] Building C object esp-idf/log/CMakeFiles/__idf_log.dir/src/log_level/log_level.c.obj
[473/1116] Building C object esp-idf/log/CMakeFiles/__idf_log.dir/src/os/log_write.c.obj
[474/1116] Building C object esp-idf/log/CMakeFiles/__idf_log.dir/src/log_level/tag_log_level/tag_log_level.c.obj
[475/1116] Building C object esp-idf/log/CMakeFiles/__idf_log.dir/src/log_level/tag_log_level/linked_list/log_linked_list.c.obj
[476/1116] Building C object esp-idf/hal/CMakeFiles/__idf_hal.dir/efuse_hal.c.obj
[477/1116] Building C object esp-idf/log/CMakeFiles/__idf_log.dir/src/log_level/tag_log_level/cache/log_binary_heap.c.obj
[478/1116] Building C object esp-idf/hal/CMakeFiles/__idf_hal.dir/hal_utils.c.obj
[479/1116] Building C object esp-idf/hal/CMakeFiles/__idf_hal.dir/color_hal.c.obj
[480/1116] Building C object esp-idf/hal/CMakeFiles/__idf_hal.dir/esp32s3/efuse_hal.c.obj
[481/1116] Building C object esp-idf/hal/CMakeFiles/__idf_hal.dir/mmu_hal.c.obj
[482/1116] Building C object esp-idf/esp_rom/CMakeFiles/__idf_esp_rom.dir/patches/esp_rom_sys.c.obj
[483/1116] Building C object esp-idf/esp_rom/CMakeFiles/__idf_esp_rom.dir/patches/esp_rom_crc.c.obj
[484/1116] Building C object esp-idf/hal/CMakeFiles/__idf_hal.dir/systimer_hal.c.obj
[485/1116] Building C object esp-idf/hal/CMakeFiles/__idf_hal.dir/cache_hal.c.obj
[486/1116] Building C object esp-idf/esp_rom/CMakeFiles/__idf_esp_rom.dir/patches/esp_rom_spiflash.c.obj
[487/1116] Building C object esp-idf/esp_rom/CMakeFiles/__idf_esp_rom.dir/patches/esp_rom_efuse.c.obj
[488/1116] Building C object esp-idf/esp_rom/CMakeFiles/__idf_esp_rom.dir/patches/esp_rom_serial_output.c.obj
[489/1116] Building ASM object esp-idf/esp_rom/CMakeFiles/__idf_esp_rom.dir/patches/esp_rom_longjmp.S.obj
[490/1116] Building C object esp-idf/esp_rom/CMakeFiles/__idf_esp_rom.dir/patches/esp_rom_gpio.c.obj
[491/1116] Building ASM object esp-idf/esp_rom/CMakeFiles/__idf_esp_rom.dir/patches/esp_rom_cache_writeback_esp32s3.S.obj
[492/1116] Building C object esp-idf/heap/CMakeFiles/__idf_heap.dir/tlsf/tlsf.c.obj
[493/1116] Building C object esp-idf/esp_rom/CMakeFiles/__idf_esp_rom.dir/patches/esp_rom_systimer.c.obj
[494/1116] Building C object esp-idf/esp_rom/CMakeFiles/__idf_esp_rom.dir/patches/esp_rom_cache_esp32s2_esp32s3.c.obj
[495/1116] Linking C static library esp-idf/heap/libheap.a
[496/1116] Linking C static library esp-idf/log/liblog.a
[497/1116] Linking C static library esp-idf/hal/libhal.a
[498/1116] Building C object esp-idf/esp_system/CMakeFiles/__idf_esp_system.dir/esp_err.c.obj
[499/1116] Building C object esp-idf/esp_rom/CMakeFiles/__idf_esp_rom.dir/patches/esp_rom_print.c.obj
[500/1116] Building C object esp-idf/esp_system/CMakeFiles/__idf_esp_system.dir/esp_ipc.c.obj
[501/1116] Linking C static library esp-idf/esp_rom/libesp_rom.a
[502/1116] Building C object esp-idf/esp_system/CMakeFiles/__idf_esp_system.dir/crosscore_int.c.obj
[503/1116] Building C object esp-idf/esp_system/CMakeFiles/__idf_esp_system.dir/esp_system.c.obj
[504/1116] Building C object esp-idf/esp_system/CMakeFiles/__idf_esp_system.dir/int_wdt.c.obj
[505/1116] Building C object esp-idf/esp_common/CMakeFiles/__idf_esp_common.dir/src/esp_err_to_name.c.obj
[506/1116] Building C object esp-idf/esp_system/CMakeFiles/__idf_esp_system.dir/startup.c.obj
[507/1116] Building C object esp-idf/esp_system/CMakeFiles/__idf_esp_system.dir/freertos_hooks.c.obj
[508/1116] Building C object esp-idf/esp_system/CMakeFiles/__idf_esp_system.dir/stack_check.c.obj
[509/1116] Building C object esp-idf/esp_system/CMakeFiles/__idf_esp_system.dir/system_time.c.obj
[510/1116] Building C object esp-idf/esp_system/CMakeFiles/__idf_esp_system.dir/startup_funcs.c.obj
[511/1116] Building C object esp-idf/esp_system/CMakeFiles/__idf_esp_system.dir/ubsan.c.obj
[512/1116] Building C object esp-idf/esp_system/CMakeFiles/__idf_esp_system.dir/panic.c.obj
[513/1116] Building C object esp-idf/esp_system/CMakeFiles/__idf_esp_system.dir/xt_wdt.c.obj
[514/1116] Building C object esp-idf/esp_system/CMakeFiles/__idf_esp_system.dir/port/esp_system_chip.c.obj
[515/1116] Building C object esp-idf/esp_system/CMakeFiles/__idf_esp_system.dir/task_wdt/task_wdt_impl_timergroup.c.obj
[516/1116] Building C object esp-idf/esp_system/CMakeFiles/__idf_esp_system.dir/port/panic_handler.c.obj
[517/1116] Building C object esp-idf/esp_system/CMakeFiles/__idf_esp_system.dir/port/arch/xtensa/esp_ipc_isr_port.c.obj
[518/1116] Building ASM object esp-idf/esp_system/CMakeFiles/__idf_esp_system.dir/port/arch/xtensa/esp_ipc_isr_routines.S.obj
[519/1116] Building C object esp-idf/esp_system/CMakeFiles/__idf_esp_system.dir/task_wdt/task_wdt.c.obj
[520/1116] Building C object esp-idf/esp_system/CMakeFiles/__idf_esp_system.dir/port/image_process.c.obj
[521/1116] Building ASM object esp-idf/esp_system/CMakeFiles/__idf_esp_system.dir/port/arch/xtensa/esp_ipc_isr_handler.S.obj
[522/1116] Building ASM object esp-idf/esp_system/CMakeFiles/__idf_esp_system.dir/port/arch/xtensa/expression_with_stack_asm.S.obj
[523/1116] Building ASM object esp-idf/esp_system/CMakeFiles/__idf_esp_system.dir/port/arch/xtensa/panic_handler_asm.S.obj
[524/1116] Building ASM object esp-idf/esp_system/CMakeFiles/__idf_esp_system.dir/port/arch/xtensa/debug_helpers_asm.S.obj
[525/1116] Building C object esp-idf/esp_system/CMakeFiles/__idf_esp_system.dir/port/esp_ipc_isr.c.obj
[526/1116] Building C object esp-idf/esp_system/CMakeFiles/__idf_esp_system.dir/port/cpu_start.c.obj
[527/1116] Building C object esp-idf/esp_system/CMakeFiles/__idf_esp_system.dir/port/arch/xtensa/debug_stubs.c.obj
[528/1116] Building C object esp-idf/esp_system/CMakeFiles/__idf_esp_system.dir/port/arch/xtensa/expression_with_stack.c.obj
[529/1116] Building ASM object esp-idf/esp_system/CMakeFiles/__idf_esp_system.dir/port/soc/esp32s3/highint_hdl.S.obj
[530/1116] Building C object esp-idf/esp_system/CMakeFiles/__idf_esp_system.dir/port/arch/xtensa/panic_arch.c.obj
[531/1116] Building C object esp-idf/esp_system/CMakeFiles/__idf_esp_system.dir/port/arch/xtensa/trax.c.obj
[532/1116] Building C object esp-idf/esp_system/CMakeFiles/__idf_esp_system.dir/port/soc/esp32s3/reset_reason.c.obj
[533/1116] Building C object esp-idf/esp_system/CMakeFiles/__idf_esp_system.dir/port/arch/xtensa/debug_helpers.c.obj
[534/1116] Linking C static library esp-idf/esp_common/libesp_common.a
[535/1116] Building C object esp-idf/spi_flash/CMakeFiles/__idf_spi_flash.dir/flash_brownout_hook.c.obj
[536/1116] Building C object esp-idf/esp_system/CMakeFiles/__idf_esp_system.dir/port/soc/esp32s3/apb_backup_dma.c.obj
[537/1116] Building C object esp-idf/esp_system/CMakeFiles/__idf_esp_system.dir/port/soc/esp32s3/system_internal.c.obj
[538/1116] Building C object esp-idf/spi_flash/CMakeFiles/__idf_spi_flash.dir/spi_flash_chip_drivers.c.obj
[539/1116] Building C object esp-idf/spi_flash/CMakeFiles/__idf_spi_flash.dir/spi_flash_hpm_enable.c.obj
[540/1116] Building C object esp-idf/esp_system/CMakeFiles/__idf_esp_system.dir/port/soc/esp32s3/cache_err_int.c.obj
[541/1116] Building C object esp-idf/esp_system/CMakeFiles/__idf_esp_system.dir/port/soc/esp32s3/clk.c.obj
[542/1116] Building C object esp-idf/spi_flash/CMakeFiles/__idf_spi_flash.dir/esp32s3/spi_flash_oct_flash_init.c.obj
[543/1116] Building C object esp-idf/spi_flash/CMakeFiles/__idf_spi_flash.dir/spi_flash_chip_boya.c.obj
[544/1116] Building C object esp-idf/spi_flash/CMakeFiles/__idf_spi_flash.dir/spi_flash_chip_issi.c.obj
[545/1116] Building C object esp-idf/spi_flash/CMakeFiles/__idf_spi_flash.dir/spi_flash_chip_gd.c.obj
[546/1116] Building C object esp-idf/spi_flash/CMakeFiles/__idf_spi_flash.dir/spi_flash_chip_mxic.c.obj
[547/1116] Building C object esp-idf/spi_flash/CMakeFiles/__idf_spi_flash.dir/spi_flash_chip_winbond.c.obj
[548/1116] Building C object esp-idf/spi_flash/CMakeFiles/__idf_spi_flash.dir/spi_flash_chip_th.c.obj
[549/1116] Building C object esp-idf/spi_flash/CMakeFiles/__idf_spi_flash.dir/spi_flash_chip_mxic_opi.c.obj
[550/1116] Building C object esp-idf/spi_flash/CMakeFiles/__idf_spi_flash.dir/spi_flash_blockdev.c.obj
[551/1116] Building C object esp-idf/spi_flash/CMakeFiles/__idf_spi_flash.dir/spi_flash_wrap.c.obj
[552/1116] Building C object esp-idf/spi_flash/CMakeFiles/__idf_spi_flash.dir/memspi_host_driver.c.obj
[553/1116] Building C object esp-idf/spi_flash/CMakeFiles/__idf_spi_flash.dir/cache_utils.c.obj
[554/1116] Building C object esp-idf/spi_flash/CMakeFiles/__idf_spi_flash.dir/spi_flash_chip_generic.c.obj
[555/1116] Building C object esp-idf/spi_flash/CMakeFiles/__idf_spi_flash.dir/flash_mmap.c.obj
[556/1116] Building C object esp-idf/spi_flash/CMakeFiles/__idf_spi_flash.dir/flash_ops.c.obj
[557/1116] Linking C static library esp-idf/esp_system/libesp_system.a
[558/1116] Building C object esp-idf/spi_flash/CMakeFiles/__idf_spi_flash.dir/spi_flash_os_func_noos.c.obj
[559/1116] Building C object esp-idf/spi_flash/CMakeFiles/__idf_spi_flash.dir/spi_flash_os_func_app.c.obj
[560/1116] Building C object esp-idf/bootloader_support/CMakeFiles/__idf_bootloader_support.dir/src/bootloader_clock_init.c.obj
[561/1116] Building C object esp-idf/bootloader_support/CMakeFiles/__idf_bootloader_support.dir/src/bootloader_common.c.obj
[562/1116] Building C object esp-idf/bootloader_support/CMakeFiles/__idf_bootloader_support.dir/src/bootloader_mem.c.obj
[563/1116] Building C object esp-idf/bootloader_support/CMakeFiles/__idf_bootloader_support.dir/src/bootloader_common_loader.c.obj
[564/1116] Building C object esp-idf/bootloader_support/CMakeFiles/__idf_bootloader_support.dir/src/bootloader_random.c.obj
[565/1116] Building C object esp-idf/bootloader_support/CMakeFiles/__idf_bootloader_support.dir/src/bootloader_efuse.c.obj
[566/1116] Building C object esp-idf/spi_flash/CMakeFiles/__idf_spi_flash.dir/esp_flash_spi_init.c.obj
[567/1116] Building C object esp-idf/bootloader_support/CMakeFiles/__idf_bootloader_support.dir/src/flash_encrypt.c.obj
[568/1116] Building C object esp-idf/bootloader_support/CMakeFiles/__idf_bootloader_support.dir/src/secure_boot.c.obj
[569/1116] Building C object esp-idf/bootloader_support/CMakeFiles/__idf_bootloader_support.dir/src/bootloader_random_esp32s3.c.obj
[570/1116] Building C object esp-idf/bootloader_support/CMakeFiles/__idf_bootloader_support.dir/bootloader_flash/src/flash_qio_mode.c.obj
[571/1116] Building C object esp-idf/spi_flash/CMakeFiles/__idf_spi_flash.dir/esp_flash_api.c.obj
[572/1116] Building C object esp-idf/bootloader_support/CMakeFiles/__idf_bootloader_support.dir/bootloader_flash/src/bootloader_flash_config_esp32s3.c.obj
[573/1116] Building C object esp-idf/bootloader_support/CMakeFiles/__idf_bootloader_support.dir/src/flash_partitions.c.obj
[574/1116] Linking C static library esp-idf/spi_flash/libspi_flash.a
[575/1116] Building C object esp-idf/bootloader_support/CMakeFiles/__idf_bootloader_support.dir/bootloader_flash/src/bootloader_flash.c.obj
[576/1116] Building C object esp-idf/bootloader_support/CMakeFiles/__idf_bootloader_support.dir/src/bootloader_sha.c.obj
[577/1116] Building C object esp-idf/bootloader_support/CMakeFiles/__idf_bootloader_support.dir/src/esp32s3/secure_boot_secure_features.c.obj
[578/1116] Building C object esp-idf/esp_hal_ana_conv/CMakeFiles/__idf_esp_hal_ana_conv.dir/esp32s3/adc_periph.c.obj
[579/1116] Building C object esp-idf/esp_hal_ana_conv/CMakeFiles/__idf_esp_hal_ana_conv.dir/temperature_sensor_hal.c.obj
[580/1116] Building C object esp-idf/bootloader_support/CMakeFiles/__idf_bootloader_support.dir/src/bootloader_utility.c.obj
[581/1116] Building C object esp-idf/esp_hal_ana_conv/CMakeFiles/__idf_esp_hal_ana_conv.dir/adc_oneshot_hal.c.obj
[582/1116] Building C object esp-idf/esp_hal_wdt/CMakeFiles/__idf_esp_hal_wdt.dir/esp32s3/mwdt_periph.c.obj
[583/1116] Building C object esp-idf/esp_hal_ana_conv/CMakeFiles/__idf_esp_hal_ana_conv.dir/esp32s3/temperature_sensor_periph.c.obj
[584/1116] Building C object esp-idf/esp_hal_ana_conv/CMakeFiles/__idf_esp_hal_ana_conv.dir/adc_hal_common.c.obj
[585/1116] Building C object esp-idf/esp_hal_timg/CMakeFiles/__idf_esp_hal_timg.dir/esp32s3/timer_periph.c.obj
[586/1116] Building C object esp-idf/bootloader_support/CMakeFiles/__idf_bootloader_support.dir/src/esp_image_format.c.obj
[587/1116] Building C object esp-idf/esp_hal_wdt/CMakeFiles/__idf_esp_hal_wdt.dir/xt_wdt_hal.c.obj
[588/1116] Building C object esp-idf/esp_hal_wdt/CMakeFiles/__idf_esp_hal_wdt.dir/rom_patch.c.obj
[589/1116] Building C object esp-idf/esp_hal_timg/CMakeFiles/__idf_esp_hal_timg.dir/timer_hal.c.obj
[590/1116] Linking C static library esp-idf/bootloader_support/libbootloader_support.a
[591/1116] Building C object esp-idf/mbedtls/mbedtls/tf-psa-crypto/drivers/everest/CMakeFiles/everest.dir/library/x25519.c.obj
[592/1116] Building C object esp-idf/esp_hal_ana_conv/CMakeFiles/__idf_esp_hal_ana_conv.dir/adc_hal.c.obj
[593/1116] Linking C static library esp-idf/esp_hal_ana_conv/libesp_hal_ana_conv.a
[594/1116] Building C object esp-idf/mbedtls/mbedtls/tf-psa-crypto/drivers/everest/CMakeFiles/everest.dir/library/Hacl_Curve25519_joined.c.obj
[595/1116] Linking C static library esp-idf/esp_hal_wdt/libesp_hal_wdt.a
[596/1116] Building C object esp-idf/mbedtls/mbedtls/tf-psa-crypto/drivers/builtin/CMakeFiles/builtin.dir/src/aesce.c.obj
[597/1116] Linking C static library esp-idf/esp_hal_timg/libesp_hal_timg.a
[598/1116] Building C object esp-idf/mbedtls/mbedtls/tf-psa-crypto/drivers/builtin/CMakeFiles/builtin.dir/src/aesni.c.obj
[599/1116] Building C object esp-idf/mbedtls/mbedtls/tf-psa-crypto/drivers/p256-m/CMakeFiles/p256-m.dir/p256-m_driver_entrypoints.c.obj
[600/1116] Linking CXX static library esp-idf/mbedtls/mbedtls/tf-psa-crypto/drivers/everest/libeverest.a
[601/1116] Building C object esp-idf/mbedtls/mbedtls/tf-psa-crypto/drivers/p256-m/CMakeFiles/p256-m.dir/p256-m/p256-m.c.obj
[602/1116] Building C object esp-idf/mbedtls/mbedtls/tf-psa-crypto/drivers/builtin/CMakeFiles/builtin.dir/src/aria.c.obj
[603/1116] Linking CXX static library esp-idf/mbedtls/mbedtls/tf-psa-crypto/drivers/p256-m/libp256-m.a
[604/1116] Building C object esp-idf/mbedtls/mbedtls/tf-psa-crypto/drivers/builtin/CMakeFiles/builtin.dir/src/bignum_mod.c.obj
[605/1116] Building C object esp-idf/mbedtls/mbedtls/tf-psa-crypto/drivers/builtin/CMakeFiles/builtin.dir/src/bignum_mod_raw.c.obj
[606/1116] Building C object esp-idf/mbedtls/mbedtls/tf-psa-crypto/drivers/builtin/CMakeFiles/builtin.dir/src/camellia.c.obj
[607/1116] Building C object esp-idf/mbedtls/mbedtls/tf-psa-crypto/drivers/builtin/CMakeFiles/builtin.dir/src/block_cipher.c.obj
[608/1116] Building C object esp-idf/mbedtls/mbedtls/tf-psa-crypto/drivers/builtin/CMakeFiles/builtin.dir/src/chacha20.c.obj
[609/1116] Building C object esp-idf/mbedtls/mbedtls/tf-psa-crypto/drivers/builtin/CMakeFiles/builtin.dir/src/chacha20_neon.c.obj
[610/1116] Building C object esp-idf/mbedtls/mbedtls/tf-psa-crypto/drivers/builtin/CMakeFiles/builtin.dir/src/chachapoly.c.obj
[611/1116] Building C object esp-idf/mbedtls/mbedtls/tf-psa-crypto/drivers/builtin/CMakeFiles/builtin.dir/src/ccm.c.obj
[612/1116] Building C object esp-idf/mbedtls/mbedtls/tf-psa-crypto/drivers/builtin/CMakeFiles/builtin.dir/src/cipher_wrap.c.obj
[613/1116] Building C object esp-idf/mbedtls/mbedtls/tf-psa-crypto/drivers/builtin/CMakeFiles/builtin.dir/src/bignum_core.c.obj
[614/1116] Building C object esp-idf/mbedtls/mbedtls/tf-psa-crypto/drivers/builtin/CMakeFiles/builtin.dir/src/cipher.c.obj
[615/1116] Building C object esp-idf/mbedtls/mbedtls/tf-psa-crypto/drivers/builtin/CMakeFiles/builtin.dir/src/cmac.c.obj
[616/1116] Building C object esp-idf/mbedtls/mbedtls/tf-psa-crypto/drivers/builtin/CMakeFiles/builtin.dir/src/ecjpake.c.obj
[617/1116] Building C object esp-idf/mbedtls/mbedtls/tf-psa-crypto/drivers/builtin/CMakeFiles/builtin.dir/src/ctr_drbg.c.obj
[618/1116] Building C object esp-idf/mbedtls/mbedtls/tf-psa-crypto/drivers/builtin/CMakeFiles/builtin.dir/src/ecp_curves_new.c.obj
[619/1116] Building C object esp-idf/mbedtls/mbedtls/tf-psa-crypto/drivers/builtin/CMakeFiles/builtin.dir/src/aes.c.obj
[620/1116] Building C object esp-idf/mbedtls/mbedtls/tf-psa-crypto/drivers/builtin/CMakeFiles/builtin.dir/src/entropy_poll.c.obj
[621/1116] Building C object esp-idf/mbedtls/mbedtls/tf-psa-crypto/drivers/builtin/CMakeFiles/builtin.dir/src/entropy.c.obj
[622/1116] Building C object esp-idf/mbedtls/mbedtls/tf-psa-crypto/drivers/builtin/CMakeFiles/builtin.dir/src/ecdsa.c.obj
[623/1116] Building C object esp-idf/mbedtls/mbedtls/tf-psa-crypto/drivers/builtin/CMakeFiles/builtin.dir/src/bignum.c.obj
[624/1116] Building C object esp-idf/mbedtls/mbedtls/tf-psa-crypto/drivers/builtin/CMakeFiles/builtin.dir/src/md5.c.obj
[625/1116] Building C object esp-idf/mbedtls/mbedtls/tf-psa-crypto/drivers/builtin/CMakeFiles/builtin.dir/src/poly1305.c.obj
[626/1116] Building C object esp-idf/mbedtls/mbedtls/tf-psa-crypto/drivers/builtin/CMakeFiles/builtin.dir/src/hmac_drbg.c.obj
[627/1116] Building C object esp-idf/mbedtls/mbedtls/tf-psa-crypto/drivers/builtin/CMakeFiles/builtin.dir/src/ecp_curves.c.obj
[628/1116] Building C object esp-idf/mbedtls/mbedtls/tf-psa-crypto/drivers/builtin/CMakeFiles/builtin.dir/src/psa_crypto_aead.c.obj
[629/1116] Building C object esp-idf/mbedtls/mbedtls/tf-psa-crypto/drivers/builtin/CMakeFiles/builtin.dir/src/psa_crypto_ffdh.c.obj
[630/1116] Building C object esp-idf/mbedtls/mbedtls/tf-psa-crypto/drivers/builtin/CMakeFiles/builtin.dir/src/gcm.c.obj
[631/1116] Building C object esp-idf/mbedtls/mbedtls/tf-psa-crypto/drivers/builtin/CMakeFiles/builtin.dir/src/psa_crypto_cipher.c.obj
[632/1116] Building C object esp-idf/mbedtls/mbedtls/tf-psa-crypto/drivers/builtin/CMakeFiles/builtin.dir/src/psa_crypto_hash.c.obj
[633/1116] Building C object esp-idf/mbedtls/mbedtls/tf-psa-crypto/drivers/builtin/CMakeFiles/builtin.dir/src/psa_crypto_ecp.c.obj
[634/1116] Building C object esp-idf/mbedtls/mbedtls/tf-psa-crypto/drivers/builtin/CMakeFiles/builtin.dir/src/psa_crypto_pake.c.obj
[635/1116] Building C object esp-idf/mbedtls/mbedtls/tf-psa-crypto/drivers/builtin/CMakeFiles/builtin.dir/src/ripemd160.c.obj
[636/1116] Building C object esp-idf/mbedtls/mbedtls/tf-psa-crypto/drivers/builtin/CMakeFiles/builtin.dir/src/psa_crypto_xof.c.obj
[637/1116] Building C object esp-idf/mbedtls/mbedtls/tf-psa-crypto/drivers/builtin/CMakeFiles/builtin.dir/src/psa_crypto_mac.c.obj
[638/1116] Building C object esp-idf/mbedtls/mbedtls/tf-psa-crypto/drivers/builtin/CMakeFiles/builtin.dir/src/sha1.c.obj
[639/1116] Building C object esp-idf/mbedtls/mbedtls/tf-psa-crypto/drivers/builtin/CMakeFiles/builtin.dir/src/psa_util_internal.c.obj
[640/1116] Building C object esp-idf/mbedtls/mbedtls/tf-psa-crypto/drivers/builtin/CMakeFiles/builtin.dir/src/ecp.c.obj
[641/1116] Building C object esp-idf/mbedtls/mbedtls/tf-psa-crypto/drivers/builtin/CMakeFiles/builtin.dir/src/sha512.c.obj
[642/1116] Building C object esp-idf/mbedtls/mbedtls/tf-psa-crypto/drivers/builtin/CMakeFiles/builtin.dir/src/psa_crypto_rsa.c.obj
[643/1116] Building C object esp-idf/mbedtls/mbedtls/tf-psa-crypto/drivers/builtin/CMakeFiles/builtin.dir/src/rsa_alt_helpers.c.obj
[644/1116] Building C object esp-idf/mbedtls/mbedtls/tf-psa-crypto/drivers/pqcp/CMakeFiles/pqcp.dir/src/psa_crypto_mldsa.c.obj
[645/1116] Building C object esp-idf/mbedtls/mbedtls/tf-psa-crypto/drivers/pqcp/CMakeFiles/pqcp.dir/src/wrap_mldsa_native.c.obj
[646/1116] Building C object esp-idf/mbedtls/mbedtls/tf-psa-crypto/extras/CMakeFiles/extras.dir/lmots.c.obj
[647/1116] Building C object esp-idf/mbedtls/mbedtls/tf-psa-crypto/extras/CMakeFiles/extras.dir/lms.c.obj
[648/1116] Building C object esp-idf/mbedtls/mbedtls/tf-psa-crypto/extras/CMakeFiles/extras.dir/nist_kw.c.obj
[649/1116] Building C object esp-idf/mbedtls/mbedtls/tf-psa-crypto/drivers/builtin/CMakeFiles/builtin.dir/src/sha3.c.obj
[650/1116] Building C object esp-idf/mbedtls/mbedtls/tf-psa-crypto/drivers/builtin/CMakeFiles/builtin.dir/src/sha256.c.obj
[651/1116] Building C object esp-idf/mbedtls/mbedtls/tf-psa-crypto/extras/CMakeFiles/extras.dir/pk_ecc.c.obj
[652/1116] Building C object esp-idf/mbedtls/mbedtls/tf-psa-crypto/extras/CMakeFiles/extras.dir/md.c.obj
[653/1116] Building C object esp-idf/mbedtls/mbedtls/tf-psa-crypto/extras/CMakeFiles/extras.dir/pk_rsa.c.obj
[654/1116] Building C object esp-idf/mbedtls/mbedtls/tf-psa-crypto/platform/CMakeFiles/platform.dir/memory_buffer_alloc.c.obj
[655/1116] Building C object esp-idf/mbedtls/mbedtls/tf-psa-crypto/extras/CMakeFiles/extras.dir/pk_wrap.c.obj
[656/1116] Building C object esp-idf/mbedtls/mbedtls/tf-psa-crypto/platform/CMakeFiles/platform.dir/platform.c.obj
[657/1116] Building C object esp-idf/mbedtls/mbedtls/tf-psa-crypto/extras/CMakeFiles/extras.dir/pk.c.obj
[658/1116] Building C object esp-idf/mbedtls/mbedtls/tf-psa-crypto/platform/CMakeFiles/platform.dir/platform_util.c.obj
[659/1116] Building C object esp-idf/mbedtls/mbedtls/tf-psa-crypto/platform/CMakeFiles/platform.dir/threading.c.obj
[660/1116] Building C object esp-idf/mbedtls/mbedtls/tf-psa-crypto/extras/CMakeFiles/extras.dir/pkparse.c.obj
[661/1116] Building C object esp-idf/mbedtls/mbedtls/tf-psa-crypto/extras/CMakeFiles/extras.dir/pkwrite.c.obj
[662/1116] Building C object esp-idf/mbedtls/mbedtls/tf-psa-crypto/drivers/builtin/CMakeFiles/builtin.dir/src/rsa.c.obj
[663/1116] Building C object esp-idf/mbedtls/mbedtls/tf-psa-crypto/utilities/CMakeFiles/utilities.dir/constant_time.c.obj
[664/1116] Linking CXX static library esp-idf/mbedtls/mbedtls/tf-psa-crypto/drivers/builtin/libmbed-builtin.a
[665/1116] Building C object esp-idf/mbedtls/mbedtls/tf-psa-crypto/utilities/CMakeFiles/utilities.dir/asn1parse.c.obj
[666/1116] Building C object esp-idf/mbedtls/mbedtls/tf-psa-crypto/utilities/CMakeFiles/utilities.dir/asn1write.c.obj
[667/1116] Linking CXX static library esp-idf/mbedtls/mbedtls/tf-psa-crypto/drivers/pqcp/libpqcp.a
[668/1116] Building C object esp-idf/mbedtls/mbedtls/tf-psa-crypto/utilities/CMakeFiles/utilities.dir/base64.c.obj
[669/1116] Building C object esp-idf/mbedtls/mbedtls/tf-psa-crypto/utilities/CMakeFiles/utilities.dir/oid.c.obj
[670/1116] Linking CXX static library esp-idf/mbedtls/mbedtls/tf-psa-crypto/extras/libextras.a
[671/1116] Linking CXX static library esp-idf/mbedtls/mbedtls/tf-psa-crypto/platform/libplatform.a
[672/1116] Building C object esp-idf/mbedtls/mbedtls/tf-psa-crypto/core/CMakeFiles/tfpsacrypto.dir/psa_crypto_random.c.obj
[673/1116] Building C object esp-idf/mbedtls/mbedtls/tf-psa-crypto/core/CMakeFiles/tfpsacrypto.dir/psa_crypto_client.c.obj
[674/1116] Building C object esp-idf/mbedtls/mbedtls/tf-psa-crypto/core/CMakeFiles/tfpsacrypto.dir/psa_its_file.c.obj
[675/1116] Building C object esp-idf/mbedtls/mbedtls/tf-psa-crypto/utilities/CMakeFiles/utilities.dir/pkcs5.c.obj
[676/1116] Building C object esp-idf/mbedtls/mbedtls/tf-psa-crypto/utilities/CMakeFiles/utilities.dir/pem.c.obj
[677/1116] Building C object esp-idf/mbedtls/mbedtls/tf-psa-crypto/core/CMakeFiles/tfpsacrypto.dir/psa_crypto_storage.c.obj
[678/1116] Linking CXX static library esp-idf/mbedtls/mbedtls/tf-psa-crypto/utilities/libutilities.a
[679/1116] Building C object esp-idf/mbedtls/mbedtls/tf-psa-crypto/core/CMakeFiles/tfpsacrypto.dir/tf_psa_crypto_config.c.obj
[680/1116] Building C object esp-idf/mbedtls/mbedtls/tf-psa-crypto/core/CMakeFiles/tfpsacrypto.dir/tf_psa_crypto_version.c.obj
[681/1116] Building C object esp-idf/mbedtls/mbedtls/tf-psa-crypto/core/CMakeFiles/tfpsacrypto.dir/psa_crypto_slot_management.c.obj
[682/1116] Building C object esp-idf/mbedtls/mbedtls/tf-psa-crypto/core/CMakeFiles/tfpsacrypto.dir/psa_util.c.obj
[683/1116] Building C object esp-idf/mbedtls/mbedtls/tf-psa-crypto/core/CMakeFiles/tfpsacrypto.dir/home/udaybhan/.espressif/v6.0.3/esp-idf/components/mbedtls/port/sha/core/esp_sha_gdma_impl.c.obj
[684/1116] Building C object esp-idf/mbedtls/mbedtls/tf-psa-crypto/core/CMakeFiles/tfpsacrypto.dir/psa_crypto_driver_wrappers_no_static.c.obj
[685/1116] Building C object esp-idf/mbedtls/mbedtls/tf-psa-crypto/core/CMakeFiles/tfpsacrypto.dir/home/udaybhan/.espressif/v6.0.3/esp-idf/components/mbedtls/port/aes/dma/esp_aes_gdma_impl.c.obj
[686/1116] Building C object esp-idf/mbedtls/mbedtls/tf-psa-crypto/core/CMakeFiles/tfpsacrypto.dir/home/udaybhan/.espressif/v6.0.3/esp-idf/components/mbedtls/port/esp_hardware.c.obj
[687/1116] Building C object esp-idf/mbedtls/mbedtls/tf-psa-crypto/core/CMakeFiles/tfpsacrypto.dir/home/udaybhan/.espressif/v6.0.3/esp-idf/components/mbedtls/port/psa_crypto_storage/esp_psa_its.c.obj
[688/1116] Building C object esp-idf/mbedtls/mbedtls/tf-psa-crypto/core/CMakeFiles/tfpsacrypto.dir/home/udaybhan/.espressif/v6.0.3/esp-idf/components/mbedtls/port/crypto_shared_gdma/esp_crypto_shared_gdma.c.obj
[689/1116] Building C object esp-idf/mbedtls/mbedtls/tf-psa-crypto/core/CMakeFiles/tfpsacrypto.dir/home/udaybhan/.espressif/v6.0.3/esp-idf/components/mbedtls/port/aes/esp_aes_xts.c.obj
[690/1116] Building C object esp-idf/mbedtls/mbedtls/tf-psa-crypto/core/CMakeFiles/tfpsacrypto.dir/home/udaybhan/.espressif/v6.0.3/esp-idf/components/mbedtls/port/aes/esp_aes_common.c.obj
[691/1116] Building C object esp-idf/mbedtls/mbedtls/tf-psa-crypto/core/CMakeFiles/tfpsacrypto.dir/home/udaybhan/.espressif/v6.0.3/esp-idf/components/mbedtls/port/aes/dma/esp_aes_dma_core.c.obj
[692/1116] Building C object esp-idf/mbedtls/mbedtls/tf-psa-crypto/core/CMakeFiles/tfpsacrypto.dir/home/udaybhan/.espressif/v6.0.3/esp-idf/components/mbedtls/port/psa_driver/esp_sha/psa_crypto_driver_esp_sha.c.obj
[693/1116] Building C object esp-idf/mbedtls/mbedtls/tf-psa-crypto/core/CMakeFiles/tfpsacrypto.dir/home/udaybhan/.espressif/v6.0.3/esp-idf/components/mbedtls/port/aes/esp_aes.c.obj
[694/1116] Building C object esp-idf/mbedtls/mbedtls/tf-psa-crypto/core/CMakeFiles/tfpsacrypto.dir/home/udaybhan/.espressif/v6.0.3/esp-idf/components/mbedtls/port/psa_driver/esp_sha/core/psa_crypto_driver_esp_sha256.c.obj
[695/1116] Building C object esp-idf/mbedtls/mbedtls/tf-psa-crypto/core/CMakeFiles/tfpsacrypto.dir/home/udaybhan/.espressif/v6.0.3/esp-idf/components/mbedtls/port/psa_driver/esp_sha/core/psa_crypto_driver_esp_sha512.c.obj
[696/1116] Building C object esp-idf/mbedtls/mbedtls/tf-psa-crypto/core/CMakeFiles/tfpsacrypto.dir/home/udaybhan/.espressif/v6.0.3/esp-idf/components/mbedtls/port/aes/esp_aes_gcm.c.obj
[697/1116] Building C object esp-idf/mbedtls/mbedtls/tf-psa-crypto/core/CMakeFiles/tfpsacrypto.dir/home/udaybhan/.espressif/v6.0.3/esp-idf/components/mbedtls/port/sha/esp_sha.c.obj
[698/1116] Building C object esp-idf/mbedtls/mbedtls/tf-psa-crypto/core/CMakeFiles/tfpsacrypto.dir/home/udaybhan/.espressif/v6.0.3/esp-idf/components/mbedtls/port/psa_driver/esp_sha/core/psa_crypto_driver_esp_sha1.c.obj
[699/1116] Building C object esp-idf/mbedtls/mbedtls/tf-psa-crypto/core/CMakeFiles/tfpsacrypto.dir/home/udaybhan/.espressif/v6.0.3/esp-idf/components/mbedtls/port/psa_driver/esp_md/psa_crypto_driver_esp_md5.c.obj
[700/1116] Building C object esp-idf/mbedtls/mbedtls/tf-psa-crypto/core/CMakeFiles/tfpsacrypto.dir/home/udaybhan/.espressif/v6.0.3/esp-idf/components/mbedtls/port/psa_driver/esp_mac/psa_crypto_driver_esp_hmac_transparent.c.obj
[701/1116] Building C object esp-idf/mbedtls/mbedtls/tf-psa-crypto/core/CMakeFiles/tfpsacrypto.dir/home/udaybhan/.espressif/v6.0.3/esp-idf/components/mbedtls/port/sha/core/sha.c.obj
[702/1116] Building C object esp-idf/mbedtls/mbedtls/tf-psa-crypto/core/CMakeFiles/tfpsacrypto.dir/home/udaybhan/.espressif/v6.0.3/esp-idf/components/mbedtls/port/psa_driver/esp_mac/psa_crypto_driver_esp_hmac_opaque.c.obj
[703/1116] Building C object esp-idf/mbedtls/mbedtls/tf-psa-crypto/core/CMakeFiles/tfpsacrypto.dir/home/udaybhan/.espressif/v6.0.3/esp-idf/components/mbedtls/port/esp_hmac_pbkdf2.c.obj
[704/1116] Building C object esp-idf/mbedtls/mbedtls/tf-psa-crypto/core/CMakeFiles/tfpsacrypto.dir/home/udaybhan/.espressif/v6.0.3/esp-idf/components/mbedtls/port/psa_driver/esp_rsa_ds/psa_crypto_driver_esp_rsa_ds_utilities.c.obj
[705/1116] Building C object esp-idf/mbedtls/mbedtls/tf-psa-crypto/core/CMakeFiles/tfpsacrypto.dir/home/udaybhan/.espressif/v6.0.3/esp-idf/components/mbedtls/port/bignum/bignum_alt.c.obj
[706/1116] Building C object esp-idf/mbedtls/mbedtls/tf-psa-crypto/core/CMakeFiles/tfpsacrypto.dir/home/udaybhan/.espressif/v6.0.3/esp-idf/components/mbedtls/port/bignum/esp_bignum.c.obj
[707/1116] Building C object esp-idf/mbedtls/mbedtls/tf-psa-crypto/core/CMakeFiles/tfpsacrypto.dir/home/udaybhan/.espressif/v6.0.3/esp-idf/components/mbedtls/port/psa_driver/esp_rsa_ds/psa_crypto_driver_esp_rsa_ds.c.obj
[708/1116] Building C object esp-idf/mbedtls/mbedtls/library/CMakeFiles/mbedtls.dir/debug.c.obj
[709/1116] Building C object esp-idf/mbedtls/mbedtls/tf-psa-crypto/core/CMakeFiles/tfpsacrypto.dir/home/udaybhan/.espressif/v6.0.3/esp-idf/components/mbedtls/port/psa_driver/esp_aes/psa_crypto_driver_esp_aes_gcm.c.obj
[710/1116] Building C object esp-idf/mbedtls/mbedtls/tf-psa-crypto/core/CMakeFiles/tfpsacrypto.dir/home/udaybhan/.espressif/v6.0.3/esp-idf/components/mbedtls/port/psa_driver/esp_mac/psa_crypto_driver_esp_cmac.c.obj
[711/1116] Building C object esp-idf/mbedtls/mbedtls/tf-psa-crypto/core/CMakeFiles/tfpsacrypto.dir/home/udaybhan/.espressif/v6.0.3/esp-idf/components/mbedtls/port/psa_driver/esp_aes/psa_crypto_driver_esp_aes.c.obj
[712/1116] Building C object esp-idf/mbedtls/mbedtls/library/CMakeFiles/mbedtls.dir/mps_trace.c.obj
[713/1116] Building C object esp-idf/mbedtls/mbedtls/library/CMakeFiles/mbedtls.dir/mps_reader.c.obj
[714/1116] Building C object esp-idf/mbedtls/mbedtls/library/CMakeFiles/mbedtls.dir/ssl_cookie.c.obj
[715/1116] Building C object esp-idf/mbedtls/mbedtls/library/CMakeFiles/mbedtls.dir/ssl_cache.c.obj
[716/1116] Building C object esp-idf/mbedtls/mbedtls/library/CMakeFiles/mbedtls.dir/ssl_ciphersuites.c.obj
[717/1116] Building C object esp-idf/mbedtls/mbedtls/library/CMakeFiles/mbedtls.dir/ssl_debug_helpers_generated.c.obj
[718/1116] Building C object esp-idf/mbedtls/mbedtls/library/CMakeFiles/mbedtls.dir/ssl_client.c.obj
[719/1116] Building C object esp-idf/mbedtls/mbedtls/library/CMakeFiles/mbedtls.dir/ssl_ticket.c.obj
[720/1116] Building C object esp-idf/mbedtls/mbedtls/library/CMakeFiles/mbedtls.dir/ssl_tls13_keys.c.obj
[721/1116] Building C object esp-idf/mbedtls/mbedtls/library/CMakeFiles/mbedtls.dir/ssl_tls12_client.c.obj
[722/1116] Building C object esp-idf/mbedtls/mbedtls/library/CMakeFiles/mbedtls.dir/ssl_tls13_server.c.obj
[723/1116] Building C object esp-idf/mbedtls/mbedtls/library/CMakeFiles/mbedtls.dir/ssl_tls13_client.c.obj
[724/1116] Building C object esp-idf/mbedtls/mbedtls/library/CMakeFiles/mbedtls.dir/ssl_tls13_generic.c.obj
[725/1116] Building C object esp-idf/mbedtls/mbedtls/library/CMakeFiles/mbedtls.dir/timing.c.obj
[726/1116] Building C object esp-idf/mbedtls/mbedtls/library/CMakeFiles/mbedtls.dir/version.c.obj
[727/1116] Building C object esp-idf/mbedtls/mbedtls/library/CMakeFiles/mbedtls.dir/ssl_msg.c.obj
[728/1116] Building C object esp-idf/mbedtls/mbedtls/library/CMakeFiles/mbedtls.dir/version_features.c.obj
[729/1116] Building C object esp-idf/mbedtls/mbedtls/library/CMakeFiles/mbedtls.dir/home/udaybhan/.espressif/v6.0.3/esp-idf/components/mbedtls/port/esp_platform_time.c.obj
[730/1116] Building C object esp-idf/mbedtls/mbedtls/library/CMakeFiles/mbedtls.dir/home/udaybhan/.espressif/v6.0.3/esp-idf/components/mbedtls/port/mbedtls_debug.c.obj
[731/1116] Building C object esp-idf/mbedtls/mbedtls/library/CMakeFiles/mbedtls.dir/home/udaybhan/.espressif/v6.0.3/esp-idf/components/mbedtls/port/esp_psa_crypto_init.c.obj
[732/1116] Building C object esp-idf/mbedtls/mbedtls/library/CMakeFiles/mbedtls.dir/home/udaybhan/.espressif/v6.0.3/esp-idf/components/mbedtls/port/esp_timing.c.obj
[733/1116] Building C object esp-idf/mbedtls/mbedtls/library/CMakeFiles/mbedtls.dir/ssl_tls12_server.c.obj
[734/1116] Building C object esp-idf/mbedtls/mbedtls/library/CMakeFiles/mbedx509.dir/mbedtls_config.c.obj
[735/1116] Building C object esp-idf/mbedtls/mbedtls/library/CMakeFiles/mbedx509.dir/error.c.obj
[736/1116] Building C object esp-idf/mbedtls/mbedtls/library/CMakeFiles/mbedtls.dir/home/udaybhan/.espressif/v6.0.3/esp-idf/components/mbedtls/port/net_sockets.c.obj
[737/1116] Building C object esp-idf/mbedtls/mbedtls/library/CMakeFiles/mbedx509.dir/x509_create.c.obj
[738/1116] Building C object esp-idf/mbedtls/mbedtls/library/CMakeFiles/mbedx509.dir/pkcs7.c.obj
[739/1116] Building C object esp-idf/mbedtls/mbedtls/tf-psa-crypto/core/CMakeFiles/tfpsacrypto.dir/psa_crypto.c.obj
[740/1116] Building C object esp-idf/mbedtls/mbedtls/library/CMakeFiles/mbedtls.dir/ssl_tls.c.obj
[741/1116] Building C object esp-idf/mbedtls/mbedtls/library/CMakeFiles/mbedx509.dir/x509_crl.c.obj
[742/1116] Building C object esp-idf/mbedtls/mbedtls/library/CMakeFiles/mbedx509.dir/x509_csr.c.obj
[743/1116] Linking CXX static library esp-idf/mbedtls/mbedtls/tf-psa-crypto/core/libtfpsacrypto.a
[744/1116] Building C object esp-idf/mbedtls/mbedtls/library/CMakeFiles/mbedx509.dir/x509write.c.obj
[745/1116] Building C object esp-idf/mbedtls/mbedtls/library/CMakeFiles/mbedx509.dir/x509write_csr.c.obj
[746/1116] Building C object esp-idf/mbedtls/mbedtls/library/CMakeFiles/mbedx509.dir/x509_oid.c.obj
[747/1116] Building C object esp-idf/mbedtls/mbedtls/library/CMakeFiles/mbedx509.dir/x509write_crt.c.obj
[748/1116] Linking CXX static library esp-idf/mbedtls/mbedtls/library/libmbedtls.a
[749/1116] Creating directories for 'bootloader'
[750/1116] No download step for 'bootloader'
[751/1116] Building C object esp-idf/mbedtls/mbedtls/library/CMakeFiles/mbedx509.dir/x509.c.obj
[752/1116] No update step for 'bootloader'
[753/1116] No patch step for 'bootloader'
[754/1116] Building C object esp-idf/mbedtls/mbedtls/library/CMakeFiles/mbedx509.dir/x509_crt.c.obj
[755/1116] Linking CXX static library esp-idf/mbedtls/mbedtls/library/libmbedx509.a
[756/1116] Generating x509_crt_bundle
[757/1116] Generating ../../x509_crt_bundle.S
[758/1116] Building ASM object esp-idf/mbedtls/CMakeFiles/__idf_mbedtls.dir/__/__/x509_crt_bundle.S.obj
[759/1116] Building C object esp-idf/mbedtls/CMakeFiles/__idf_mbedtls.dir/port/esp_mem.c.obj
[760/1116] Building C object esp-idf/mbedtls/CMakeFiles/__idf_mbedtls.dir/port/psa_crypto_storage/esp_psa_key_file.c.obj
[761/1116] Building C object esp-idf/esp_driver_dma/CMakeFiles/__idf_esp_driver_dma.dir/src/esp_dma_utils.c.obj
[762/1116] Building C object esp-idf/esp_driver_dma/CMakeFiles/__idf_esp_driver_dma.dir/src/esp_async_memcpy.c.obj
[763/1116] Building C object esp-idf/mbedtls/CMakeFiles/__idf_mbedtls.dir/esp_crt_bundle/esp_crt_bundle.c.obj
[764/1116] Linking C static library esp-idf/mbedtls/libmbedtls.a
[765/1116] Building C object esp-idf/esp_mm/CMakeFiles/__idf_esp_mm.dir/port/esp32s3/ext_mem_layout.c.obj
[766/1116] Building C object esp-idf/esp_driver_dma/CMakeFiles/__idf_esp_driver_dma.dir/src/gdma_link.c.obj
[767/1116] Building C object esp-idf/esp_mm/CMakeFiles/__idf_esp_mm.dir/esp_cache_utils.c.obj
[768/1116] Building C object esp-idf/esp_mm/CMakeFiles/__idf_esp_mm.dir/esp_cache_msync.c.obj
[769/1116] Building C object esp-idf/esp_driver_dma/CMakeFiles/__idf_esp_driver_dma.dir/src/async_memcpy_gdma.c.obj
[770/1116] Building C object esp-idf/esp_pm/CMakeFiles/__idf_esp_pm.dir/pm_trace.c.obj
[771/1116] Building C object esp-idf/esp_pm/CMakeFiles/__idf_esp_pm.dir/pm_locks.c.obj
[772/1116] Building C object esp-idf/esp_mm/CMakeFiles/__idf_esp_mm.dir/esp_mmu_map.c.obj
[773/1116] Building C object esp-idf/esp_hal_uart/CMakeFiles/__idf_esp_hal_uart.dir/esp32s3/uart_periph.c.obj
[774/1116] Building C object esp-idf/esp_hal_uart/CMakeFiles/__idf_esp_hal_uart.dir/uart_hal_iram.c.obj
[775/1116] Building C object esp-idf/esp_pm/CMakeFiles/__idf_esp_pm.dir/pm_impl.c.obj
[776/1116] Building C object esp-idf/esp_hal_uart/CMakeFiles/__idf_esp_hal_uart.dir/uhci_hal.c.obj
[777/1116] Building C object esp-idf/esp_hal_uart/CMakeFiles/__idf_esp_hal_uart.dir/uart_hal.c.obj
[778/1116] Building C object esp-idf/esp_driver_dma/CMakeFiles/__idf_esp_driver_dma.dir/src/gdma.c.obj
[779/1116] Building C object esp-idf/esp_driver_gpio/CMakeFiles/__idf_esp_driver_gpio.dir/src/gpio_glitch_filter_ops.c.obj
[780/1116] Linking C static library esp-idf/esp_driver_dma/libesp_driver_dma.a
[781/1116] Linking C static library esp-idf/esp_mm/libesp_mm.a
[782/1116] Linking C static library esp-idf/esp_pm/libesp_pm.a
[783/1116] Linking C static library esp-idf/esp_hal_uart/libesp_hal_uart.a
[784/1116] Building C object esp-idf/esp_driver_gpio/CMakeFiles/__idf_esp_driver_gpio.dir/src/gpio_pin_glitch_filter.c.obj
[785/1116] Building C object esp-idf/esp_security/CMakeFiles/__idf_esp_security.dir/src/init.c.obj
[786/1116] Building C object esp-idf/esp_driver_gpio/CMakeFiles/__idf_esp_driver_gpio.dir/src/dedic_gpio.c.obj
[787/1116] Building C object esp-idf/esp_security/CMakeFiles/__idf_esp_security.dir/src/esp_crypto_lock.c.obj
[788/1116] Building C object esp-idf/esp_security/CMakeFiles/__idf_esp_security.dir/src/esp_hmac.c.obj
[789/1116] Building C object esp-idf/esp_security/CMakeFiles/__idf_esp_security.dir/src/esp_crypto_periph_clk.c.obj
[790/1116] Building C object esp-idf/esp_driver_gpio/CMakeFiles/__idf_esp_driver_gpio.dir/src/rtc_io.c.obj
[791/1116] Building C object esp-idf/efuse/CMakeFiles/__idf_efuse.dir/esp32s3/esp_efuse_table.c.obj
[792/1116] Building C object esp-idf/esp_security/CMakeFiles/__idf_esp_security.dir/src/esp_ds.c.obj
[793/1116] Building C object esp-idf/efuse/CMakeFiles/__idf_efuse.dir/esp32s3/esp_efuse_fields.c.obj
[794/1116] Building C object esp-idf/efuse/CMakeFiles/__idf_efuse.dir/esp32s3/esp_efuse_rtc_calib.c.obj
[795/1116] Building C object esp-idf/efuse/CMakeFiles/__idf_efuse.dir/esp32s3/esp_efuse_utility.c.obj
[796/1116] Building C object esp-idf/efuse/CMakeFiles/__idf_efuse.dir/src/esp_efuse_api.c.obj
[797/1116] Building C object esp-idf/efuse/CMakeFiles/__idf_efuse.dir/src/esp_efuse_fields.c.obj
[798/1116] Building C object esp-idf/efuse/CMakeFiles/__idf_efuse.dir/src/esp_efuse_startup.c.obj
[799/1116] Building C object esp-idf/efuse/CMakeFiles/__idf_efuse.dir/src/efuse_controller/keys/with_key_purposes/esp_efuse_api_key.c.obj
[800/1116] Building C object esp-idf/esp_driver_gpio/CMakeFiles/__idf_esp_driver_gpio.dir/src/gpio.c.obj
[801/1116] Building C object esp-idf/efuse/CMakeFiles/__idf_efuse.dir/src/esp_efuse_utility.c.obj
[802/1116] Linking C static library esp-idf/esp_driver_gpio/libesp_driver_gpio.a
[803/1116] Linking C static library esp-idf/esp_security/libesp_security.a
[804/1116] Building C object esp-idf/esp_bootloader_format/CMakeFiles/__idf_esp_bootloader_format.dir/esp_bootloader_desc.c.obj
[805/1116] Linking C static library esp-idf/efuse/libefuse.a
[806/1116] Building C object esp-idf/esp_partition/CMakeFiles/__idf_esp_partition.dir/partition_target.c.obj
[807/1116] Building C object esp-idf/esp_app_format/CMakeFiles/__idf_esp_app_format.dir/esp_app_desc.c.obj
[808/1116] Building C object esp-idf/esp_hal_security/CMakeFiles/__idf_esp_hal_security.dir/mpi_hal.c.obj
[809/1116] Building C object esp-idf/esp_partition/CMakeFiles/__idf_esp_partition.dir/partition.c.obj
[810/1116] Building C object esp-idf/esp_hal_security/CMakeFiles/__idf_esp_hal_security.dir/sha_hal.c.obj
[811/1116] Linking C static library esp-idf/esp_partition/libesp_partition.a
[812/1116] Building C object esp-idf/esp_hal_security/CMakeFiles/__idf_esp_hal_security.dir/hmac_hal.c.obj
[813/1116] Building C object esp-idf/esp_hal_security/CMakeFiles/__idf_esp_hal_security.dir/aes_hal.c.obj
[814/1116] Building C object esp-idf/esp_hal_security/CMakeFiles/__idf_esp_hal_security.dir/mpu_hal.c.obj
[815/1116] Building C object esp-idf/esp_hal_security/CMakeFiles/__idf_esp_hal_security.dir/ds_hal.c.obj
[816/1116] Building C object esp-idf/esp_hal_mspi/CMakeFiles/__idf_esp_hal_mspi.dir/spi_flash_encrypt_hal_iram.c.obj
[817/1116] Building C object esp-idf/esp_hal_mspi/CMakeFiles/__idf_esp_hal_mspi.dir/spi_flash_hal.c.obj
[818/1116] Building C object esp-idf/esp_hal_clock/CMakeFiles/__idf_esp_hal_clock.dir/esp32s3/clk_tree_hal.c.obj
[819/1116] Building C object esp-idf/app_update/CMakeFiles/__idf_app_update.dir/esp_ota_ops.c.obj
[820/1116] Building C object esp-idf/esp_hal_gpspi/CMakeFiles/__idf_esp_hal_gpspi.dir/esp32s3/spi_periph.c.obj
[821/1116] Linking C static library esp-idf/app_update/libapp_update.a
[822/1116] Linking C static library esp-idf/esp_bootloader_format/libesp_bootloader_format.a
[823/1116] Linking C static library esp-idf/esp_app_format/libesp_app_format.a
[824/1116] Linking C static library esp-idf/esp_hal_security/libesp_hal_security.a
[825/1116] Building C object esp-idf/esp_hal_mspi/CMakeFiles/__idf_esp_hal_mspi.dir/spi_flash_hal_gpspi.c.obj
[826/1116] Building C object esp-idf/esp_hal_gpspi/CMakeFiles/__idf_esp_hal_gpspi.dir/spi_hal.c.obj
[827/1116] Building C object esp-idf/esp_hal_mspi/CMakeFiles/__idf_esp_hal_mspi.dir/spi_flash_hal_iram.c.obj
[828/1116] Building C object esp-idf/esp_hal_gpspi/CMakeFiles/__idf_esp_hal_gpspi.dir/spi_slave_hal.c.obj
[829/1116] Linking C static library esp-idf/esp_hal_mspi/libesp_hal_mspi.a
[830/1116] Linking C static library esp-idf/esp_hal_clock/libesp_hal_clock.a
[831/1116] Building C object esp-idf/esp_hal_dma/CMakeFiles/__idf_esp_hal_dma.dir/gdma_hal_top.c.obj
[832/1116] Building C object esp-idf/esp_hal_dma/CMakeFiles/__idf_esp_hal_dma.dir/esp32s3/gdma_periph.c.obj
[833/1116] Building C object esp-idf/esp_hal_gpspi/CMakeFiles/__idf_esp_hal_gpspi.dir/spi_hal_iram.c.obj
[834/1116] Building C object esp-idf/esp_hal_gpspi/CMakeFiles/__idf_esp_hal_gpspi.dir/spi_slave_hal_iram.c.obj
[835/1116] Building C object esp-idf/esp_stdio/CMakeFiles/__idf_esp_stdio.dir/stdio_simple.c.obj
[836/1116] Building C object esp-idf/xtensa/CMakeFiles/__idf_xtensa.dir/eri.c.obj
[837/1116] Building C object esp-idf/xtensa/CMakeFiles/__idf_xtensa.dir/xt_trax.c.obj
[838/1116] Building C object esp-idf/esp_hal_gpspi/CMakeFiles/__idf_esp_hal_gpspi.dir/spi_slave_hd_hal.c.obj
[839/1116] Building C object esp-idf/esp_stdio/CMakeFiles/__idf_esp_stdio.dir/stdio_syscalls_simple.c.obj
[840/1116] Building ASM object esp-idf/xtensa/CMakeFiles/__idf_xtensa.dir/xtensa_context.S.obj
[841/1116] Linking C static library esp-idf/esp_hal_gpspi/libesp_hal_gpspi.a
[842/1116] Building ASM object esp-idf/xtensa/CMakeFiles/__idf_xtensa.dir/xtensa_intr_asm.S.obj
[843/1116] Building ASM object esp-idf/xtensa/CMakeFiles/__idf_xtensa.dir/xtensa_vectors.S.obj
[844/1116] Building C object esp-idf/esp_stdio/CMakeFiles/__idf_esp_stdio.dir/stdio_vfs.c.obj
[845/1116] Building C object esp-idf/esp_hal_sd/CMakeFiles/__idf_esp_hal_sd.dir/esp32s3/sdmmc_periph.c.obj
[846/1116] Building C object esp-idf/esp_hal_dma/CMakeFiles/__idf_esp_hal_dma.dir/gdma_hal_ahb_v1.c.obj
[847/1116] Building C object esp-idf/esp_hal_sd/CMakeFiles/__idf_esp_hal_sd.dir/sdmmc_hal.c.obj
[848/1116] Linking C static library esp-idf/esp_hal_dma/libesp_hal_dma.a
[849/1116] Building C object esp-idf/xtensa/CMakeFiles/__idf_xtensa.dir/xtensa_intr.c.obj
[850/1116] Linking C static library esp-idf/esp_stdio/libesp_stdio.a
[851/1116] Linking C static library esp-idf/xtensa/libxtensa.a
[852/1116] Linking C static library esp-idf/esp_hal_sd/libesp_hal_sd.a
[853/1116] Building C object esp-idf/sdmmc/CMakeFiles/__idf_sdmmc.dir/sdmmc_init.c.obj
[854/1116] Building C object esp-idf/sdmmc/CMakeFiles/__idf_sdmmc.dir/sdmmc_mmc.c.obj
[855/1116] Building C object esp-idf/sdmmc/CMakeFiles/__idf_sdmmc.dir/sd_pwr_ctrl/sd_pwr_ctrl.c.obj
[856/1116] Building C object esp-idf/sdmmc/CMakeFiles/__idf_sdmmc.dir/sdmmc_blockdev.c.obj
[857/1116] Building C object esp-idf/sdmmc/CMakeFiles/__idf_sdmmc.dir/sdmmc_common.c.obj
[858/1116] Building C object esp-idf/joltwallet__littlefs/CMakeFiles/__idf_joltwallet__littlefs.dir/src/littlefs/lfs_util.c.obj
[859/1116] Building C object esp-idf/sdmmc/CMakeFiles/__idf_sdmmc.dir/sdmmc_cmd.c.obj
[860/1116] Building C object esp-idf/sdmmc/CMakeFiles/__idf_sdmmc.dir/sdmmc_sd.c.obj
[861/1116] Building C object esp-idf/joltwallet__littlefs/CMakeFiles/__idf_joltwallet__littlefs.dir/src/lfs_config.c.obj
[862/1116] Building C object esp-idf/joltwallet__littlefs/CMakeFiles/__idf_joltwallet__littlefs.dir/src/littlefs_esp_part.c.obj
[863/1116] Building C object esp-idf/sdmmc/CMakeFiles/__idf_sdmmc.dir/sdmmc_io.c.obj
[864/1116] Linking C static library esp-idf/sdmmc/libsdmmc.a
[865/1116] Building C object esp-idf/joltwallet__littlefs/CMakeFiles/__idf_joltwallet__littlefs.dir/src/esp_littlefs.c.obj
[866/1116] Building C object esp-idf/esp_driver_spi/CMakeFiles/__idf_esp_driver_spi.dir/src/gpspi/spi_common.c.obj
[867/1116] Building CXX object esp-idf/s3_storage/CMakeFiles/__idf_s3_storage.dir/home/udaybhan/projects/Ghar_sajag_r1_s3/code/ParivarSathi_v1.5.4_PWA_BatteryAnalytics_v3_4_2/firmware/hub/target/esp32s3/littlefs_segment_store.cpp.obj
[868/1116] Building CXX object esp-idf/s3_storage/CMakeFiles/__idf_s3_storage.dir/home/udaybhan/projects/Ghar_sajag_r1_s3/code/ParivarSathi_v1.5.4_PWA_BatteryAnalytics_v3_4_2/firmware/hub/components/storage/outbox_journal_backend.cpp.obj
[869/1116] Building C object esp-idf/joltwallet__littlefs/CMakeFiles/__idf_joltwallet__littlefs.dir/src/littlefs/lfs.c.obj
[870/1116] Linking C static library esp-idf/joltwallet__littlefs/libjoltwallet__littlefs.a
[871/1116] Building C object esp-idf/console/CMakeFiles/__idf_console.dir/commands.c.obj
[872/1116] Building C object esp-idf/console/CMakeFiles/__idf_console.dir/esp_console_common.c.obj
[873/1116] Building C object esp-idf/esp_driver_spi/CMakeFiles/__idf_esp_driver_spi.dir/src/gpspi/spi_slave_hd.c.obj
[874/1116] Building C object esp-idf/esp_driver_spi/CMakeFiles/__idf_esp_driver_spi.dir/src/gpspi/spi_slave.c.obj
[875/1116] Building C object esp-idf/esp_driver_spi/CMakeFiles/__idf_esp_driver_spi.dir/src/gpspi/spi_master.c.obj
[876/1116] Building C object esp-idf/console/CMakeFiles/__idf_console.dir/split_argv.c.obj
[877/1116] Building C object esp-idf/console/CMakeFiles/__idf_console.dir/esp_console_repl_internal.c.obj
[878/1116] Building C object esp-idf/console/CMakeFiles/__idf_console.dir/esp_console_repl_chip.c.obj
[879/1116] Performing configure step for 'bootloader'
-- Found Git: /usr/bin/git (found version "2.53.0")
-- Minimal build - OFF
-- The C compiler identification is GNU 15.2.0
-- The CXX compiler identification is GNU 15.2.0
-- The ASM compiler identification is GNU
-- Found assembler: /home/udaybhan/.espressif/tools/xtensa-esp-elf/esp-15.2.0_20251204/xtensa-esp-elf/bin/xtensa-esp32s3-elf-gcc
-- Detecting C compiler ABI info
-- Detecting C compiler ABI info - done
-- Check for working C compiler: /home/udaybhan/.espressif/tools/xtensa-esp-elf/esp-15.2.0_20251204/xtensa-esp-elf/bin/xtensa-esp32s3-elf-gcc - skipped
-- Detecting C compile features
-- Detecting C compile features - done
-- Detecting CXX compiler ABI info
-- Detecting CXX compiler ABI info - done
-- Check for working CXX compiler: /home/udaybhan/.espressif/tools/xtensa-esp-elf/esp-15.2.0_20251204/xtensa-esp-elf/bin/xtensa-esp32s3-elf-g++ - skipped
-- Detecting CXX compile features
-- Detecting CXX compile features - done
-- Building ESP-IDF components for target esp32s3
-- KCONFIG_REPORT_VERBOSITY not set, using default
-- Project sdkconfig file /tmp/p2c-closeout-20261010/sdkconfig
Default value for ESP_INT_WDT_TIMEOUT_MS in sdkconfig is 800 but it is 300 according to Kconfig.
Using default value from sdkconfig (800).
NOTE: Kconfig parser version: 1
NOTE: Kconfig defaults policy: use sdkconfig
NOTE: Status: Finished with notifications
NOTE: /home/udaybhan/.espressif/v6.0.3/esp-idf/components/esp_system/Kconfig:279: ESP_INT_WDT_TIMEOUT_MS: Kconfig default value: 300, sdkconfig default value: 800, using 800 from sdkconfig
NOTE: /home/udaybhan/.espressif/v6.0.3/esp-idf/components/freertos/Kconfig:573: FREERTOS_TASK_CREATE_ALLOW_EXT_MEM has user-set value n from /tmp/p2c-closeout-20261010/sdkconfig but is not visible (disabled dependency)
-- Compiler supported targets: xtensa-esp-elf
-- Detecting C compiler ABI info
-- Detecting C compiler ABI info - done
-- Detecting CXX compiler ABI info
-- Detecting CXX compiler ABI info - done
-- Detecting C compiler ABI info
-- Detecting C compiler ABI info - done
-- Detecting CXX compiler ABI info
-- Detecting CXX compiler ABI info - done
-- Adding linker script /home/udaybhan/.espressif/v6.0.3/esp-idf/components/soc/esp32s3/ld/esp32s3.peripherals.ld
-- Bootloader project name: "bootloader" version: 1
-- Adding linker script /home/udaybhan/.espressif/v6.0.3/esp-idf/components/esp_hal_wdt/esp32s3/rom.wdt.ld
-- Adding linker script /home/udaybhan/.espressif/v6.0.3/esp-idf/components/esp_rom/esp32s3/ld/esp32s3.rom.ld
-- Adding linker script /home/udaybhan/.espressif/v6.0.3/esp-idf/components/esp_rom/esp32s3/ld/esp32s3.rom.api.ld
-- Adding linker script /home/udaybhan/.espressif/v6.0.3/esp-idf/components/esp_rom/esp32s3/ld/esp32s3.rom.bt_funcs.ld
-- Adding linker script /home/udaybhan/.espressif/v6.0.3/esp-idf/components/esp_rom/esp32s3/ld/esp32s3.rom.libgcc.ld
-- Adding linker script /home/udaybhan/.espressif/v6.0.3/esp-idf/components/esp_rom/esp32s3/ld/esp32s3.rom.version.ld
-- Adding linker script /home/udaybhan/.espressif/v6.0.3/esp-idf/components/esp_rom/esp32s3/ld/esp32s3.rom.libc.ld
-- Components: bootloader bootloader_support efuse esp_app_format esp_blockdev esp_bootloader_format esp_common esp_hal_ana_conv esp_hal_clock esp_hal_dma esp_hal_gpio esp_hal_gpspi esp_hal_mspi esp_hal_pmu esp_hal_rtc_timer esp_hal_security esp_hal_timg esp_hal_uart esp_hal_usb esp_hal_wdt esp_hw_support esp_libc esp_rom esp_security esp_stdio esp_system esptool_py freertos hal log main micro-ecc partition_table soc spi_flash xtensa
-- Component paths: /home/udaybhan/.espressif/v6.0.3/esp-idf/components/bootloader /home/udaybhan/.espressif/v6.0.3/esp-idf/components/bootloader_support /home/udaybhan/.espressif/v6.0.3/esp-idf/components/efuse /home/udaybhan/.espressif/v6.0.3/esp-idf/components/esp_app_format /home/udaybhan/.espressif/v6.0.3/esp-idf/components/esp_blockdev /home/udaybhan/.espressif/v6.0.3/esp-idf/components/esp_bootloader_format /home/udaybhan/.espressif/v6.0.3/esp-idf/components/esp_common /home/udaybhan/.espressif/v6.0.3/esp-idf/components/esp_hal_ana_conv /home/udaybhan/.espressif/v6.0.3/esp-idf/components/esp_hal_clock /home/udaybhan/.espressif/v6.0.3/esp-idf/components/esp_hal_dma /home/udaybhan/.espressif/v6.0.3/esp-idf/components/esp_hal_gpio /home/udaybhan/.espressif/v6.0.3/esp-idf/components/esp_hal_gpspi /home/udaybhan/.espressif/v6.0.3/esp-idf/components/esp_hal_mspi /home/udaybhan/.espressif/v6.0.3/esp-idf/components/esp_hal_pmu /home/udaybhan/.espressif/v6.0.3/esp-idf/components/esp_hal_rtc_timer /home/udaybhan/.espressif/v6.0.3/esp-idf/components/esp_hal_security /home/udaybhan/.espressif/v6.0.3/esp-idf/components/esp_hal_timg /home/udaybhan/.espressif/v6.0.3/esp-idf/components/esp_hal_uart /home/udaybhan/.espressif/v6.0.3/esp-idf/components/esp_hal_usb /home/udaybhan/.espressif/v6.0.3/esp-idf/components/esp_hal_wdt /home/udaybhan/.espressif/v6.0.3/esp-idf/components/esp_hw_support /home/udaybhan/.espressif/v6.0.3/esp-idf/components/esp_libc /home/udaybhan/.espressif/v6.0.3/esp-idf/components/esp_rom /home/udaybhan/.espressif/v6.0.3/esp-idf/components/esp_security /home/udaybhan/.espressif/v6.0.3/esp-idf/components/esp_stdio /home/udaybhan/.espressif/v6.0.3/esp-idf/components/esp_system /home/udaybhan/.espressif/v6.0.3/esp-idf/components/esptool_py /home/udaybhan/.espressif/v6.0.3/esp-idf/components/freertos /home/udaybhan/.espressif/v6.0.3/esp-idf/components/hal /home/udaybhan/.espressif/v6.0.3/esp-idf/components/log /home/udaybhan/.espressif/v6.0.3/esp-idf/components/bootloader/subproject/main /home/udaybhan/.espressif/v6.0.3/esp-idf/components/bootloader/subproject/components/micro-ecc /home/udaybhan/.espressif/v6.0.3/esp-idf/components/partition_table /home/udaybhan/.espressif/v6.0.3/esp-idf/components/soc /home/udaybhan/.espressif/v6.0.3/esp-idf/components/spi_flash /home/udaybhan/.espressif/v6.0.3/esp-idf/components/xtensa
-- Adding linker script /home/udaybhan/.espressif/v6.0.3/esp-idf/components/bootloader/subproject/main/ld/esp32s3/bootloader.memory.ld.in
--   -> Preprocessing .in script: /home/udaybhan/.espressif/v6.0.3/esp-idf/components/bootloader/subproject/main/ld/esp32s3/bootloader.memory.ld.in
-- Adding linker script /home/udaybhan/.espressif/v6.0.3/esp-idf/components/bootloader/subproject/main/ld/esp32s3/bootloader.sections.ld.in
--   -> Preprocessing .in script: /home/udaybhan/.espressif/v6.0.3/esp-idf/components/bootloader/subproject/main/ld/esp32s3/bootloader.sections.ld.in
-- Configuring done (38.1s)
-- Generating done (1.7s)
-- Build files have been written to: /tmp/p2c-closeout-20261010/s3-build/bootloader
[880/1116] Building C object esp-idf/console/CMakeFiles/__idf_console.dir/argtable3/arg_cmd.c.obj
[881/1116] Building C object esp-idf/console/CMakeFiles/__idf_console.dir/argtable3/arg_dbl.c.obj
[882/1116] Building C object esp-idf/console/CMakeFiles/__idf_console.dir/argtable3/arg_end.c.obj
[883/1116] Building C object esp-idf/console/CMakeFiles/__idf_console.dir/argtable3/arg_dstr.c.obj
[884/1116] Building C object esp-idf/console/CMakeFiles/__idf_console.dir/argtable3/arg_file.c.obj
[885/1116] Building C object esp-idf/console/CMakeFiles/__idf_console.dir/argtable3/arg_date.c.obj
[886/1116] Building C object esp-idf/console/CMakeFiles/__idf_console.dir/argtable3/arg_hashtable.c.obj
[887/1116] Building C object esp-idf/console/CMakeFiles/__idf_console.dir/argtable3/arg_lit.c.obj
[888/1116] Building C object esp-idf/console/CMakeFiles/__idf_console.dir/argtable3/arg_rem.c.obj
[889/1116] Building C object esp-idf/console/CMakeFiles/__idf_console.dir/argtable3/arg_int.c.obj
[890/1116] Building C object esp-idf/console/CMakeFiles/__idf_console.dir/argtable3/arg_str.c.obj
[891/1116] Building C object esp-idf/console/CMakeFiles/__idf_console.dir/linenoise/linenoise.c.obj
[892/1116] Building C object esp-idf/console/CMakeFiles/__idf_console.dir/argtable3/arg_utils.c.obj
[893/1116] Linking C static library esp-idf/esp_driver_spi/libesp_driver_spi.a
[894/1116] Building C object esp-idf/esp_driver_sd_intf/CMakeFiles/__idf_esp_driver_sd_intf.dir/sd_host.c.obj
[895/1116] Building C object esp-idf/unity/CMakeFiles/__idf_unity.dir/unity_compat.c.obj
[896/1116] Building C object esp-idf/console/CMakeFiles/__idf_console.dir/argtable3/arg_rex.c.obj
[897/1116] Building C object esp-idf/console/CMakeFiles/__idf_console.dir/argtable3/argtable3.c.obj
[898/1116] Building C object esp-idf/unity/CMakeFiles/__idf_unity.dir/unity_runner.c.obj
[899/1116] Building C object esp-idf/unity/CMakeFiles/__idf_unity.dir/unity_utils_freertos.c.obj
[900/1116] Building C object esp-idf/unity/CMakeFiles/__idf_unity.dir/unity_utils_cache.c.obj
[901/1116] Building C object esp-idf/unity/CMakeFiles/__idf_unity.dir/unity_utils_memory.c.obj
[902/1116] Building C object esp-idf/unity/CMakeFiles/__idf_unity.dir/unity_port_esp32.c.obj
[903/1116] Linking C static library esp-idf/console/libconsole.a
[904/1116] Building C object esp-idf/unity/CMakeFiles/__idf_unity.dir/port/esp/unity_utils_memory_esp.c.obj
[905/1116] Building C object esp-idf/esp_hal_twai/CMakeFiles/__idf_esp_hal_twai.dir/esp32s3/twai_periph.c.obj
[906/1116] Building C object esp-idf/esp_hal_cam/CMakeFiles/__idf_esp_hal_cam.dir/esp32s3/cam_periph.c.obj
[907/1116] Building C object esp-idf/esp_hal_cam/CMakeFiles/__idf_esp_hal_cam.dir/cam_hal.c.obj
[908/1116] Building C object esp-idf/esp_hal_twai/CMakeFiles/__idf_esp_hal_twai.dir/twai_hal_v1.c.obj
[909/1116] Building C object esp-idf/unity/CMakeFiles/__idf_unity.dir/unity/src/unity.c.obj
[910/1116] Building C object esp-idf/esp_driver_i2c/CMakeFiles/__idf_esp_driver_i2c.dir/i2c_common.c.obj
[911/1116] Building C object esp-idf/esp_hal_ledc/CMakeFiles/__idf_esp_hal_ledc.dir/ledc_hal.c.obj
[912/1116] Building C object esp-idf/esp_hal_ledc/CMakeFiles/__idf_esp_hal_ledc.dir/esp32s3/ledc_periph.c.obj
[913/1116] Building C object esp-idf/esp_hal_ledc/CMakeFiles/__idf_esp_hal_ledc.dir/ledc_hal_iram.c.obj
[914/1116] Building C object esp-idf/protobuf-c/CMakeFiles/__idf_protobuf-c.dir/protobuf-c/protobuf-c/protobuf-c.c.obj
[915/1116] Building C object esp-idf/esp_hal_mcpwm/CMakeFiles/__idf_esp_hal_mcpwm.dir/esp32s3/mcpwm_periph.c.obj
[916/1116] Building C object esp-idf/esp_hal_mcpwm/CMakeFiles/__idf_esp_hal_mcpwm.dir/mcpwm_hal.c.obj
[917/1116] Building C object esp-idf/esp_hal_pcnt/CMakeFiles/__idf_esp_hal_pcnt.dir/pcnt_hal.c.obj
[918/1116] Building C object esp-idf/esp_hal_pcnt/CMakeFiles/__idf_esp_hal_pcnt.dir/esp32s3/pcnt_periph.c.obj
[919/1116] Linking C static library esp-idf/esp_driver_sd_intf/libesp_driver_sd_intf.a
[920/1116] Building C object esp-idf/esp_driver_i2c/CMakeFiles/__idf_esp_driver_i2c.dir/i2c_slave.c.obj
[921/1116] Building C object esp-idf/esp_hal_rmt/CMakeFiles/__idf_esp_hal_rmt.dir/rmt_hal.c.obj
[922/1116] Building C object esp-idf/esp_hal_rmt/CMakeFiles/__idf_esp_hal_rmt.dir/esp32s3/rmt_periph.c.obj
[923/1116] Building C object esp-idf/esp_driver_sdmmc/CMakeFiles/__idf_esp_driver_sdmmc.dir/legacy/src/sdmmc_transaction.c.obj
[924/1116] Building C object esp-idf/esp_driver_sdspi/CMakeFiles/__idf_esp_driver_sdspi.dir/src/sdspi_crc.c.obj
[925/1116] Building C object esp-idf/esp_driver_sdmmc/CMakeFiles/__idf_esp_driver_sdmmc.dir/legacy/src/sdmmc_host.c.obj
[926/1116] Building CXX object esp-idf/s3_storage/CMakeFiles/__idf_s3_storage.dir/home/udaybhan/projects/Ghar_sajag_r1_s3/code/ParivarSathi_v1.5.4_PWA_BatteryAnalytics_v3_4_2/firmware/hub/components/storage/durable_event_outbox.cpp.obj
[927/1116] Building C object esp-idf/esp_driver_i2c/CMakeFiles/__idf_esp_driver_i2c.dir/i2c_master.c.obj
[928/1116] Linking C static library esp-idf/s3_storage/libs3_storage.a
[929/1116] Building C object esp-idf/esp_driver_sdmmc/CMakeFiles/__idf_esp_driver_sdmmc.dir/src/sd_trans_sdmmc.c.obj
[930/1116] Building C object esp-idf/esp_driver_sdspi/CMakeFiles/__idf_esp_driver_sdspi.dir/src/sdspi_transaction.c.obj
[931/1116] Linking C static library esp-idf/protobuf-c/libprotobuf-c.a
[932/1116] Building C object esp-idf/esp_hal_lcd/CMakeFiles/__idf_esp_hal_lcd.dir/esp32s3/lcd_periph.c.obj
[933/1116] Building C object esp-idf/esp_hal_lcd/CMakeFiles/__idf_esp_hal_lcd.dir/lcd_hal.c.obj
[934/1116] Building C object esp-idf/protocomm/CMakeFiles/__idf_protocomm.dir/proto-c/constants.pb-c.c.obj
[935/1116] Building C object esp-idf/esp_driver_sdspi/CMakeFiles/__idf_esp_driver_sdspi.dir/src/sdspi_host.c.obj
[936/1116] Building C object esp-idf/protocomm/CMakeFiles/__idf_protocomm.dir/proto-c/sec0.pb-c.c.obj
[937/1116] Building C object esp-idf/protocomm/CMakeFiles/__idf_protocomm.dir/proto-c/sec1.pb-c.c.obj
[938/1116] Building C object esp-idf/protocomm/CMakeFiles/__idf_protocomm.dir/proto-c/session.pb-c.c.obj
[939/1116] Building C object esp-idf/protocomm/CMakeFiles/__idf_protocomm.dir/src/common/protocomm.c.obj
[940/1116] Building C object esp-idf/protocomm/CMakeFiles/__idf_protocomm.dir/proto-c/sec2.pb-c.c.obj
[941/1116] Building C object esp-idf/esp_https_server/CMakeFiles/__idf_esp_https_server.dir/src/https_server.c.obj
[942/1116] Building C object esp-idf/protocomm/CMakeFiles/__idf_protocomm.dir/src/transports/protocomm_console.c.obj
[943/1116] Building C object esp-idf/protocomm/CMakeFiles/__idf_protocomm.dir/src/crypto/srp6a/esp_srp_mpi.c.obj
[944/1116] Building C object esp-idf/protocomm/CMakeFiles/__idf_protocomm.dir/src/transports/protocomm_httpd.c.obj
[945/1116] Building C object esp-idf/esp_driver_sdmmc/CMakeFiles/__idf_esp_driver_sdmmc.dir/src/sd_host_sdmmc.c.obj
[946/1116] Building CXX object esp-idf/wear_levelling/CMakeFiles/__idf_wear_levelling.dir/Partition.cpp.obj
[947/1116] Building CXX object esp-idf/wear_levelling/CMakeFiles/__idf_wear_levelling.dir/BDL_Access.cpp.obj
[948/1116] Building CXX object esp-idf/wear_levelling/CMakeFiles/__idf_wear_levelling.dir/SPI_Flash.cpp.obj
[949/1116] Building CXX object esp-idf/wear_levelling/CMakeFiles/__idf_wear_levelling.dir/crc32.cpp.obj
[950/1116] Building CXX object esp-idf/wear_levelling/CMakeFiles/__idf_wear_levelling.dir/WL_Ext_Perf.cpp.obj
[951/1116] Building CXX object esp-idf/wear_levelling/CMakeFiles/__idf_wear_levelling.dir/WL_Ext_Safe.cpp.obj
[952/1116] Building C object esp-idf/protocomm/CMakeFiles/__idf_protocomm.dir/src/security/security2.c.obj
[953/1116] Building C object esp-idf/protocomm/CMakeFiles/__idf_protocomm.dir/src/crypto/srp6a/esp_srp.c.obj
[954/1116] Building CXX object esp-idf/wear_levelling/CMakeFiles/__idf_wear_levelling.dir/wear_levelling.cpp.obj
[955/1116] Linking C static library esp-idf/unity/libunity.a
[956/1116] Building CXX object esp-idf/wear_levelling/CMakeFiles/__idf_wear_levelling.dir/wl_blockdev.cpp.obj
[957/1116] Linking C static library esp-idf/esp_hal_twai/libesp_hal_twai.a
[958/1116] Building C object esp-idf/cmock/CMakeFiles/__idf_cmock.dir/CMock/src/cmock.c.obj
[959/1116] Building C object esp-idf/esp_driver_gptimer/CMakeFiles/__idf_esp_driver_gptimer.dir/src/gptimer_common.c.obj
[960/1116] Building C object esp-idf/esp_driver_gptimer/CMakeFiles/__idf_esp_driver_gptimer.dir/src/gptimer.c.obj
[961/1116] Building CXX object esp-idf/wear_levelling/CMakeFiles/__idf_wear_levelling.dir/WL_Flash.cpp.obj
[962/1116] Building C object esp-idf/driver/CMakeFiles/__idf_driver.dir/touch_sensor/touch_sensor_common.c.obj
[963/1116] Building C object esp-idf/esp_blockdev_util/CMakeFiles/__idf_esp_blockdev_util.dir/memory.c.obj
[964/1116] Linking C static library esp-idf/esp_hal_cam/libesp_hal_cam.a
[965/1116] Building C object esp-idf/esp_blockdev_util/CMakeFiles/__idf_esp_blockdev_util.dir/generic_partition.c.obj
[966/1116] Building C object esp-idf/esp_driver_cam/CMakeFiles/__idf_esp_driver_cam.dir/esp_cam_ctlr.c.obj
[967/1116] Building C object esp-idf/esp_driver_cam/CMakeFiles/__idf_esp_driver_cam.dir/dvp_share_ctrl.c.obj
[968/1116] Building C object esp-idf/esp_driver_cam/CMakeFiles/__idf_esp_driver_cam.dir/dvp/src/esp_cam_ctlr_dvp_gdma.c.obj
[969/1116] Linking C static library esp-idf/esp_driver_i2c/libesp_driver_i2c.a
[970/1116] Building C object esp-idf/driver/CMakeFiles/__idf_driver.dir/touch_sensor/esp32s3/touch_sensor.c.obj
[971/1116] Linking C static library esp-idf/esp_hal_ledc/libesp_hal_ledc.a
[972/1116] Linking C static library esp-idf/esp_hal_mcpwm/libesp_hal_mcpwm.a
[973/1116] Building C object esp-idf/driver/CMakeFiles/__idf_driver.dir/twai/twai.c.obj
[974/1116] Building C object esp-idf/driver/CMakeFiles/__idf_driver.dir/i2c/i2c.c.obj
[975/1116] Building C object esp-idf/esp_driver_cam/CMakeFiles/__idf_esp_driver_cam.dir/dvp/src/esp_cam_ctlr_dvp_cam.c.obj
[976/1116] Building C object esp-idf/esp_driver_mcpwm/CMakeFiles/__idf_esp_driver_mcpwm.dir/src/mcpwm_cmpr.c.obj
[977/1116] Building C object esp-idf/esp_driver_mcpwm/CMakeFiles/__idf_esp_driver_mcpwm.dir/src/mcpwm_com.c.obj
[978/1116] Building C object esp-idf/esp_driver_mcpwm/CMakeFiles/__idf_esp_driver_mcpwm.dir/src/mcpwm_cap.c.obj
[979/1116] Building C object esp-idf/esp_driver_mcpwm/CMakeFiles/__idf_esp_driver_mcpwm.dir/src/mcpwm_fault.c.obj
[980/1116] Building C object esp-idf/esp_driver_mcpwm/CMakeFiles/__idf_esp_driver_mcpwm.dir/src/mcpwm_gen.c.obj
[981/1116] Linking C static library esp-idf/esp_hal_pcnt/libesp_hal_pcnt.a
[982/1116] Building C object esp-idf/esp_driver_mcpwm/CMakeFiles/__idf_esp_driver_mcpwm.dir/src/mcpwm_sync.c.obj
[983/1116] Linking C static library esp-idf/esp_hal_rmt/libesp_hal_rmt.a
[984/1116] Building C object esp-idf/esp_driver_mcpwm/CMakeFiles/__idf_esp_driver_mcpwm.dir/src/mcpwm_oper.c.obj
[985/1116] Building C object esp-idf/esp_driver_ledc/CMakeFiles/__idf_esp_driver_ledc.dir/src/ledc.c.obj
[986/1116] Building C object esp-idf/esp_driver_rmt/CMakeFiles/__idf_esp_driver_rmt.dir/src/rmt_encoder.c.obj
[987/1116] Building C object esp-idf/esp_driver_mcpwm/CMakeFiles/__idf_esp_driver_mcpwm.dir/src/mcpwm_timer.c.obj
[988/1116] Generating ../../node_firmware.bin.S
[989/1116] Building C object esp-idf/esp_driver_rmt/CMakeFiles/__idf_esp_driver_rmt.dir/src/rmt_common.c.obj
[990/1116] Building C object esp-idf/esp_driver_rmt/CMakeFiles/__idf_esp_driver_rmt.dir/src/rmt_encoder_simple.c.obj
[991/1116] Building C object esp-idf/esp_driver_rmt/CMakeFiles/__idf_esp_driver_rmt.dir/src/rmt_encoder_bytes.c.obj
[992/1116] Building C object esp-idf/esp_driver_rmt/CMakeFiles/__idf_esp_driver_rmt.dir/src/rmt_encoder_copy.c.obj
[993/1116] Linking C static library esp-idf/esp_driver_sdmmc/libesp_driver_sdmmc.a
[994/1116] Linking C static library esp-idf/esp_driver_sdspi/libesp_driver_sdspi.a
[995/1116] Building C object esp-idf/esp_driver_pcnt/CMakeFiles/__idf_esp_driver_pcnt.dir/src/pulse_cnt.c.obj
[996/1116] Building C object esp-idf/esp_driver_sdm/CMakeFiles/__idf_esp_driver_sdm.dir/src/sdm.c.obj
[997/1116] Building C object esp-idf/esp_driver_touch_sens/CMakeFiles/__idf_esp_driver_touch_sens.dir/hw_ver2/touch_version_specific.c.obj
[998/1116] Building C object esp-idf/esp_driver_rmt/CMakeFiles/__idf_esp_driver_rmt.dir/src/rmt_rx.c.obj
[999/1116] Building C object esp-idf/esp_driver_tsens/CMakeFiles/__idf_esp_driver_tsens.dir/src/temperature_sensor.c.obj
[1000/1116] Building C object esp-idf/esp_driver_twai/CMakeFiles/__idf_esp_driver_twai.dir/esp_twai.c.obj
[1001/1116] Building C object esp-idf/esp_driver_touch_sens/CMakeFiles/__idf_esp_driver_touch_sens.dir/common/touch_sens_common.c.obj
[1002/1116] Building C object esp-idf/esp_driver_twai/CMakeFiles/__idf_esp_driver_twai.dir/twai_frame_queue.c.obj
[1003/1116] Linking C static library esp-idf/esp_hal_lcd/libesp_hal_lcd.a
[1004/1116] Building C object esp-idf/esp_hid/CMakeFiles/__idf_esp_hid.dir/src/esp_hidd.c.obj
[1005/1116] Building C object esp-idf/esp_eth/CMakeFiles/__idf_esp_eth.dir/src/esp_eth_netif_glue.c.obj
[1006/1116] Building C object esp-idf/esp_driver_rmt/CMakeFiles/__idf_esp_driver_rmt.dir/src/rmt_tx.c.obj
[1007/1116] Linking C static library esp-idf/esp_https_server/libesp_https_server.a
[1008/1116] Building C object esp-idf/esp_lcd/CMakeFiles/__idf_esp_lcd.dir/src/esp_lcd_common.c.obj
[1009/1116] Building C object esp-idf/esp_eth/CMakeFiles/__idf_esp_eth.dir/src/esp_eth.c.obj
[1010/1116] Building C object esp-idf/esp_driver_twai/CMakeFiles/__idf_esp_driver_twai.dir/esp_twai_onchip.c.obj
[1011/1116] Building C object esp-idf/esp_eth/CMakeFiles/__idf_esp_eth.dir/src/phy/esp_eth_phy_802_3.c.obj
[1012/1116] Building C object esp-idf/esp_lcd/CMakeFiles/__idf_esp_lcd.dir/src/esp_lcd_panel_io.c.obj
[1013/1116] Building C object esp-idf/esp_hid/CMakeFiles/__idf_esp_hid.dir/src/esp_hid_common.c.obj
[1014/1116] Building C object esp-idf/esp_lcd/CMakeFiles/__idf_esp_lcd.dir/i2c/esp_lcd_panel_io_i2c.c.obj
[1015/1116] Building C object esp-idf/esp_lcd/CMakeFiles/__idf_esp_lcd.dir/src/esp_lcd_panel_ops.c.obj
[1016/1116] Building C object esp-idf/esp_lcd/CMakeFiles/__idf_esp_lcd.dir/src/esp_lcd_panel_ssd1306.c.obj
[1017/1116] Building C object esp-idf/esp_hid/CMakeFiles/__idf_esp_hid.dir/src/esp_hidh.c.obj
[1018/1116] Linking C static library esp-idf/protocomm/libprotocomm.a
[1019/1116] Building C object esp-idf/esp_lcd/CMakeFiles/__idf_esp_lcd.dir/src/esp_lcd_panel_st7789.c.obj
[1020/1116] Building C object esp-idf/esp_lcd/CMakeFiles/__idf_esp_lcd.dir/spi/esp_lcd_panel_io_spi.c.obj
[1021/1116] Building C object esp-idf/esp_local_ctrl/CMakeFiles/__idf_esp_local_ctrl.dir/src/esp_local_ctrl_handler.c.obj
[1022/1116] Building C object esp-idf/esp_local_ctrl/CMakeFiles/__idf_esp_local_ctrl.dir/src/esp_local_ctrl.c.obj
[1023/1116] Building C object esp-idf/esp_local_ctrl/CMakeFiles/__idf_esp_local_ctrl.dir/proto-c/esp_local_ctrl.pb-c.c.obj
[1024/1116] Linking C static library esp-idf/wear_levelling/libwear_levelling.a
[1025/1116] Building C object esp-idf/esp_local_ctrl/CMakeFiles/__idf_esp_local_ctrl.dir/src/esp_local_ctrl_transport_httpd.c.obj
[1026/1116] Building C object esp-idf/fatfs/CMakeFiles/__idf_fatfs.dir/diskio/diskio.c.obj
[1027/1116] Building C object esp-idf/fatfs/CMakeFiles/__idf_fatfs.dir/diskio/diskio_rawflash.c.obj
[1028/1116] Building C object esp-idf/fatfs/CMakeFiles/__idf_fatfs.dir/diskio/diskio_wl.c.obj
[1029/1116] Building C object esp-idf/fatfs/CMakeFiles/__idf_fatfs.dir/src/ffunicode.c.obj
[1030/1116] Building C object esp-idf/fatfs/CMakeFiles/__idf_fatfs.dir/port/freertos/ffsystem.c.obj
[1031/1116] Building C object esp-idf/fatfs/CMakeFiles/__idf_fatfs.dir/diskio/diskio_sdmmc.c.obj
[1032/1116] Building C object esp-idf/esp_lcd/CMakeFiles/__idf_esp_lcd.dir/i80/esp_lcd_panel_io_i80.c.obj
[1033/1116] Building C object esp-idf/perfmon/CMakeFiles/__idf_perfmon.dir/xtensa_perfmon_access.c.obj
[1034/1116] Building C object esp-idf/perfmon/CMakeFiles/__idf_perfmon.dir/xtensa_perfmon_apis.c.obj
[1035/1116] Building C object esp-idf/perfmon/CMakeFiles/__idf_perfmon.dir/xtensa_perfmon_masks.c.obj
[1036/1116] Building C object esp-idf/fatfs/CMakeFiles/__idf_fatfs.dir/vfs/vfs_fat_sdmmc.c.obj
[1037/1116] Building C object esp-idf/fatfs/CMakeFiles/__idf_fatfs.dir/vfs/vfs_fat_spiflash.c.obj
[1038/1116] Building C object esp-idf/rt/CMakeFiles/__idf_rt.dir/FreeRTOS_POSIX_utils.c.obj
[1039/1116] Building C object esp-idf/spiffs/CMakeFiles/__idf_spiffs.dir/spiffs_api.c.obj
[1040/1116] Building C object esp-idf/rt/CMakeFiles/__idf_rt.dir/FreeRTOS_POSIX_mqueue.c.obj
[1041/1116] Building C object esp-idf/fatfs/CMakeFiles/__idf_fatfs.dir/vfs/vfs_fat.c.obj
[1042/1116] Building C object esp-idf/esp_lcd/CMakeFiles/__idf_esp_lcd.dir/rgb/esp_lcd_panel_rgb.c.obj
[1043/1116] Building C object esp-idf/spiffs/CMakeFiles/__idf_spiffs.dir/spiffs/src/spiffs_cache.c.obj
[1044/1116] Building C object esp-idf/spiffs/CMakeFiles/__idf_spiffs.dir/spiffs/src/spiffs_gc.c.obj
[1045/1116] Building C object esp-idf/spiffs/CMakeFiles/__idf_spiffs.dir/spiffs/src/spiffs_check.c.obj
[1046/1116] Building C object esp-idf/spiffs/CMakeFiles/__idf_spiffs.dir/spiffs/src/spiffs_hydrogen.c.obj
[1047/1116] Building C object esp-idf/spiffs/CMakeFiles/__idf_spiffs.dir/esp_spiffs.c.obj
[1048/1116] Building C object esp-idf/fatfs/CMakeFiles/__idf_fatfs.dir/src/ff.c.obj
[1049/1116] Building CXX object esp-idf/main/CMakeFiles/__idf_main.dir/home/udaybhan/projects/Ghar_sajag_r1_s3/code/ParivarSathi_v1.5.4_PWA_BatteryAnalytics_v3_4_2/shared/src/logging.cpp.obj
[1050/1116] Building C object esp-idf/spiffs/CMakeFiles/__idf_spiffs.dir/spiffs/src/spiffs_nucleus.c.obj
[1051/1116] Building CXX object esp-idf/main/CMakeFiles/__idf_main.dir/home/udaybhan/projects/Ghar_sajag_r1_s3/code/ParivarSathi_v1.5.4_PWA_BatteryAnalytics_v3_4_2/firmware/common/transport/fota_secure_wire.cpp.obj
[1052/1116] Building CXX object esp-idf/main/CMakeFiles/__idf_main.dir/app_main.cpp.obj
[1053/1116] Building CXX object esp-idf/main/CMakeFiles/__idf_main.dir/home/udaybhan/projects/Ghar_sajag_r1_s3/code/ParivarSathi_v1.5.4_PWA_BatteryAnalytics_v3_4_2/shared/src/rules.cpp.obj
[1054/1116] Building CXX object esp-idf/main/CMakeFiles/__idf_main.dir/home/udaybhan/projects/Ghar_sajag_r1_s3/code/ParivarSathi_v1.5.4_PWA_BatteryAnalytics_v3_4_2/firmware/common/transport/data_plane_codec.cpp.obj
[1055/1116] Building CXX object esp-idf/main/CMakeFiles/__idf_main.dir/home/udaybhan/projects/Ghar_sajag_r1_s3/code/ParivarSathi_v1.5.4_PWA_BatteryAnalytics_v3_4_2/firmware/common/security/target_identity_signer.cpp.obj
[1056/1116] Building CXX object esp-idf/main/CMakeFiles/__idf_main.dir/home/udaybhan/projects/Ghar_sajag_r1_s3/code/ParivarSathi_v1.5.4_PWA_BatteryAnalytics_v3_4_2/firmware/common/transport/node_retirement_protocol.cpp.obj
[1057/1116] Building CXX object esp-idf/main/CMakeFiles/__idf_main.dir/fota_sender.cpp.obj
[1058/1116] Building CXX object esp-idf/main/CMakeFiles/__idf_main.dir/home/udaybhan/projects/Ghar_sajag_r1_s3/code/ParivarSathi_v1.5.4_PWA_BatteryAnalytics_v3_4_2/firmware/common/security/psa_commissioning_crypto.cpp.obj
[1059/1116] Building CXX object esp-idf/main/CMakeFiles/__idf_main.dir/home/udaybhan/projects/Ghar_sajag_r1_s3/code/ParivarSathi_v1.5.4_PWA_BatteryAnalytics_v3_4_2/firmware/common/security/target_wrapping_key.cpp.obj
[1060/1116] Building CXX object esp-idf/main/CMakeFiles/__idf_main.dir/home/udaybhan/projects/Ghar_sajag_r1_s3/code/ParivarSathi_v1.5.4_PWA_BatteryAnalytics_v3_4_2/firmware/common/security/nvs_association_blob_store.cpp.obj
[1061/1116] Building CXX object esp-idf/main/CMakeFiles/__idf_main.dir/home/udaybhan/projects/Ghar_sajag_r1_s3/code/ParivarSathi_v1.5.4_PWA_BatteryAnalytics_v3_4_2/firmware/common/security/commissioning_protocol.cpp.obj
[1062/1116] Building CXX object esp-idf/main/CMakeFiles/__idf_main.dir/home/udaybhan/projects/Ghar_sajag_r1_s3/code/ParivarSathi_v1.5.4_PWA_BatteryAnalytics_v3_4_2/firmware/common/security/association_persistence.cpp.obj
[1063/1116] Building CXX object esp-idf/main/CMakeFiles/__idf_main.dir/home/udaybhan/projects/Ghar_sajag_r1_s3/code/ParivarSathi_v1.5.4_PWA_BatteryAnalytics_v3_4_2/firmware/common/security/commissioning_wire.cpp.obj
[1064/1116] Building CXX object esp-idf/main/CMakeFiles/__idf_main.dir/home/udaybhan/projects/Ghar_sajag_r1_s3/code/ParivarSathi_v1.5.4_PWA_BatteryAnalytics_v3_4_2/firmware/common/security/runtime_frame_security.cpp.obj
[1065/1116] Building CXX object esp-idf/main/CMakeFiles/__idf_main.dir/home/udaybhan/projects/Ghar_sajag_r1_s3/code/ParivarSathi_v1.5.4_PWA_BatteryAnalytics_v3_4_2/firmware/hub/components/ingest/ingest.cpp.obj
[1066/1116] Building CXX object esp-idf/main/CMakeFiles/__idf_main.dir/home/udaybhan/projects/Ghar_sajag_r1_s3/code/ParivarSathi_v1.5.4_PWA_BatteryAnalytics_v3_4_2/firmware/common/security/rejoin_protocol.cpp.obj
[1067/1116] Building CXX object esp-idf/main/CMakeFiles/__idf_main.dir/home/udaybhan/projects/Ghar_sajag_r1_s3/code/ParivarSathi_v1.5.4_PWA_BatteryAnalytics_v3_4_2/firmware/hub/components/registry/node_registry.cpp.obj
[1068/1116] Building CXX object esp-idf/main/CMakeFiles/__idf_main.dir/home/udaybhan/projects/Ghar_sajag_r1_s3/code/ParivarSathi_v1.5.4_PWA_BatteryAnalytics_v3_4_2/firmware/hub/components/fota/hub_fota_guard.cpp.obj
[1069/1116] Building CXX object esp-idf/main/CMakeFiles/__idf_main.dir/home/udaybhan/projects/Ghar_sajag_r1_s3/code/ParivarSathi_v1.5.4_PWA_BatteryAnalytics_v3_4_2/firmware/hub/components/registry/registry_persistence.cpp.obj
[1070/1116] Building CXX object esp-idf/main/CMakeFiles/__idf_main.dir/home/udaybhan/projects/Ghar_sajag_r1_s3/code/ParivarSathi_v1.5.4_PWA_BatteryAnalytics_v3_4_2/firmware/hub/components/storage/journal.cpp.obj
[1071/1116] Building CXX object esp-idf/main/CMakeFiles/__idf_main.dir/home/udaybhan/projects/Ghar_sajag_r1_s3/code/ParivarSathi_v1.5.4_PWA_BatteryAnalytics_v3_4_2/firmware/hub/components/storage/node_retirement_snapshot.cpp.obj
[1072/1116] Building CXX object esp-idf/main/CMakeFiles/__idf_main.dir/home/udaybhan/projects/Ghar_sajag_r1_s3/code/ParivarSathi_v1.5.4_PWA_BatteryAnalytics_v3_4_2/firmware/hub/components/coverage/coverage.cpp.obj
[1073/1116] Building CXX object esp-idf/main/CMakeFiles/__idf_main.dir/home/udaybhan/projects/Ghar_sajag_r1_s3/code/ParivarSathi_v1.5.4_PWA_BatteryAnalytics_v3_4_2/firmware/hub/components/rules/routine_service.cpp.obj
[1074/1116] Building CXX object esp-idf/main/CMakeFiles/__idf_main.dir/home/udaybhan/projects/Ghar_sajag_r1_s3/code/ParivarSathi_v1.5.4_PWA_BatteryAnalytics_v3_4_2/firmware/hub/components/storage/hub_durability_owner.cpp.obj
[1075/1116] Building CXX object esp-idf/main/CMakeFiles/__idf_main.dir/home/udaybhan/projects/Ghar_sajag_r1_s3/code/ParivarSathi_v1.5.4_PWA_BatteryAnalytics_v3_4_2/firmware/hub/components/storage/durable_journal_slot_store.cpp.obj
[1076/1116] Building CXX object esp-idf/main/CMakeFiles/__idf_main.dir/home/udaybhan/projects/Ghar_sajag_r1_s3/code/ParivarSathi_v1.5.4_PWA_BatteryAnalytics_v3_4_2/firmware/hub/runtime/hub_checkpoint_codec.cpp.obj
[1077/1116] Building CXX object esp-idf/main/CMakeFiles/__idf_main.dir/home/udaybhan/projects/Ghar_sajag_r1_s3/code/ParivarSathi_v1.5.4_PWA_BatteryAnalytics_v3_4_2/firmware/hub/components/storage/durable_transition.cpp.obj
[1078/1116] Building CXX object esp-idf/main/CMakeFiles/__idf_main.dir/home/udaybhan/projects/Ghar_sajag_r1_s3/code/ParivarSathi_v1.5.4_PWA_BatteryAnalytics_v3_4_2/firmware/hub/runtime/hub_runtime.cpp.obj
[1079/1116] Building CXX object esp-idf/main/CMakeFiles/__idf_main.dir/home/udaybhan/projects/Ghar_sajag_r1_s3/code/ParivarSathi_v1.5.4_PWA_BatteryAnalytics_v3_4_2/firmware/hub/components/storage/runtime_state_store.cpp.obj
[1080/1116] Building CXX object esp-idf/main/CMakeFiles/__idf_main.dir/home/udaybhan/projects/Ghar_sajag_r1_s3/code/ParivarSathi_v1.5.4_PWA_BatteryAnalytics_v3_4_2/firmware/hub/target/esp32/nvs_durable_key_codec.cpp.obj
[1081/1116] Building ASM object esp-idf/main/CMakeFiles/__idf_main.dir/__/__/node_firmware.bin.S.obj
[1082/1116] Building CXX object esp-idf/main/CMakeFiles/__idf_main.dir/home/udaybhan/projects/Ghar_sajag_r1_s3/code/ParivarSathi_v1.5.4_PWA_BatteryAnalytics_v3_4_2/firmware/hub/target/esp32/nvs_journal_slot_store.cpp.obj
[1083/1116] Linking C static library esp-idf/cmock/libcmock.a
[1084/1116] Linking C static library esp-idf/esp_driver_gptimer/libesp_driver_gptimer.a
[1085/1116] Linking C static library esp-idf/esp_blockdev_util/libesp_blockdev_util.a
[1086/1116] Linking C static library esp-idf/driver/libdriver.a
[1087/1116] Linking C static library esp-idf/esp_driver_cam/libesp_driver_cam.a
[1088/1116] Linking C static library esp-idf/esp_driver_ledc/libesp_driver_ledc.a
[1089/1116] Linking C static library esp-idf/esp_driver_mcpwm/libesp_driver_mcpwm.a
[1090/1116] Linking C static library esp-idf/esp_driver_pcnt/libesp_driver_pcnt.a
[1091/1116] Linking C static library esp-idf/esp_driver_sdm/libesp_driver_sdm.a
[1092/1116] Linking C static library esp-idf/esp_driver_rmt/libesp_driver_rmt.a
[1093/1116] Linking C static library esp-idf/esp_driver_touch_sens/libesp_driver_touch_sens.a
[1094/1116] Linking C static library esp-idf/esp_driver_tsens/libesp_driver_tsens.a
[1095/1116] Linking C static library esp-idf/esp_eth/libesp_eth.a
[1096/1116] Linking C static library esp-idf/esp_driver_twai/libesp_driver_twai.a
[1097/1116] Linking C static library esp-idf/esp_hid/libesp_hid.a
[1098/1116] Linking C static library esp-idf/esp_lcd/libesp_lcd.a
[1099/1116] Linking C static library esp-idf/esp_local_ctrl/libesp_local_ctrl.a
[1100/1116] Linking C static library esp-idf/perfmon/libperfmon.a
[1101/1116] Linking C static library esp-idf/fatfs/libfatfs.a
[1102/1116] Linking C static library esp-idf/rt/librt.a
[1103/1116] Linking C static library esp-idf/spiffs/libspiffs.a
[1104/1116] Building CXX object esp-idf/main/CMakeFiles/__idf_main.dir/home/udaybhan/projects/Ghar_sajag_r1_s3/code/ParivarSathi_v1.5.4_PWA_BatteryAnalytics_v3_4_2/firmware/hub/target/esp32/nvs_durable_blob_store.cpp.obj
[1105/1116] Building CXX object esp-idf/main/CMakeFiles/__idf_main.dir/home/udaybhan/projects/Ghar_sajag_r1_s3/code/ParivarSathi_v1.5.4_PWA_BatteryAnalytics_v3_4_2/firmware/hub/target/esp32/nvs_store_inventory.cpp.obj
[1106/1116] Building CXX object esp-idf/main/CMakeFiles/__idf_main.dir/home/udaybhan/projects/Ghar_sajag_r1_s3/code/ParivarSathi_v1.5.4_PWA_BatteryAnalytics_v3_4_2/firmware/hub/target/esp32/hub_security_link.cpp.obj
[1107/1116] Building CXX object esp-idf/main/CMakeFiles/__idf_main.dir/home/udaybhan/projects/Ghar_sajag_r1_s3/code/ParivarSathi_v1.5.4_PWA_BatteryAnalytics_v3_4_2/firmware/hub/target/esp32/hub_runtime_adapter.cpp.obj
[1108/1116] Linking C static library esp-idf/main/libmain.a
[1109/1116] Performing build step for 'bootloader'
[1/153] Building C object esp-idf/log/CMakeFiles/__idf_log.dir/src/noos/util.c.obj
[2/153] Building C object esp-idf/log/CMakeFiles/__idf_log.dir/src/util.c.obj
[3/153] Building C object esp-idf/log/CMakeFiles/__idf_log.dir/src/noos/log_lock.c.obj
[4/153] Building C object esp-idf/log/CMakeFiles/__idf_log.dir/src/log_timestamp_common.c.obj
[5/153] Building C object esp-idf/log/CMakeFiles/__idf_log.dir/src/noos/log_timestamp.c.obj
[6/153] Building C object esp-idf/log/CMakeFiles/__idf_log.dir/src/log_format_text.c.obj
[7/153] Building C object esp-idf/log/CMakeFiles/__idf_log.dir/src/log_print.c.obj
[8/153] Building C object esp-idf/log/CMakeFiles/__idf_log.dir/src/log.c.obj
[9/153] Building C object esp-idf/log/CMakeFiles/__idf_log.dir/src/buffer/log_buffers.c.obj
[10/153] Building C object esp-idf/esp_rom/CMakeFiles/__idf_esp_rom.dir/patches/esp_rom_sys.c.obj
[11/153] Building C object esp-idf/esp_rom/CMakeFiles/__idf_esp_rom.dir/patches/esp_rom_crc.c.obj
[12/153] Building ASM object esp-idf/esp_rom/CMakeFiles/__idf_esp_rom.dir/patches/esp_rom_longjmp.S.obj
[13/153] Building C object esp-idf/esp_rom/CMakeFiles/__idf_esp_rom.dir/patches/esp_rom_efuse.c.obj
[14/153] Building C object esp-idf/esp_rom/CMakeFiles/__idf_esp_rom.dir/patches/esp_rom_gpio.c.obj
[15/153] Building C object esp-idf/esp_rom/CMakeFiles/__idf_esp_rom.dir/patches/esp_rom_spiflash.c.obj
[16/153] Building ASM object esp-idf/esp_rom/CMakeFiles/__idf_esp_rom.dir/patches/esp_rom_cache_writeback_esp32s3.S.obj
[17/153] Building C object esp-idf/esp_rom/CMakeFiles/__idf_esp_rom.dir/patches/esp_rom_systimer.c.obj
[18/153] Linking C static library esp-idf/log/liblog.a
[19/153] Building C object esp-idf/esp_rom/CMakeFiles/__idf_esp_rom.dir/patches/esp_rom_serial_output.c.obj
[20/153] Building C object esp-idf/esp_rom/CMakeFiles/__idf_esp_rom.dir/patches/esp_rom_cache_esp32s2_esp32s3.c.obj
[21/153] Building C object esp-idf/esp_hw_support/CMakeFiles/__idf_esp_hw_support.dir/port/esp32s3/esp_cpu_intr.c.obj
[22/153] Building C object esp-idf/esp_hw_support/CMakeFiles/__idf_esp_hw_support.dir/esp_memory_utils.c.obj
[23/153] Building C object esp-idf/esp_common/CMakeFiles/__idf_esp_common.dir/src/esp_err_to_name.c.obj
[24/153] Building C object esp-idf/esp_hw_support/CMakeFiles/__idf_esp_hw_support.dir/port/esp32s3/cpu_region_protect.c.obj
[25/153] Building C object esp-idf/esp_hw_support/CMakeFiles/__idf_esp_hw_support.dir/cpu.c.obj
[26/153] Building C object esp-idf/esp_rom/CMakeFiles/__idf_esp_rom.dir/patches/esp_rom_print.c.obj
[27/153] Linking C static library esp-idf/esp_rom/libesp_rom.a
[28/153] Building C object esp-idf/esp_hw_support/CMakeFiles/__idf_esp_hw_support.dir/port/esp32s3/rtc_clk_init.c.obj
[29/153] Linking C static library esp-idf/esp_common/libesp_common.a
[30/153] Building C object esp-idf/esp_hw_support/CMakeFiles/__idf_esp_hw_support.dir/port/esp32s3/chip_info.c.obj
[31/153] Building C object esp-idf/esp_hw_support/CMakeFiles/__idf_esp_hw_support.dir/port/esp32s3/rtc_sleep.c.obj
[32/153] Building C object esp-idf/esp_system/CMakeFiles/__idf_esp_system.dir/esp_err.c.obj
[33/153] Building C object esp-idf/efuse/CMakeFiles/__idf_efuse.dir/esp32s3/esp_efuse_fields.c.obj
[34/153] Building C object esp-idf/esp_hw_support/CMakeFiles/__idf_esp_hw_support.dir/port/esp32s3/rtc_time.c.obj
[35/153] Building C object esp-idf/efuse/CMakeFiles/__idf_efuse.dir/esp32s3/esp_efuse_table.c.obj
[36/153] Building C object esp-idf/efuse/CMakeFiles/__idf_efuse.dir/esp32s3/esp_efuse_rtc_calib.c.obj
[37/153] Building C object esp-idf/esp_hw_support/CMakeFiles/__idf_esp_hw_support.dir/port/esp32s3/rtc_init.c.obj
[38/153] Building C object esp-idf/esp_hw_support/CMakeFiles/__idf_esp_hw_support.dir/port/esp32s3/rtc_clk.c.obj
[39/153] Building C object esp-idf/efuse/CMakeFiles/__idf_efuse.dir/src/esp_efuse_fields.c.obj
[40/153] Linking C static library esp-idf/esp_hw_support/libesp_hw_support.a
[41/153] Linking C static library esp-idf/esp_system/libesp_system.a
[42/153] Building C object esp-idf/efuse/CMakeFiles/__idf_efuse.dir/esp32s3/esp_efuse_utility.c.obj
[43/153] Building C object esp-idf/efuse/CMakeFiles/__idf_efuse.dir/src/esp_efuse_api.c.obj
[44/153] Building C object esp-idf/bootloader_support/CMakeFiles/__idf_bootloader_support.dir/src/bootloader_clock_init.c.obj
[45/153] Building C object esp-idf/bootloader_support/CMakeFiles/__idf_bootloader_support.dir/src/bootloader_mem.c.obj
[46/153] Building C object esp-idf/efuse/CMakeFiles/__idf_efuse.dir/src/esp_efuse_utility.c.obj
[47/153] Building C object esp-idf/bootloader_support/CMakeFiles/__idf_bootloader_support.dir/src/bootloader_common.c.obj
[48/153] Building C object esp-idf/bootloader_support/CMakeFiles/__idf_bootloader_support.dir/src/bootloader_random.c.obj
[49/153] Building C object esp-idf/efuse/CMakeFiles/__idf_efuse.dir/src/efuse_controller/keys/with_key_purposes/esp_efuse_api_key.c.obj
[50/153] Building C object esp-idf/bootloader_support/CMakeFiles/__idf_bootloader_support.dir/src/bootloader_common_loader.c.obj
[51/153] Building C object esp-idf/bootloader_support/CMakeFiles/__idf_bootloader_support.dir/src/bootloader_efuse.c.obj
[52/153] Building C object esp-idf/bootloader_support/CMakeFiles/__idf_bootloader_support.dir/src/secure_boot.c.obj
[53/153] Building C object esp-idf/bootloader_support/CMakeFiles/__idf_bootloader_support.dir/src/flash_encrypt.c.obj
[54/153] Building C object esp-idf/bootloader_support/CMakeFiles/__idf_bootloader_support.dir/src/bootloader_random_esp32s3.c.obj
[55/153] Building C object esp-idf/bootloader_support/CMakeFiles/__idf_bootloader_support.dir/bootloader_flash/src/flash_qio_mode.c.obj
[56/153] Building C object esp-idf/bootloader_support/CMakeFiles/__idf_bootloader_support.dir/bootloader_flash/src/bootloader_flash_config_esp32s3.c.obj
[57/153] Building C object esp-idf/bootloader_support/CMakeFiles/__idf_bootloader_support.dir/src/flash_partitions.c.obj
[58/153] Building C object esp-idf/bootloader_support/CMakeFiles/__idf_bootloader_support.dir/src/bootloader_clock_loader.c.obj
[59/153] Building C object esp-idf/bootloader_support/CMakeFiles/__idf_bootloader_support.dir/src/bootloader_sha.c.obj
[60/153] Building C object esp-idf/bootloader_support/CMakeFiles/__idf_bootloader_support.dir/src/bootloader_console_loader.c.obj
[61/153] Building C object esp-idf/bootloader_support/CMakeFiles/__idf_bootloader_support.dir/src/bootloader_console.c.obj
[62/153] Building C object esp-idf/bootloader_support/CMakeFiles/__idf_bootloader_support.dir/src/esp32s3/bootloader_soc.c.obj
[63/153] Building C object esp-idf/bootloader_support/CMakeFiles/__idf_bootloader_support.dir/bootloader_flash/src/bootloader_flash.c.obj
[64/153] Linking C static library esp-idf/efuse/libefuse.a
[65/153] Building C object esp-idf/bootloader_support/CMakeFiles/__idf_bootloader_support.dir/src/bootloader_init.c.obj
[66/153] Building C object esp-idf/esp_security/CMakeFiles/__idf_esp_security.dir/src/esp_crypto_lock.c.obj
[67/153] Building C object esp-idf/bootloader_support/CMakeFiles/__idf_bootloader_support.dir/src/bootloader_panic.c.obj
[68/153] Building C object esp-idf/bootloader_support/CMakeFiles/__idf_bootloader_support.dir/src/bootloader_utility.c.obj
[69/153] Building C object esp-idf/esp_hal_ana_conv/CMakeFiles/__idf_esp_hal_ana_conv.dir/esp32s3/adc_periph.c.obj
[70/153] Building C object esp-idf/esp_hal_security/CMakeFiles/__idf_esp_hal_security.dir/mpu_hal.c.obj
[71/153] Building C object esp-idf/esp_security/CMakeFiles/__idf_esp_security.dir/src/esp_crypto_periph_clk.c.obj
[72/153] Building C object esp-idf/bootloader_support/CMakeFiles/__idf_bootloader_support.dir/src/esp32s3/bootloader_esp32s3.c.obj
[73/153] Building C object esp-idf/esp_hal_ana_conv/CMakeFiles/__idf_esp_hal_ana_conv.dir/esp32s3/temperature_sensor_periph.c.obj
[74/153] Building C object esp-idf/bootloader_support/CMakeFiles/__idf_bootloader_support.dir/src/esp_image_format.c.obj
[75/153] Building C object esp-idf/esp_hal_ana_conv/CMakeFiles/__idf_esp_hal_ana_conv.dir/adc_oneshot_hal.c.obj
[76/153] Linking C static library esp-idf/bootloader_support/libbootloader_support.a
[77/153] Linking C static library esp-idf/esp_security/libesp_security.a
[78/153] Building C object esp-idf/esp_hal_ana_conv/CMakeFiles/__idf_esp_hal_ana_conv.dir/temperature_sensor_hal.c.obj
[79/153] Linking C static library esp-idf/esp_hal_security/libesp_hal_security.a
[80/153] Building C object esp-idf/esp_hal_ana_conv/CMakeFiles/__idf_esp_hal_ana_conv.dir/adc_hal_common.c.obj
[81/153] Building C object esp-idf/esp_hal_uart/CMakeFiles/__idf_esp_hal_uart.dir/esp32s3/uart_periph.c.obj
[82/153] Building C object esp-idf/esp_hal_wdt/CMakeFiles/__idf_esp_hal_wdt.dir/esp32s3/mwdt_periph.c.obj
[83/153] Building C object esp-idf/esp_hal_ana_conv/CMakeFiles/__idf_esp_hal_ana_conv.dir/adc_hal.c.obj
[84/153] Building C object esp-idf/esp_hal_uart/CMakeFiles/__idf_esp_hal_uart.dir/uart_hal_iram.c.obj
[85/153] Building C object esp-idf/esp_hal_uart/CMakeFiles/__idf_esp_hal_uart.dir/uhci_hal.c.obj
[86/153] Linking C static library esp-idf/esp_hal_ana_conv/libesp_hal_ana_conv.a
[87/153] Building C object esp-idf/esp_hal_wdt/CMakeFiles/__idf_esp_hal_wdt.dir/xt_wdt_hal.c.obj
[88/153] Building C object esp-idf/esp_hal_timg/CMakeFiles/__idf_esp_hal_timg.dir/esp32s3/timer_periph.c.obj
[89/153] Building C object esp-idf/esp_hal_wdt/CMakeFiles/__idf_esp_hal_wdt.dir/rom_patch.c.obj
[90/153] Building C object esp-idf/esp_hal_timg/CMakeFiles/__idf_esp_hal_timg.dir/timer_hal.c.obj
[91/153] Building C object esp-idf/esp_hal_uart/CMakeFiles/__idf_esp_hal_uart.dir/uart_hal.c.obj
[92/153] Building C object esp-idf/esp_hal_gpspi/CMakeFiles/__idf_esp_hal_gpspi.dir/esp32s3/spi_periph.c.obj
[93/153] Linking C static library esp-idf/esp_hal_uart/libesp_hal_uart.a
[94/153] Building C object esp-idf/esp_bootloader_format/CMakeFiles/__idf_esp_bootloader_format.dir/esp_bootloader_desc.c.obj
[95/153] Linking C static library esp-idf/esp_hal_wdt/libesp_hal_wdt.a
[96/153] Linking C static library esp-idf/esp_hal_timg/libesp_hal_timg.a
[97/153] Building C object esp-idf/esp_hal_clock/CMakeFiles/__idf_esp_hal_clock.dir/esp32s3/clk_tree_hal.c.obj
[98/153] Building C object esp-idf/spi_flash/CMakeFiles/__idf_spi_flash.dir/spi_flash_wrap.c.obj
[99/153] Building C object esp-idf/esp_hal_gpspi/CMakeFiles/__idf_esp_hal_gpspi.dir/spi_hal.c.obj
[100/153] Building C object esp-idf/esp_hal_gpspi/CMakeFiles/__idf_esp_hal_gpspi.dir/spi_slave_hal.c.obj
[101/153] Building C object esp-idf/esp_hal_dma/CMakeFiles/__idf_esp_hal_dma.dir/gdma_hal_top.c.obj
[102/153] Building C object esp-idf/esp_hal_dma/CMakeFiles/__idf_esp_hal_dma.dir/esp32s3/gdma_periph.c.obj
[103/153] Building C object esp-idf/esp_hal_gpspi/CMakeFiles/__idf_esp_hal_gpspi.dir/spi_slave_hal_iram.c.obj
[104/153] Building C object esp-idf/esp_hal_pmu/CMakeFiles/__idf_esp_hal_pmu.dir/brownout_hal.c.obj
[105/153] Building C object esp-idf/esp_hal_pmu/CMakeFiles/__idf_esp_hal_pmu.dir/esp32s3/rtc_cntl_hal.c.obj
[106/153] Building C object esp-idf/esp_hal_dma/CMakeFiles/__idf_esp_hal_dma.dir/gdma_hal_ahb_v1.c.obj
[107/153] Building C object esp-idf/esp_hal_gpspi/CMakeFiles/__idf_esp_hal_gpspi.dir/spi_hal_iram.c.obj
[108/153] Building C object esp-idf/esp_hal_gpspi/CMakeFiles/__idf_esp_hal_gpspi.dir/spi_slave_hd_hal.c.obj
[109/153] Building C object esp-idf/esp_hal_usb/CMakeFiles/__idf_esp_hal_usb.dir/esp32s3/usb_dwc_periph.c.obj
[110/153] Building C object esp-idf/esp_hal_usb/CMakeFiles/__idf_esp_hal_usb.dir/usb_wrap_hal.c.obj
[111/153] Building C object esp-idf/esp_hal_usb/CMakeFiles/__idf_esp_hal_usb.dir/usb_serial_jtag_hal.c.obj
[112/153] Building C object esp-idf/esp_hal_gpio/CMakeFiles/__idf_esp_hal_gpio.dir/esp32s3/rtc_io_periph.c.obj
[113/153] Building C object esp-idf/esp_hal_gpio/CMakeFiles/__idf_esp_hal_gpio.dir/esp32s3/dedic_gpio_periph.c.obj
[114/153] Building C object esp-idf/esp_hal_gpio/CMakeFiles/__idf_esp_hal_gpio.dir/gpio_hal.c.obj
[115/153] Building C object esp-idf/esp_hal_gpio/CMakeFiles/__idf_esp_hal_gpio.dir/sdm_hal.c.obj
[116/153] Building C object esp-idf/esp_hal_gpio/CMakeFiles/__idf_esp_hal_gpio.dir/esp32s3/sdm_periph.c.obj
[117/153] Building C object esp-idf/esp_hal_gpio/CMakeFiles/__idf_esp_hal_gpio.dir/rtc_io_hal.c.obj
[118/153] Building C object esp-idf/hal/CMakeFiles/__idf_hal.dir/efuse_hal.c.obj
[119/153] Building C object esp-idf/esp_hal_usb/CMakeFiles/__idf_esp_hal_usb.dir/usb_dwc_hal.c.obj
[120/153] Building C object esp-idf/hal/CMakeFiles/__idf_hal.dir/hal_utils.c.obj
[121/153] Building C object esp-idf/hal/CMakeFiles/__idf_hal.dir/esp32s3/efuse_hal.c.obj
[122/153] Building C object esp-idf/soc/CMakeFiles/__idf_soc.dir/dport_access_common.c.obj
[123/153] Building C object esp-idf/soc/CMakeFiles/__idf_soc.dir/lldesc.c.obj
[124/153] Building C object esp-idf/soc/CMakeFiles/__idf_soc.dir/esp32s3/interrupts.c.obj
[125/153] Building C object esp-idf/soc/CMakeFiles/__idf_soc.dir/esp32s3/gpio_periph.c.obj
[126/153] Building C object esp-idf/soc/CMakeFiles/__idf_soc.dir/esp32s3/mpi_periph.c.obj
[127/153] Building C object esp-idf/soc/CMakeFiles/__idf_soc.dir/esp32s3/power_supply_periph.c.obj
[128/153] Building C object esp-idf/hal/CMakeFiles/__idf_hal.dir/mmu_hal.c.obj
[129/153] Preprocessing linker script /home/udaybhan/.espressif/v6.0.3/esp-idf/components/bootloader/subproject/main/ld/esp32s3/bootloader.memory.ld.in -> /tmp/p2c-closeout-20261010/s3-build/bootloader/ld/bootloader.memory.ld
[130/153] Preprocessing linker script /home/udaybhan/.espressif/v6.0.3/esp-idf/components/bootloader/subproject/main/ld/esp32s3/bootloader.sections.ld.in -> /tmp/p2c-closeout-20261010/s3-build/bootloader/ld/bootloader.sections.ld
[131/153] Generating project_elf_src_esp32s3.c
[132/153] Building C object esp-idf/xtensa/CMakeFiles/__idf_xtensa.dir/eri.c.obj
[133/153] Building C object CMakeFiles/bootloader.elf.dir/project_elf_src_esp32s3.c.obj
[134/153] Building C object esp-idf/xtensa/CMakeFiles/__idf_xtensa.dir/xt_trax.c.obj
[135/153] Building C object esp-idf/hal/CMakeFiles/__idf_hal.dir/cache_hal.c.obj
[136/153] Building C object esp-idf/main/CMakeFiles/__idf_main.dir/bootloader_start.c.obj
[137/153] Building C object esp-idf/micro-ecc/CMakeFiles/__idf_micro-ecc.dir/uECC_verify_antifault.c.obj
[138/153] Linking C static library esp-idf/micro-ecc/libmicro-ecc.a
[139/153] Linking C static library esp-idf/esp_bootloader_format/libesp_bootloader_format.a
[140/153] Linking C static library esp-idf/spi_flash/libspi_flash.a
[141/153] Linking C static library esp-idf/esp_hal_clock/libesp_hal_clock.a
[142/153] Linking C static library esp-idf/esp_hal_gpspi/libesp_hal_gpspi.a
[143/153] Linking C static library esp-idf/esp_hal_dma/libesp_hal_dma.a
[144/153] Linking C static library esp-idf/esp_hal_pmu/libesp_hal_pmu.a
[145/153] Linking C static library esp-idf/esp_hal_usb/libesp_hal_usb.a
[146/153] Linking C static library esp-idf/esp_hal_gpio/libesp_hal_gpio.a
[147/153] Linking C static library esp-idf/hal/libhal.a
[148/153] Linking C static library esp-idf/soc/libsoc.a
[149/153] Linking C static library esp-idf/xtensa/libxtensa.a
[150/153] Linking C static library esp-idf/main/libmain.a
[151/153] Linking C executable bootloader.elf
[152/153] Generating binary image from built executable
esptool v5.4.0
Creating ESP32-S3 image...
Merged 2 ELF sections.
Successfully created ESP32-S3 image.
Generated /tmp/p2c-closeout-20261010/s3-build/bootloader/bootloader.bin
[153/153] cd /tmp/p2c-closeout-20261010/s3-build/bootloader && /home/udaybhan/.espressif/python_env/idf6.0_py3.14_env/bin/python /home/udaybhan/.espressif/v6.0.3/esp-idf/components/partition_table/check_sizes.py --offset 0x8000 bootloader 0x0 /tmp/p2c-closeout-20261010/s3-build/bootloader/bootloader.bin
Bootloader binary size 0x5310 bytes. 0x2cf0 bytes (35%) free.
[1110/1116] No install step for 'bootloader'
[1111/1116] Completed 'bootloader'
[1112/1116] Generating esp-idf/esp_system/ld/sections.ld
NOTE: /home/udaybhan/.espressif/v6.0.3/esp-idf/components/bt/host/nimble/Kconfig.in:1453: BT_NIMBLE_MESH_PROVISIONER: 'default 0' is not a valid bool value (only 'y' and 'n' are allowed). Value is treated as 'n'.
NOTE: /home/udaybhan/.espressif/v6.0.3/esp-idf/components/fatfs/Kconfig:230: FATFS_PRINT_LLI: 'default 0' is not a valid bool value (only 'y' and 'n' are allowed). Value is treated as 'n'.
NOTE: /home/udaybhan/.espressif/v6.0.3/esp-idf/components/fatfs/Kconfig:235: FATFS_PRINT_FLOAT: 'default 0' is not a valid bool value (only 'y' and 'n' are allowed). Value is treated as 'n'.
[1113/1116] Building C object CMakeFiles/gs_r1_s3_hub.elf.dir/project_elf_src_esp32s3.c.obj
[1114/1116] Linking CXX executable gs_r1_s3_hub.elf; Checking ioctl definition overlaps
[1115/1116] Generating binary image from built executable
esptool v5.4.0
Creating ESP32-S3 image...
Merged 3 ELF sections.
Successfully created ESP32-S3 image.
Generated /tmp/p2c-closeout-20261010/s3-build/gs_r1_s3_hub.bin
[1116/1116] cd /tmp/p2c-closeout-20261010/s3-build && /home/udaybhan/.espressif/python_env/idf6.0_py3.14_env/bin/python /home/udaybhan/.espressif/v6.0.3/esp-idf/components/partition_table/check_sizes.py --offset 0x8000 partition --type app /tmp/p2c-closeout-20261010/s3-build/partition_table/partition-table.bin /tmp/p2c-closeout-20261010/s3-build/gs_r1_s3_hub.bin
gs_r1_s3_hub.bin binary size 0x1c6f70 bytes. Smallest app partition is 0x400000 bytes. 0x239090 bytes (56%) free.

Project build complete. To flash, run:
 idf.py flash
or
 idf.py -p PORT flash
or
 python -m esptool --chip esp32s3 -b 460800 --before default-reset --after hard-reset write-flash --flash-mode dio --flash-size 16MB --flash-freq 40m 0x0 ../../../../../../tmp/p2c-closeout-20261010/s3-build/bootloader/bootloader.bin 0x8000 ../../../../../../tmp/p2c-closeout-20261010/s3-build/partition_table/partition-table.bin 0xf000 ../../../../../../tmp/p2c-closeout-20261010/s3-build/ota_data_initial.bin 0x20000 ../../../../../../tmp/p2c-closeout-20261010/s3-build/gs_r1_s3_hub.bin
or from the "/tmp/p2c-closeout-20261010/s3-build" directory
 python -m esptool --chip esp32s3 -b 460800 --before default-reset --after hard-reset write-flash "@flash_args"

OBSERVED_EXIT_CODE=0
