SUPERSEDED DEVELOPMENT RUNS. Final source-stage audit charges two extents per maximum-size 32-source batch, eight per 128-input checkpoint. These earlier measurements are NOT final capacity/wear evidence.

SOURCE=docs/exec-plans/evidence/R1_STORAGE_72H_NVS_CAPACITY_20261008.log
SDK_BINARY_SHA256=7c56fe6ba6dc90e726521811f767961d6a2f67bc4052413b043a0d6fa526806f
SDK_SOURCE_COMMIT=76f5dedd9950a3012fee8fb7d5586df21fc67802
CASE={"scenario": "NORMAL", "profile": "ordinary", "worst": false, "history_segments": 7, "cow_segments": 1, "protected_peak_bytes": 135168}
COMMAND=GS_DIAG_PAGES=32 /home/udaybhan/projects/Ghar_sajag_r1_storage/code/ParivarSathi_v1.5.4_PWA_BatteryAnalytics_v3_4_2/host/storage/nvs_runtime_probe/build/gs_nvs_runtime_probe.elf offline /tmp/gs-72h-nvs-cydj8azl/fixture.txt
FIXTURE_SHA256=c8f6e8be6f567c4fca597be2763c54948d787a7d399de723d5a4eedb8036745c
NVS_RUNTIME phase=offline_loaded iteration=66 allocated_pages=31 free_erased_pages=1 live_entries=3836 erased_entries=0 stats_used=3836 stats_free=196 write_bytes=125848 erase_ops=0 min_sector_erases=0 max_sector_erases=0
NVS_RUNTIME phase=offline_recovered iteration=32 allocated_pages=31 free_erased_pages=1 live_entries=3492 erased_entries=391 stats_used=3492 stats_free=540 write_bytes=531736 erase_ops=96 min_sector_erases=0 max_sector_erases=24
OFFLINE_PASS pages=32 peak_pages=32 peak_live_entries=3870 history=7 cow=1 arrivals=1152
EMULATOR_IMAGE=/tmp/idf-partition-sWFPEy
EXIT=0
CASE={"scenario": "NORMAL", "profile": "ordinary", "worst": false, "history_segments": 7, "cow_segments": 1, "protected_peak_bytes": 135168}
COMMAND=GS_DIAG_PAGES=48 /home/udaybhan/projects/Ghar_sajag_r1_storage/code/ParivarSathi_v1.5.4_PWA_BatteryAnalytics_v3_4_2/host/storage/nvs_runtime_probe/build/gs_nvs_runtime_probe.elf offline /tmp/gs-72h-nvs-cydj8azl/fixture.txt
FIXTURE_SHA256=c8f6e8be6f567c4fca597be2763c54948d787a7d399de723d5a4eedb8036745c
NVS_RUNTIME phase=offline_loaded iteration=66 allocated_pages=31 free_erased_pages=17 live_entries=3836 erased_entries=0 stats_used=3836 stats_free=2212 write_bytes=125848 erase_ops=0 min_sector_erases=0 max_sector_erases=0
NVS_RUNTIME phase=offline_recovered iteration=32 allocated_pages=47 free_erased_pages=1 live_entries=3492 erased_entries=2367 stats_used=3492 stats_free=2556 write_bytes=469948 erase_ops=67 min_sector_erases=0 max_sector_erases=4
OFFLINE_PASS pages=48 peak_pages=47 peak_live_entries=3836 history=7 cow=1 arrivals=1152
EMULATOR_IMAGE=/tmp/idf-partition-wJTi5Q
EXIT=0
CASE={"scenario": "NORMAL", "profile": "ordinary", "worst": false, "history_segments": 7, "cow_segments": 1, "protected_peak_bytes": 135168}
COMMAND=GS_DIAG_PAGES=64 /home/udaybhan/projects/Ghar_sajag_r1_storage/code/ParivarSathi_v1.5.4_PWA_BatteryAnalytics_v3_4_2/host/storage/nvs_runtime_probe/build/gs_nvs_runtime_probe.elf offline /tmp/gs-72h-nvs-cydj8azl/fixture.txt
FIXTURE_SHA256=c8f6e8be6f567c4fca597be2763c54948d787a7d399de723d5a4eedb8036745c
NVS_RUNTIME phase=offline_loaded iteration=66 allocated_pages=31 free_erased_pages=33 live_entries=3836 erased_entries=0 stats_used=3836 stats_free=4228 write_bytes=125848 erase_ops=0 min_sector_erases=0 max_sector_erases=0
NVS_RUNTIME phase=offline_recovered iteration=32 allocated_pages=63 free_erased_pages=1 live_entries=3492 erased_entries=4372 stats_used=3492 stats_free=4572 write_bytes=469884 erase_ops=51 min_sector_erases=0 max_sector_erases=2
OFFLINE_PASS pages=64 peak_pages=63 peak_live_entries=3836 history=7 cow=1 arrivals=1152
EMULATOR_IMAGE=/tmp/idf-partition-oyjFQc
EXIT=0
CASE={"scenario": "NORMAL", "profile": "ordinary", "worst": true, "history_segments": 10, "cow_segments": 4, "protected_peak_bytes": 163840}
COMMAND=GS_DIAG_PAGES=32 /home/udaybhan/projects/Ghar_sajag_r1_storage/code/ParivarSathi_v1.5.4_PWA_BatteryAnalytics_v3_4_2/host/storage/nvs_runtime_probe/build/gs_nvs_runtime_probe.elf offline /tmp/gs-72h-nvs-cydj8azl/fixture.txt
FIXTURE_SHA256=9eb129f1d25e6e17d06e739009c98b7c184820d74926e5155a6327e2fdfb5e30
OFFLINE_STOP phase=load object=34 bytes=4096 error=ESP_ERR_NVS_NOT_ENOUGH_SPACE
NVS_RUNTIME phase=offline_stop iteration=34 allocated_pages=31 free_erased_pages=1 live_entries=3889 erased_entries=0 stats_used=3889 stats_free=143 write_bytes=139584 erase_ops=3 min_sector_erases=0 max_sector_erases=2
EMULATOR_IMAGE=/tmp/idf-partition-d0jKra
EXIT=2
CASE={"scenario": "NORMAL", "profile": "ordinary", "worst": true, "history_segments": 10, "cow_segments": 4, "protected_peak_bytes": 163840}
COMMAND=GS_DIAG_PAGES=48 /home/udaybhan/projects/Ghar_sajag_r1_storage/code/ParivarSathi_v1.5.4_PWA_BatteryAnalytics_v3_4_2/host/storage/nvs_runtime_probe/build/gs_nvs_runtime_probe.elf offline /tmp/gs-72h-nvs-cydj8azl/fixture.txt
FIXTURE_SHA256=9eb129f1d25e6e17d06e739009c98b7c184820d74926e5155a6327e2fdfb5e30
NVS_RUNTIME phase=offline_loaded iteration=72 allocated_pages=38 free_erased_pages=10 live_entries=4685 erased_entries=0 stats_used=4685 stats_free=1363 write_bytes=153560 erase_ops=0 min_sector_erases=0 max_sector_erases=0
NVS_RUNTIME phase=offline_recovered iteration=32 allocated_pages=47 free_erased_pages=1 live_entries=4342 erased_entries=1497 stats_used=4342 stats_free=1706 write_bytes=497696 erase_ops=74 min_sector_erases=0 max_sector_erases=7
OFFLINE_PASS pages=48 peak_pages=47 peak_live_entries=4685 history=10 cow=4 arrivals=1152
EMULATOR_IMAGE=/tmp/idf-partition-NKyYRg
EXIT=0
CASE={"scenario": "NORMAL", "profile": "ordinary", "worst": true, "history_segments": 10, "cow_segments": 4, "protected_peak_bytes": 163840}
COMMAND=GS_DIAG_PAGES=64 /home/udaybhan/projects/Ghar_sajag_r1_storage/code/ParivarSathi_v1.5.4_PWA_BatteryAnalytics_v3_4_2/host/storage/nvs_runtime_probe/build/gs_nvs_runtime_probe.elf offline /tmp/gs-72h-nvs-cydj8azl/fixture.txt
FIXTURE_SHA256=9eb129f1d25e6e17d06e739009c98b7c184820d74926e5155a6327e2fdfb5e30
NVS_RUNTIME phase=offline_loaded iteration=72 allocated_pages=38 free_erased_pages=26 live_entries=4685 erased_entries=0 stats_used=4685 stats_free=3379 write_bytes=153560 erase_ops=0 min_sector_erases=0 max_sector_erases=0
NVS_RUNTIME phase=offline_recovered iteration=32 allocated_pages=63 free_erased_pages=1 live_entries=4342 erased_entries=3502 stats_used=4342 stats_free=3722 write_bytes=497632 erase_ops=58 min_sector_erases=0 max_sector_erases=3
OFFLINE_PASS pages=64 peak_pages=63 peak_live_entries=4685 history=10 cow=4 arrivals=1152
EMULATOR_IMAGE=/tmp/idf-partition-k1aDs6
EXIT=0
CASE={"scenario": "NORMAL", "profile": "mixed", "worst": false, "history_segments": 7, "cow_segments": 1, "protected_peak_bytes": 135168}
COMMAND=GS_DIAG_PAGES=32 /home/udaybhan/projects/Ghar_sajag_r1_storage/code/ParivarSathi_v1.5.4_PWA_BatteryAnalytics_v3_4_2/host/storage/nvs_runtime_probe/build/gs_nvs_runtime_probe.elf offline /tmp/gs-72h-nvs-cydj8azl/fixture.txt
FIXTURE_SHA256=c8f6e8be6f567c4fca597be2763c54948d787a7d399de723d5a4eedb8036745c
NVS_RUNTIME phase=offline_loaded iteration=66 allocated_pages=31 free_erased_pages=1 live_entries=3836 erased_entries=0 stats_used=3836 stats_free=196 write_bytes=125848 erase_ops=0 min_sector_erases=0 max_sector_erases=0
NVS_RUNTIME phase=offline_recovered iteration=32 allocated_pages=31 free_erased_pages=1 live_entries=3492 erased_entries=391 stats_used=3492 stats_free=540 write_bytes=531736 erase_ops=96 min_sector_erases=0 max_sector_erases=24
OFFLINE_PASS pages=32 peak_pages=32 peak_live_entries=3870 history=7 cow=1 arrivals=1152
EMULATOR_IMAGE=/tmp/idf-partition-dSJ6Gf
EXIT=0
CASE={"scenario": "NORMAL", "profile": "mixed", "worst": false, "history_segments": 7, "cow_segments": 1, "protected_peak_bytes": 135168}
COMMAND=GS_DIAG_PAGES=48 /home/udaybhan/projects/Ghar_sajag_r1_storage/code/ParivarSathi_v1.5.4_PWA_BatteryAnalytics_v3_4_2/host/storage/nvs_runtime_probe/build/gs_nvs_runtime_probe.elf offline /tmp/gs-72h-nvs-cydj8azl/fixture.txt
FIXTURE_SHA256=c8f6e8be6f567c4fca597be2763c54948d787a7d399de723d5a4eedb8036745c
NVS_RUNTIME phase=offline_loaded iteration=66 allocated_pages=31 free_erased_pages=17 live_entries=3836 erased_entries=0 stats_used=3836 stats_free=2212 write_bytes=125848 erase_ops=0 min_sector_erases=0 max_sector_erases=0
NVS_RUNTIME phase=offline_recovered iteration=32 allocated_pages=47 free_erased_pages=1 live_entries=3492 erased_entries=2367 stats_used=3492 stats_free=2556 write_bytes=469948 erase_ops=67 min_sector_erases=0 max_sector_erases=4
OFFLINE_PASS pages=48 peak_pages=47 peak_live_entries=3836 history=7 cow=1 arrivals=1152
EMULATOR_IMAGE=/tmp/idf-partition-PSsrj6
EXIT=0
CASE={"scenario": "NORMAL", "profile": "mixed", "worst": false, "history_segments": 7, "cow_segments": 1, "protected_peak_bytes": 135168}
COMMAND=GS_DIAG_PAGES=64 /home/udaybhan/projects/Ghar_sajag_r1_storage/code/ParivarSathi_v1.5.4_PWA_BatteryAnalytics_v3_4_2/host/storage/nvs_runtime_probe/build/gs_nvs_runtime_probe.elf offline /tmp/gs-72h-nvs-cydj8azl/fixture.txt
FIXTURE_SHA256=c8f6e8be6f567c4fca597be2763c54948d787a7d399de723d5a4eedb8036745c
NVS_RUNTIME phase=offline_loaded iteration=66 allocated_pages=31 free_erased_pages=33 live_entries=3836 erased_entries=0 stats_used=3836 stats_free=4228 write_bytes=125848 erase_ops=0 min_sector_erases=0 max_sector_erases=0
NVS_RUNTIME phase=offline_recovered iteration=32 allocated_pages=63 free_erased_pages=1 live_entries=3492 erased_entries=4372 stats_used=3492 stats_free=4572 write_bytes=469884 erase_ops=51 min_sector_erases=0 max_sector_erases=2
OFFLINE_PASS pages=64 peak_pages=63 peak_live_entries=3836 history=7 cow=1 arrivals=1152
EMULATOR_IMAGE=/tmp/idf-partition-nOBeGJ
EXIT=0
CASE={"scenario": "NORMAL", "profile": "mixed", "worst": true, "history_segments": 23, "cow_segments": 2, "protected_peak_bytes": 208896}
COMMAND=GS_DIAG_PAGES=32 /home/udaybhan/projects/Ghar_sajag_r1_storage/code/ParivarSathi_v1.5.4_PWA_BatteryAnalytics_v3_4_2/host/storage/nvs_runtime_probe/build/gs_nvs_runtime_probe.elf offline /tmp/gs-72h-nvs-cydj8azl/fixture.txt
FIXTURE_SHA256=45acee6c2ce9ebc42885ef0ddab87c4767ec31db457352769ab36f1b97c7844c
OFFLINE_STOP phase=load object=34 bytes=4096 error=ESP_ERR_NVS_NOT_ENOUGH_SPACE
NVS_RUNTIME phase=offline_stop iteration=34 allocated_pages=31 free_erased_pages=1 live_entries=3889 erased_entries=0 stats_used=3889 stats_free=143 write_bytes=139584 erase_ops=3 min_sector_erases=0 max_sector_erases=2
EMULATOR_IMAGE=/tmp/idf-partition-GwD8PL
EXIT=2
CASE={"scenario": "NORMAL", "profile": "mixed", "worst": true, "history_segments": 23, "cow_segments": 2, "protected_peak_bytes": 208896}
COMMAND=GS_DIAG_PAGES=48 /home/udaybhan/projects/Ghar_sajag_r1_storage/code/ParivarSathi_v1.5.4_PWA_BatteryAnalytics_v3_4_2/host/storage/nvs_runtime_probe/build/gs_nvs_runtime_probe.elf offline /tmp/gs-72h-nvs-cydj8azl/fixture.txt
FIXTURE_SHA256=45acee6c2ce9ebc42885ef0ddab87c4767ec31db457352769ab36f1b97c7844c
OFFLINE_STOP phase=load object=49 bytes=512 error=ESP_ERR_NVS_NOT_ENOUGH_SPACE
NVS_RUNTIME phase=offline_stop iteration=49 allocated_pages=47 free_erased_pages=1 live_entries=5899 erased_entries=0 stats_used=5899 stats_free=149 write_bytes=205108 erase_ops=3 min_sector_erases=0 max_sector_erases=2
EMULATOR_IMAGE=/tmp/idf-partition-e38sQa
EXIT=2
CASE={"scenario": "NORMAL", "profile": "mixed", "worst": true, "history_segments": 23, "cow_segments": 2, "protected_peak_bytes": 208896}
COMMAND=GS_DIAG_PAGES=64 /home/udaybhan/projects/Ghar_sajag_r1_storage/code/ParivarSathi_v1.5.4_PWA_BatteryAnalytics_v3_4_2/host/storage/nvs_runtime_probe/build/gs_nvs_runtime_probe.elf offline /tmp/gs-72h-nvs-cydj8azl/fixture.txt
FIXTURE_SHA256=45acee6c2ce9ebc42885ef0ddab87c4767ec31db457352769ab36f1b97c7844c
NVS_RUNTIME phase=offline_loaded iteration=83 allocated_pages=49 free_erased_pages=15 live_entries=6127 erased_entries=0 stats_used=6127 stats_free=1937 write_bytes=200640 erase_ops=0 min_sector_erases=0 max_sector_erases=0
NVS_RUNTIME phase=offline_recovered iteration=32 allocated_pages=63 free_erased_pages=1 live_entries=5783 erased_entries=1992 stats_used=5783 stats_free=2281 write_bytes=544780 erase_ops=70 min_sector_erases=0 max_sector_erases=5
OFFLINE_PASS pages=64 peak_pages=63 peak_live_entries=6127 history=23 cow=2 arrivals=1152
EMULATOR_IMAGE=/tmp/idf-partition-Surd9t
EXIT=0
CASE={"scenario": "NORMAL", "profile": "door_user", "worst": false, "history_segments": 7, "cow_segments": 1, "protected_peak_bytes": 135168}
COMMAND=GS_DIAG_PAGES=32 /home/udaybhan/projects/Ghar_sajag_r1_storage/code/ParivarSathi_v1.5.4_PWA_BatteryAnalytics_v3_4_2/host/storage/nvs_runtime_probe/build/gs_nvs_runtime_probe.elf offline /tmp/gs-72h-nvs-cydj8azl/fixture.txt
FIXTURE_SHA256=c8f6e8be6f567c4fca597be2763c54948d787a7d399de723d5a4eedb8036745c
NVS_RUNTIME phase=offline_loaded iteration=66 allocated_pages=31 free_erased_pages=1 live_entries=3836 erased_entries=0 stats_used=3836 stats_free=196 write_bytes=125848 erase_ops=0 min_sector_erases=0 max_sector_erases=0
NVS_RUNTIME phase=offline_recovered iteration=32 allocated_pages=31 free_erased_pages=1 live_entries=3492 erased_entries=391 stats_used=3492 stats_free=540 write_bytes=531736 erase_ops=96 min_sector_erases=0 max_sector_erases=24
OFFLINE_PASS pages=32 peak_pages=32 peak_live_entries=3870 history=7 cow=1 arrivals=1152
EMULATOR_IMAGE=/tmp/idf-partition-hQMXf4
EXIT=0
CASE={"scenario": "NORMAL", "profile": "door_user", "worst": false, "history_segments": 7, "cow_segments": 1, "protected_peak_bytes": 135168}
COMMAND=GS_DIAG_PAGES=48 /home/udaybhan/projects/Ghar_sajag_r1_storage/code/ParivarSathi_v1.5.4_PWA_BatteryAnalytics_v3_4_2/host/storage/nvs_runtime_probe/build/gs_nvs_runtime_probe.elf offline /tmp/gs-72h-nvs-cydj8azl/fixture.txt
FIXTURE_SHA256=c8f6e8be6f567c4fca597be2763c54948d787a7d399de723d5a4eedb8036745c
NVS_RUNTIME phase=offline_loaded iteration=66 allocated_pages=31 free_erased_pages=17 live_entries=3836 erased_entries=0 stats_used=3836 stats_free=2212 write_bytes=125848 erase_ops=0 min_sector_erases=0 max_sector_erases=0
NVS_RUNTIME phase=offline_recovered iteration=32 allocated_pages=47 free_erased_pages=1 live_entries=3492 erased_entries=2367 stats_used=3492 stats_free=2556 write_bytes=469948 erase_ops=67 min_sector_erases=0 max_sector_erases=4
OFFLINE_PASS pages=48 peak_pages=47 peak_live_entries=3836 history=7 cow=1 arrivals=1152
EMULATOR_IMAGE=/tmp/idf-partition-N1gHNu
EXIT=0
CASE={"scenario": "NORMAL", "profile": "door_user", "worst": false, "history_segments": 7, "cow_segments": 1, "protected_peak_bytes": 135168}
COMMAND=GS_DIAG_PAGES=64 /home/udaybhan/projects/Ghar_sajag_r1_storage/code/ParivarSathi_v1.5.4_PWA_BatteryAnalytics_v3_4_2/host/storage/nvs_runtime_probe/build/gs_nvs_runtime_probe.elf offline /tmp/gs-72h-nvs-cydj8azl/fixture.txt
FIXTURE_SHA256=c8f6e8be6f567c4fca597be2763c54948d787a7d399de723d5a4eedb8036745c
NVS_RUNTIME phase=offline_loaded iteration=66 allocated_pages=31 free_erased_pages=33 live_entries=3836 erased_entries=0 stats_used=3836 stats_free=4228 write_bytes=125848 erase_ops=0 min_sector_erases=0 max_sector_erases=0
NVS_RUNTIME phase=offline_recovered iteration=32 allocated_pages=63 free_erased_pages=1 live_entries=3492 erased_entries=4372 stats_used=3492 stats_free=4572 write_bytes=469884 erase_ops=51 min_sector_erases=0 max_sector_erases=2
OFFLINE_PASS pages=64 peak_pages=63 peak_live_entries=3836 history=7 cow=1 arrivals=1152
EMULATOR_IMAGE=/tmp/idf-partition-ry0SVc
EXIT=0
CASE={"scenario": "NORMAL", "profile": "door_user", "worst": true, "history_segments": 37, "cow_segments": 1, "protected_peak_bytes": 266240}
COMMAND=GS_DIAG_PAGES=32 /home/udaybhan/projects/Ghar_sajag_r1_storage/code/ParivarSathi_v1.5.4_PWA_BatteryAnalytics_v3_4_2/host/storage/nvs_runtime_probe/build/gs_nvs_runtime_probe.elf offline /tmp/gs-72h-nvs-cydj8azl/fixture.txt
FIXTURE_SHA256=a8e75957faf00250e39f13d25db59824e3e14fa6a6f3f336e29c323abaabe5ab
OFFLINE_STOP phase=load object=34 bytes=4096 error=ESP_ERR_NVS_NOT_ENOUGH_SPACE
NVS_RUNTIME phase=offline_stop iteration=34 allocated_pages=31 free_erased_pages=1 live_entries=3889 erased_entries=0 stats_used=3889 stats_free=143 write_bytes=139584 erase_ops=3 min_sector_erases=0 max_sector_erases=2
EMULATOR_IMAGE=/tmp/idf-partition-eCTSvK
EXIT=2
CASE={"scenario": "NORMAL", "profile": "door_user", "worst": true, "history_segments": 37, "cow_segments": 1, "protected_peak_bytes": 266240}
COMMAND=GS_DIAG_PAGES=48 /home/udaybhan/projects/Ghar_sajag_r1_storage/code/ParivarSathi_v1.5.4_PWA_BatteryAnalytics_v3_4_2/host/storage/nvs_runtime_probe/build/gs_nvs_runtime_probe.elf offline /tmp/gs-72h-nvs-cydj8azl/fixture.txt
FIXTURE_SHA256=a8e75957faf00250e39f13d25db59824e3e14fa6a6f3f336e29c323abaabe5ab
OFFLINE_STOP phase=load object=49 bytes=4096 error=ESP_ERR_NVS_NOT_ENOUGH_SPACE
NVS_RUNTIME phase=offline_stop iteration=49 allocated_pages=47 free_erased_pages=1 live_entries=5853 erased_entries=69 stats_used=5853 stats_free=195 write_bytes=206040 erase_ops=3 min_sector_erases=0 max_sector_erases=1
EMULATOR_IMAGE=/tmp/idf-partition-bA6hx8
EXIT=2
CASE={"scenario": "NORMAL", "profile": "door_user", "worst": true, "history_segments": 37, "cow_segments": 1, "protected_peak_bytes": 266240}
COMMAND=GS_DIAG_PAGES=64 /home/udaybhan/projects/Ghar_sajag_r1_storage/code/ParivarSathi_v1.5.4_PWA_BatteryAnalytics_v3_4_2/host/storage/nvs_runtime_probe/build/gs_nvs_runtime_probe.elf offline /tmp/gs-72h-nvs-cydj8azl/fixture.txt
FIXTURE_SHA256=a8e75957faf00250e39f13d25db59824e3e14fa6a6f3f336e29c323abaabe5ab
NVS_RUNTIME phase=offline_loaded iteration=96 allocated_pages=63 free_erased_pages=1 live_entries=7829 erased_entries=0 stats_used=7829 stats_free=235 write_bytes=256236 erase_ops=0 min_sector_erases=0 max_sector_erases=0
NVS_RUNTIME phase=offline_recovered iteration=32 allocated_pages=63 free_erased_pages=1 live_entries=7486 erased_entries=391 stats_used=7486 stats_free=578 write_bytes=658680 erase_ops=95 min_sector_erases=0 max_sector_erases=24
OFFLINE_PASS pages=64 peak_pages=64 peak_live_entries=7829 history=37 cow=1 arrivals=1152
EMULATOR_IMAGE=/tmp/idf-partition-lPYoOJ
EXIT=0
CASE={"scenario": "NORMAL", "profile": "node_loss", "worst": false, "history_segments": 7, "cow_segments": 1, "protected_peak_bytes": 135168}
COMMAND=GS_DIAG_PAGES=32 /home/udaybhan/projects/Ghar_sajag_r1_storage/code/ParivarSathi_v1.5.4_PWA_BatteryAnalytics_v3_4_2/host/storage/nvs_runtime_probe/build/gs_nvs_runtime_probe.elf offline /tmp/gs-72h-nvs-cydj8azl/fixture.txt
FIXTURE_SHA256=c8f6e8be6f567c4fca597be2763c54948d787a7d399de723d5a4eedb8036745c
NVS_RUNTIME phase=offline_loaded iteration=66 allocated_pages=31 free_erased_pages=1 live_entries=3836 erased_entries=0 stats_used=3836 stats_free=196 write_bytes=125848 erase_ops=0 min_sector_erases=0 max_sector_erases=0
NVS_RUNTIME phase=offline_recovered iteration=32 allocated_pages=31 free_erased_pages=1 live_entries=3492 erased_entries=391 stats_used=3492 stats_free=540 write_bytes=531736 erase_ops=96 min_sector_erases=0 max_sector_erases=24
OFFLINE_PASS pages=32 peak_pages=32 peak_live_entries=3870 history=7 cow=1 arrivals=1152
EMULATOR_IMAGE=/tmp/idf-partition-1rzvjz
EXIT=0
CASE={"scenario": "NORMAL", "profile": "node_loss", "worst": false, "history_segments": 7, "cow_segments": 1, "protected_peak_bytes": 135168}
COMMAND=GS_DIAG_PAGES=48 /home/udaybhan/projects/Ghar_sajag_r1_storage/code/ParivarSathi_v1.5.4_PWA_BatteryAnalytics_v3_4_2/host/storage/nvs_runtime_probe/build/gs_nvs_runtime_probe.elf offline /tmp/gs-72h-nvs-cydj8azl/fixture.txt
FIXTURE_SHA256=c8f6e8be6f567c4fca597be2763c54948d787a7d399de723d5a4eedb8036745c
NVS_RUNTIME phase=offline_loaded iteration=66 allocated_pages=31 free_erased_pages=17 live_entries=3836 erased_entries=0 stats_used=3836 stats_free=2212 write_bytes=125848 erase_ops=0 min_sector_erases=0 max_sector_erases=0
NVS_RUNTIME phase=offline_recovered iteration=32 allocated_pages=47 free_erased_pages=1 live_entries=3492 erased_entries=2367 stats_used=3492 stats_free=2556 write_bytes=469948 erase_ops=67 min_sector_erases=0 max_sector_erases=4
OFFLINE_PASS pages=48 peak_pages=47 peak_live_entries=3836 history=7 cow=1 arrivals=1152
EMULATOR_IMAGE=/tmp/idf-partition-zmgScB
EXIT=0
CASE={"scenario": "NORMAL", "profile": "node_loss", "worst": false, "history_segments": 7, "cow_segments": 1, "protected_peak_bytes": 135168}
COMMAND=GS_DIAG_PAGES=64 /home/udaybhan/projects/Ghar_sajag_r1_storage/code/ParivarSathi_v1.5.4_PWA_BatteryAnalytics_v3_4_2/host/storage/nvs_runtime_probe/build/gs_nvs_runtime_probe.elf offline /tmp/gs-72h-nvs-cydj8azl/fixture.txt
FIXTURE_SHA256=c8f6e8be6f567c4fca597be2763c54948d787a7d399de723d5a4eedb8036745c
NVS_RUNTIME phase=offline_loaded iteration=66 allocated_pages=31 free_erased_pages=33 live_entries=3836 erased_entries=0 stats_used=3836 stats_free=4228 write_bytes=125848 erase_ops=0 min_sector_erases=0 max_sector_erases=0
NVS_RUNTIME phase=offline_recovered iteration=32 allocated_pages=63 free_erased_pages=1 live_entries=3492 erased_entries=4372 stats_used=3492 stats_free=4572 write_bytes=469884 erase_ops=51 min_sector_erases=0 max_sector_erases=2
OFFLINE_PASS pages=64 peak_pages=63 peak_live_entries=3836 history=7 cow=1 arrivals=1152
EMULATOR_IMAGE=/tmp/idf-partition-uIRK9x
EXIT=0
CASE={"scenario": "NORMAL", "profile": "node_loss", "worst": true, "history_segments": 24, "cow_segments": 2, "protected_peak_bytes": 212992}
COMMAND=GS_DIAG_PAGES=32 /home/udaybhan/projects/Ghar_sajag_r1_storage/code/ParivarSathi_v1.5.4_PWA_BatteryAnalytics_v3_4_2/host/storage/nvs_runtime_probe/build/gs_nvs_runtime_probe.elf offline /tmp/gs-72h-nvs-cydj8azl/fixture.txt
FIXTURE_SHA256=9818f3e903cccb477e6b315d3f8dd83099d0f6b6dd40f12fc0845eb7318cc2d3
OFFLINE_STOP phase=load object=34 bytes=4096 error=ESP_ERR_NVS_NOT_ENOUGH_SPACE
NVS_RUNTIME phase=offline_stop iteration=34 allocated_pages=31 free_erased_pages=1 live_entries=3889 erased_entries=0 stats_used=3889 stats_free=143 write_bytes=139584 erase_ops=3 min_sector_erases=0 max_sector_erases=2
EMULATOR_IMAGE=/tmp/idf-partition-MCdq4T
EXIT=2
CASE={"scenario": "NORMAL", "profile": "node_loss", "worst": true, "history_segments": 24, "cow_segments": 2, "protected_peak_bytes": 212992}
COMMAND=GS_DIAG_PAGES=48 /home/udaybhan/projects/Ghar_sajag_r1_storage/code/ParivarSathi_v1.5.4_PWA_BatteryAnalytics_v3_4_2/host/storage/nvs_runtime_probe/build/gs_nvs_runtime_probe.elf offline /tmp/gs-72h-nvs-cydj8azl/fixture.txt
FIXTURE_SHA256=9818f3e903cccb477e6b315d3f8dd83099d0f6b6dd40f12fc0845eb7318cc2d3
OFFLINE_STOP phase=load object=49 bytes=6144 error=ESP_ERR_NVS_NOT_ENOUGH_SPACE
NVS_RUNTIME phase=offline_stop iteration=49 allocated_pages=47 free_erased_pages=1 live_entries=5834 erased_entries=88 stats_used=5834 stats_free=214 write_bytes=206048 erase_ops=3 min_sector_erases=0 max_sector_erases=1
EMULATOR_IMAGE=/tmp/idf-partition-lvP5rF
EXIT=2
CASE={"scenario": "NORMAL", "profile": "node_loss", "worst": true, "history_segments": 24, "cow_segments": 2, "protected_peak_bytes": 212992}
COMMAND=GS_DIAG_PAGES=64 /home/udaybhan/projects/Ghar_sajag_r1_storage/code/ParivarSathi_v1.5.4_PWA_BatteryAnalytics_v3_4_2/host/storage/nvs_runtime_probe/build/gs_nvs_runtime_probe.elf offline /tmp/gs-72h-nvs-cydj8azl/fixture.txt
FIXTURE_SHA256=9818f3e903cccb477e6b315d3f8dd83099d0f6b6dd40f12fc0845eb7318cc2d3
NVS_RUNTIME phase=offline_loaded iteration=84 allocated_pages=50 free_erased_pages=14 live_entries=6258 erased_entries=0 stats_used=6258 stats_free=1806 write_bytes=204912 erase_ops=0 min_sector_erases=0 max_sector_erases=0
NVS_RUNTIME phase=offline_recovered iteration=32 allocated_pages=63 free_erased_pages=1 live_entries=5914 erased_entries=1866 stats_used=5914 stats_free=2150 write_bytes=549056 erase_ops=71 min_sector_erases=0 max_sector_erases=5
OFFLINE_PASS pages=64 peak_pages=63 peak_live_entries=6258 history=24 cow=2 arrivals=1152
EMULATOR_IMAGE=/tmp/idf-partition-EERyFo
EXIT=0
CASE={"scenario": "NORMAL", "profile": "simultaneous", "worst": false, "history_segments": 3, "cow_segments": 1, "protected_peak_bytes": 118784}
COMMAND=GS_DIAG_PAGES=32 /home/udaybhan/projects/Ghar_sajag_r1_storage/code/ParivarSathi_v1.5.4_PWA_BatteryAnalytics_v3_4_2/host/storage/nvs_runtime_probe/build/gs_nvs_runtime_probe.elf offline /tmp/gs-72h-nvs-cydj8azl/fixture.txt
FIXTURE_SHA256=59922ce60684cfdbb8fdcc2963262f91194b1f329a18ba7b82013321bf1d6438
NVS_RUNTIME phase=offline_loaded iteration=62 allocated_pages=27 free_erased_pages=5 live_entries=3312 erased_entries=0 stats_used=3312 stats_free=720 write_bytes=108740 erase_ops=0 min_sector_erases=0 max_sector_erases=0
NVS_RUNTIME phase=offline_recovered iteration=32 allocated_pages=31 free_erased_pages=1 live_entries=2968 erased_entries=868 stats_used=2968 stats_free=1064 write_bytes=452896 erase_ops=79 min_sector_erases=0 max_sector_erases=12
OFFLINE_PASS pages=32 peak_pages=31 peak_live_entries=3312 history=3 cow=1 arrivals=1152
EMULATOR_IMAGE=/tmp/idf-partition-rrx5De
EXIT=0
CASE={"scenario": "NORMAL", "profile": "simultaneous", "worst": false, "history_segments": 3, "cow_segments": 1, "protected_peak_bytes": 118784}
COMMAND=GS_DIAG_PAGES=48 /home/udaybhan/projects/Ghar_sajag_r1_storage/code/ParivarSathi_v1.5.4_PWA_BatteryAnalytics_v3_4_2/host/storage/nvs_runtime_probe/build/gs_nvs_runtime_probe.elf offline /tmp/gs-72h-nvs-cydj8azl/fixture.txt
FIXTURE_SHA256=59922ce60684cfdbb8fdcc2963262f91194b1f329a18ba7b82013321bf1d6438
NVS_RUNTIME phase=offline_loaded iteration=62 allocated_pages=27 free_erased_pages=21 live_entries=3312 erased_entries=0 stats_used=3312 stats_free=2736 write_bytes=108740 erase_ops=0 min_sector_erases=0 max_sector_erases=0
NVS_RUNTIME phase=offline_recovered iteration=32 allocated_pages=47 free_erased_pages=1 live_entries=2968 erased_entries=2873 stats_used=2968 stats_free=3080 write_bytes=452832 erase_ops=63 min_sector_erases=0 max_sector_erases=3
OFFLINE_PASS pages=48 peak_pages=47 peak_live_entries=3312 history=3 cow=1 arrivals=1152
EMULATOR_IMAGE=/tmp/idf-partition-AKMGS0
EXIT=0
CASE={"scenario": "NORMAL", "profile": "simultaneous", "worst": false, "history_segments": 3, "cow_segments": 1, "protected_peak_bytes": 118784}
COMMAND=GS_DIAG_PAGES=64 /home/udaybhan/projects/Ghar_sajag_r1_storage/code/ParivarSathi_v1.5.4_PWA_BatteryAnalytics_v3_4_2/host/storage/nvs_runtime_probe/build/gs_nvs_runtime_probe.elf offline /tmp/gs-72h-nvs-cydj8azl/fixture.txt
FIXTURE_SHA256=59922ce60684cfdbb8fdcc2963262f91194b1f329a18ba7b82013321bf1d6438
NVS_RUNTIME phase=offline_loaded iteration=62 allocated_pages=27 free_erased_pages=37 live_entries=3312 erased_entries=0 stats_used=3312 stats_free=4752 write_bytes=108740 erase_ops=0 min_sector_erases=0 max_sector_erases=0
NVS_RUNTIME phase=offline_recovered iteration=32 allocated_pages=63 free_erased_pages=1 live_entries=2968 erased_entries=4878 stats_used=2968 stats_free=5096 write_bytes=452768 erase_ops=47 min_sector_erases=0 max_sector_erases=2
OFFLINE_PASS pages=64 peak_pages=63 peak_live_entries=3312 history=3 cow=1 arrivals=1152
EMULATOR_IMAGE=/tmp/idf-partition-aKpZOh
EXIT=0
CASE={"scenario": "NORMAL", "profile": "simultaneous", "worst": true, "history_segments": 6, "cow_segments": 4, "protected_peak_bytes": 143360}
COMMAND=GS_DIAG_PAGES=32 /home/udaybhan/projects/Ghar_sajag_r1_storage/code/ParivarSathi_v1.5.4_PWA_BatteryAnalytics_v3_4_2/host/storage/nvs_runtime_probe/build/gs_nvs_runtime_probe.elf offline /tmp/gs-72h-nvs-cydj8azl/fixture.txt
FIXTURE_SHA256=5c0acb394d0932fadcd6dbb5b3527aa9633c17e49419a820e9229364e52a4b4e
OFFLINE_STOP phase=load object=33 bytes=6144 error=ESP_ERR_NVS_NOT_ENOUGH_SPACE
NVS_RUNTIME phase=offline_stop iteration=33 allocated_pages=31 free_erased_pages=1 live_entries=3737 erased_entries=169 stats_used=3737 stats_free=295 write_bytes=144440 erase_ops=4 min_sector_erases=0 max_sector_erases=1
EMULATOR_IMAGE=/tmp/idf-partition-khq5FC
EXIT=2
CASE={"scenario": "NORMAL", "profile": "simultaneous", "worst": true, "history_segments": 6, "cow_segments": 4, "protected_peak_bytes": 143360}
COMMAND=GS_DIAG_PAGES=48 /home/udaybhan/projects/Ghar_sajag_r1_storage/code/ParivarSathi_v1.5.4_PWA_BatteryAnalytics_v3_4_2/host/storage/nvs_runtime_probe/build/gs_nvs_runtime_probe.elf offline /tmp/gs-72h-nvs-cydj8azl/fixture.txt
FIXTURE_SHA256=5c0acb394d0932fadcd6dbb5b3527aa9633c17e49419a820e9229364e52a4b4e
NVS_RUNTIME phase=offline_loaded iteration=68 allocated_pages=34 free_erased_pages=14 live_entries=4160 erased_entries=0 stats_used=4160 stats_free=1888 write_bytes=136420 erase_ops=0 min_sector_erases=0 max_sector_erases=0
NVS_RUNTIME phase=offline_recovered iteration=32 allocated_pages=47 free_erased_pages=1 live_entries=3818 erased_entries=1994 stats_used=3818 stats_free=2230 write_bytes=480476 erase_ops=70 min_sector_erases=0 max_sector_erases=5
OFFLINE_PASS pages=48 peak_pages=47 peak_live_entries=4160 history=6 cow=4 arrivals=1152
EMULATOR_IMAGE=/tmp/idf-partition-0PZr0M
EXIT=0
CASE={"scenario": "NORMAL", "profile": "simultaneous", "worst": true, "history_segments": 6, "cow_segments": 4, "protected_peak_bytes": 143360}
COMMAND=GS_DIAG_PAGES=64 /home/udaybhan/projects/Ghar_sajag_r1_storage/code/ParivarSathi_v1.5.4_PWA_BatteryAnalytics_v3_4_2/host/storage/nvs_runtime_probe/build/gs_nvs_runtime_probe.elf offline /tmp/gs-72h-nvs-cydj8azl/fixture.txt
FIXTURE_SHA256=5c0acb394d0932fadcd6dbb5b3527aa9633c17e49419a820e9229364e52a4b4e
NVS_RUNTIME phase=offline_loaded iteration=68 allocated_pages=34 free_erased_pages=30 live_entries=4160 erased_entries=0 stats_used=4160 stats_free=3904 write_bytes=136420 erase_ops=0 min_sector_erases=0 max_sector_erases=0
NVS_RUNTIME phase=offline_recovered iteration=32 allocated_pages=63 free_erased_pages=1 live_entries=3818 erased_entries=3988 stats_used=3818 stats_free=4246 write_bytes=480412 erase_ops=54 min_sector_erases=0 max_sector_erases=2
OFFLINE_PASS pages=64 peak_pages=63 peak_live_entries=4160 history=6 cow=4 arrivals=1152
EMULATOR_IMAGE=/tmp/idf-partition-mqxcQE
EXIT=0
CASE={"scenario": "HIGH", "profile": "ordinary", "worst": false, "history_segments": 16, "cow_segments": 1, "protected_peak_bytes": 172032}
COMMAND=GS_DIAG_PAGES=32 /home/udaybhan/projects/Ghar_sajag_r1_storage/code/ParivarSathi_v1.5.4_PWA_BatteryAnalytics_v3_4_2/host/storage/nvs_runtime_probe/build/gs_nvs_runtime_probe.elf offline /tmp/gs-72h-nvs-cydj8azl/fixture.txt
FIXTURE_SHA256=8dd62a34657a6d35feeaac3674fca1857276ee76c145fb2f4407b0e7792e195d
OFFLINE_STOP phase=load object=34 bytes=4096 error=ESP_ERR_NVS_NOT_ENOUGH_SPACE
NVS_RUNTIME phase=offline_stop iteration=34 allocated_pages=31 free_erased_pages=1 live_entries=3889 erased_entries=0 stats_used=3889 stats_free=143 write_bytes=139584 erase_ops=3 min_sector_erases=0 max_sector_erases=2
EMULATOR_IMAGE=/tmp/idf-partition-jE41iD
EXIT=2
CASE={"scenario": "HIGH", "profile": "ordinary", "worst": false, "history_segments": 16, "cow_segments": 1, "protected_peak_bytes": 172032}
COMMAND=GS_DIAG_PAGES=48 /home/udaybhan/projects/Ghar_sajag_r1_storage/code/ParivarSathi_v1.5.4_PWA_BatteryAnalytics_v3_4_2/host/storage/nvs_runtime_probe/build/gs_nvs_runtime_probe.elf offline /tmp/gs-72h-nvs-cydj8azl/fixture.txt
FIXTURE_SHA256=8dd62a34657a6d35feeaac3674fca1857276ee76c145fb2f4407b0e7792e195d
NVS_RUNTIME phase=offline_loaded iteration=75 allocated_pages=41 free_erased_pages=7 live_entries=5014 erased_entries=0 stats_used=5014 stats_free=1034 write_bytes=164328 erase_ops=0 min_sector_erases=0 max_sector_erases=0
NVS_RUNTIME phase=offline_recovered iteration=32 allocated_pages=47 free_erased_pages=1 live_entries=4671 erased_entries=1134 stats_used=4671 stats_free=1377 write_bytes=508460 erase_ops=77 min_sector_erases=0 max_sector_erases=9
OFFLINE_PASS pages=48 peak_pages=47 peak_live_entries=5014 history=16 cow=1 arrivals=5328
EMULATOR_IMAGE=/tmp/idf-partition-7zoWab
EXIT=0
CASE={"scenario": "HIGH", "profile": "ordinary", "worst": false, "history_segments": 16, "cow_segments": 1, "protected_peak_bytes": 172032}
COMMAND=GS_DIAG_PAGES=64 /home/udaybhan/projects/Ghar_sajag_r1_storage/code/ParivarSathi_v1.5.4_PWA_BatteryAnalytics_v3_4_2/host/storage/nvs_runtime_probe/build/gs_nvs_runtime_probe.elf offline /tmp/gs-72h-nvs-cydj8azl/fixture.txt
FIXTURE_SHA256=8dd62a34657a6d35feeaac3674fca1857276ee76c145fb2f4407b0e7792e195d
NVS_RUNTIME phase=offline_loaded iteration=75 allocated_pages=41 free_erased_pages=23 live_entries=5014 erased_entries=0 stats_used=5014 stats_free=3050 write_bytes=164328 erase_ops=0 min_sector_erases=0 max_sector_erases=0
NVS_RUNTIME phase=offline_recovered iteration=32 allocated_pages=63 free_erased_pages=1 live_entries=4671 erased_entries=3139 stats_used=4671 stats_free=3393 write_bytes=508396 erase_ops=61 min_sector_erases=0 max_sector_erases=3
OFFLINE_PASS pages=64 peak_pages=63 peak_live_entries=5014 history=16 cow=1 arrivals=5328
EMULATOR_IMAGE=/tmp/idf-partition-gL7rKV
EXIT=0
CASE={"scenario": "HIGH", "profile": "ordinary", "worst": true, "history_segments": 26, "cow_segments": 4, "protected_peak_bytes": 229376}
COMMAND=GS_DIAG_PAGES=32 /home/udaybhan/projects/Ghar_sajag_r1_storage/code/ParivarSathi_v1.5.4_PWA_BatteryAnalytics_v3_4_2/host/storage/nvs_runtime_probe/build/gs_nvs_runtime_probe.elf offline /tmp/gs-72h-nvs-cydj8azl/fixture.txt
FIXTURE_SHA256=3a8f7e1e2c4395d496f42039f0721bba4f7f03bc2a1652bf56dc01c413a285aa
OFFLINE_STOP phase=load object=34 bytes=4096 error=ESP_ERR_NVS_NOT_ENOUGH_SPACE
NVS_RUNTIME phase=offline_stop iteration=34 allocated_pages=31 free_erased_pages=1 live_entries=3889 erased_entries=0 stats_used=3889 stats_free=143 write_bytes=139584 erase_ops=3 min_sector_erases=0 max_sector_erases=2
EMULATOR_IMAGE=/tmp/idf-partition-iIp4WD
EXIT=2
CASE={"scenario": "HIGH", "profile": "ordinary", "worst": true, "history_segments": 26, "cow_segments": 4, "protected_peak_bytes": 229376}
COMMAND=GS_DIAG_PAGES=48 /home/udaybhan/projects/Ghar_sajag_r1_storage/code/ParivarSathi_v1.5.4_PWA_BatteryAnalytics_v3_4_2/host/storage/nvs_runtime_probe/build/gs_nvs_runtime_probe.elf offline /tmp/gs-72h-nvs-cydj8azl/fixture.txt
FIXTURE_SHA256=3a8f7e1e2c4395d496f42039f0721bba4f7f03bc2a1652bf56dc01c413a285aa
OFFLINE_STOP phase=load object=49 bytes=4096 error=ESP_ERR_NVS_NOT_ENOUGH_SPACE
NVS_RUNTIME phase=offline_stop iteration=49 allocated_pages=47 free_erased_pages=1 live_entries=5853 erased_entries=69 stats_used=5853 stats_free=195 write_bytes=206040 erase_ops=3 min_sector_erases=0 max_sector_erases=1
EMULATOR_IMAGE=/tmp/idf-partition-SX59Ku
EXIT=2
CASE={"scenario": "HIGH", "profile": "ordinary", "worst": true, "history_segments": 26, "cow_segments": 4, "protected_peak_bytes": 229376}
COMMAND=GS_DIAG_PAGES=64 /home/udaybhan/projects/Ghar_sajag_r1_storage/code/ParivarSathi_v1.5.4_PWA_BatteryAnalytics_v3_4_2/host/storage/nvs_runtime_probe/build/gs_nvs_runtime_probe.elf offline /tmp/gs-72h-nvs-cydj8azl/fixture.txt
FIXTURE_SHA256=3a8f7e1e2c4395d496f42039f0721bba4f7f03bc2a1652bf56dc01c413a285aa
NVS_RUNTIME phase=offline_loaded iteration=88 allocated_pages=55 free_erased_pages=9 live_entries=6782 erased_entries=0 stats_used=6782 stats_free=1282 write_bytes=222060 erase_ops=0 min_sector_erases=0 max_sector_erases=0
NVS_RUNTIME phase=offline_recovered iteration=32 allocated_pages=63 free_erased_pages=1 live_entries=6438 erased_entries=1361 stats_used=6438 stats_free=1626 write_bytes=566196 erase_ops=75 min_sector_erases=0 max_sector_erases=7
OFFLINE_PASS pages=64 peak_pages=63 peak_live_entries=6782 history=26 cow=4 arrivals=5328
EMULATOR_IMAGE=/tmp/idf-partition-UF1hAd
EXIT=0
CASE={"scenario": "HIGH", "profile": "mixed", "worst": false, "history_segments": 20, "cow_segments": 1, "protected_peak_bytes": 188416}
COMMAND=GS_DIAG_PAGES=32 /home/udaybhan/projects/Ghar_sajag_r1_storage/code/ParivarSathi_v1.5.4_PWA_BatteryAnalytics_v3_4_2/host/storage/nvs_runtime_probe/build/gs_nvs_runtime_probe.elf offline /tmp/gs-72h-nvs-cydj8azl/fixture.txt
FIXTURE_SHA256=521323d78ad6799f03dcd44f4d11917006abd6db26e110882214c7141a5cb16c
OFFLINE_STOP phase=load object=34 bytes=4096 error=ESP_ERR_NVS_NOT_ENOUGH_SPACE
NVS_RUNTIME phase=offline_stop iteration=34 allocated_pages=31 free_erased_pages=1 live_entries=3889 erased_entries=0 stats_used=3889 stats_free=143 write_bytes=139584 erase_ops=3 min_sector_erases=0 max_sector_erases=2
EMULATOR_IMAGE=/tmp/idf-partition-mq5NyY
EXIT=2
CASE={"scenario": "HIGH", "profile": "mixed", "worst": false, "history_segments": 20, "cow_segments": 1, "protected_peak_bytes": 188416}
COMMAND=GS_DIAG_PAGES=48 /home/udaybhan/projects/Ghar_sajag_r1_storage/code/ParivarSathi_v1.5.4_PWA_BatteryAnalytics_v3_4_2/host/storage/nvs_runtime_probe/build/gs_nvs_runtime_probe.elf offline /tmp/gs-72h-nvs-cydj8azl/fixture.txt
FIXTURE_SHA256=521323d78ad6799f03dcd44f4d11917006abd6db26e110882214c7141a5cb16c
NVS_RUNTIME phase=offline_loaded iteration=79 allocated_pages=45 free_erased_pages=3 live_entries=5538 erased_entries=0 stats_used=5538 stats_free=510 write_bytes=181444 erase_ops=0 min_sector_erases=0 max_sector_erases=0
NVS_RUNTIME phase=offline_recovered iteration=32 allocated_pages=47 free_erased_pages=1 live_entries=5195 erased_entries=628 stats_used=5195 stats_free=853 write_bytes=525548 erase_ops=81 min_sector_erases=0 max_sector_erases=17
OFFLINE_PASS pages=48 peak_pages=47 peak_live_entries=5538 history=20 cow=1 arrivals=5328
EMULATOR_IMAGE=/tmp/idf-partition-D7LN2P
EXIT=0
CASE={"scenario": "HIGH", "profile": "mixed", "worst": false, "history_segments": 20, "cow_segments": 1, "protected_peak_bytes": 188416}
COMMAND=GS_DIAG_PAGES=64 /home/udaybhan/projects/Ghar_sajag_r1_storage/code/ParivarSathi_v1.5.4_PWA_BatteryAnalytics_v3_4_2/host/storage/nvs_runtime_probe/build/gs_nvs_runtime_probe.elf offline /tmp/gs-72h-nvs-cydj8azl/fixture.txt
FIXTURE_SHA256=521323d78ad6799f03dcd44f4d11917006abd6db26e110882214c7141a5cb16c
NVS_RUNTIME phase=offline_loaded iteration=79 allocated_pages=45 free_erased_pages=19 live_entries=5538 erased_entries=0 stats_used=5538 stats_free=2526 write_bytes=181444 erase_ops=0 min_sector_erases=0 max_sector_erases=0
NVS_RUNTIME phase=offline_recovered iteration=32 allocated_pages=63 free_erased_pages=1 live_entries=5195 erased_entries=2633 stats_used=5195 stats_free=2869 write_bytes=525484 erase_ops=65 min_sector_erases=0 max_sector_erases=4
OFFLINE_PASS pages=64 peak_pages=63 peak_live_entries=5538 history=20 cow=1 arrivals=5328
EMULATOR_IMAGE=/tmp/idf-partition-UBZdvc
EXIT=0
CASE={"scenario": "HIGH", "profile": "mixed", "worst": true, "history_segments": 92, "cow_segments": 3, "protected_peak_bytes": 507904}
COMMAND=GS_DIAG_PAGES=32 /home/udaybhan/projects/Ghar_sajag_r1_storage/code/ParivarSathi_v1.5.4_PWA_BatteryAnalytics_v3_4_2/host/storage/nvs_runtime_probe/build/gs_nvs_runtime_probe.elf offline /tmp/gs-72h-nvs-cydj8azl/fixture.txt
FIXTURE_SHA256=56077b90ba79ce78469cecc80106fd42f0d6506aa9c92f658a253755f6c18ddf
OFFLINE_STOP phase=load object=34 bytes=4096 error=ESP_ERR_NVS_NOT_ENOUGH_SPACE
NVS_RUNTIME phase=offline_stop iteration=34 allocated_pages=31 free_erased_pages=1 live_entries=3889 erased_entries=0 stats_used=3889 stats_free=143 write_bytes=139584 erase_ops=3 min_sector_erases=0 max_sector_erases=2
EMULATOR_IMAGE=/tmp/idf-partition-5Zayzv
EXIT=2
CASE={"scenario": "HIGH", "profile": "mixed", "worst": true, "history_segments": 92, "cow_segments": 3, "protected_peak_bytes": 507904}
COMMAND=GS_DIAG_PAGES=48 /home/udaybhan/projects/Ghar_sajag_r1_storage/code/ParivarSathi_v1.5.4_PWA_BatteryAnalytics_v3_4_2/host/storage/nvs_runtime_probe/build/gs_nvs_runtime_probe.elf offline /tmp/gs-72h-nvs-cydj8azl/fixture.txt
FIXTURE_SHA256=56077b90ba79ce78469cecc80106fd42f0d6506aa9c92f658a253755f6c18ddf
OFFLINE_STOP phase=load object=49 bytes=4096 error=ESP_ERR_NVS_NOT_ENOUGH_SPACE
NVS_RUNTIME phase=offline_stop iteration=49 allocated_pages=47 free_erased_pages=1 live_entries=5853 erased_entries=69 stats_used=5853 stats_free=195 write_bytes=206040 erase_ops=3 min_sector_erases=0 max_sector_erases=1
EMULATOR_IMAGE=/tmp/idf-partition-LRvtvl
EXIT=2
CASE={"scenario": "HIGH", "profile": "mixed", "worst": true, "history_segments": 92, "cow_segments": 3, "protected_peak_bytes": 507904}
COMMAND=GS_DIAG_PAGES=64 /home/udaybhan/projects/Ghar_sajag_r1_storage/code/ParivarSathi_v1.5.4_PWA_BatteryAnalytics_v3_4_2/host/storage/nvs_runtime_probe/build/gs_nvs_runtime_probe.elf offline /tmp/gs-72h-nvs-cydj8azl/fixture.txt
FIXTURE_SHA256=56077b90ba79ce78469cecc80106fd42f0d6506aa9c92f658a253755f6c18ddf
OFFLINE_STOP phase=load object=64 bytes=4096 error=ESP_ERR_NVS_NOT_ENOUGH_SPACE
NVS_RUNTIME phase=offline_stop iteration=64 allocated_pages=63 free_erased_pages=1 live_entries=7818 erased_entries=120 stats_used=7818 stats_free=246 write_bytes=276068 erase_ops=4 min_sector_erases=0 max_sector_erases=1
EMULATOR_IMAGE=/tmp/idf-partition-06OY5U
EXIT=2
CASE={"scenario": "HIGH", "profile": "simultaneous", "worst": false, "history_segments": 13, "cow_segments": 1, "protected_peak_bytes": 159744}
COMMAND=GS_DIAG_PAGES=32 /home/udaybhan/projects/Ghar_sajag_r1_storage/code/ParivarSathi_v1.5.4_PWA_BatteryAnalytics_v3_4_2/host/storage/nvs_runtime_probe/build/gs_nvs_runtime_probe.elf offline /tmp/gs-72h-nvs-cydj8azl/fixture.txt
FIXTURE_SHA256=acc5a7a5caed3194d8457f131acc83568853f135a3dd6515e63633dd9f5e6681
OFFLINE_STOP phase=load object=34 bytes=4096 error=ESP_ERR_NVS_NOT_ENOUGH_SPACE
NVS_RUNTIME phase=offline_stop iteration=34 allocated_pages=31 free_erased_pages=1 live_entries=3889 erased_entries=0 stats_used=3889 stats_free=143 write_bytes=139584 erase_ops=3 min_sector_erases=0 max_sector_erases=2
EMULATOR_IMAGE=/tmp/idf-partition-xHhtpE
EXIT=2
CASE={"scenario": "HIGH", "profile": "simultaneous", "worst": false, "history_segments": 13, "cow_segments": 1, "protected_peak_bytes": 159744}
COMMAND=GS_DIAG_PAGES=48 /home/udaybhan/projects/Ghar_sajag_r1_storage/code/ParivarSathi_v1.5.4_PWA_BatteryAnalytics_v3_4_2/host/storage/nvs_runtime_probe/build/gs_nvs_runtime_probe.elf offline /tmp/gs-72h-nvs-cydj8azl/fixture.txt
FIXTURE_SHA256=acc5a7a5caed3194d8457f131acc83568853f135a3dd6515e63633dd9f5e6681
NVS_RUNTIME phase=offline_loaded iteration=72 allocated_pages=37 free_erased_pages=11 live_entries=4621 erased_entries=0 stats_used=4621 stats_free=1427 write_bytes=151464 erase_ops=0 min_sector_erases=0 max_sector_erases=0
NVS_RUNTIME phase=offline_recovered iteration=32 allocated_pages=47 free_erased_pages=1 live_entries=4278 erased_entries=1487 stats_used=4278 stats_free=1770 write_bytes=495620 erase_ops=74 min_sector_erases=0 max_sector_erases=7
OFFLINE_PASS pages=48 peak_pages=47 peak_live_entries=4621 history=13 cow=1 arrivals=5328
EMULATOR_IMAGE=/tmp/idf-partition-iDNDs3
EXIT=0
CASE={"scenario": "HIGH", "profile": "simultaneous", "worst": false, "history_segments": 13, "cow_segments": 1, "protected_peak_bytes": 159744}
COMMAND=GS_DIAG_PAGES=64 /home/udaybhan/projects/Ghar_sajag_r1_storage/code/ParivarSathi_v1.5.4_PWA_BatteryAnalytics_v3_4_2/host/storage/nvs_runtime_probe/build/gs_nvs_runtime_probe.elf offline /tmp/gs-72h-nvs-cydj8azl/fixture.txt
FIXTURE_SHA256=acc5a7a5caed3194d8457f131acc83568853f135a3dd6515e63633dd9f5e6681
NVS_RUNTIME phase=offline_loaded iteration=72 allocated_pages=37 free_erased_pages=27 live_entries=4621 erased_entries=0 stats_used=4621 stats_free=3443 write_bytes=151464 erase_ops=0 min_sector_erases=0 max_sector_erases=0
NVS_RUNTIME phase=offline_recovered iteration=32 allocated_pages=63 free_erased_pages=1 live_entries=4278 erased_entries=3492 stats_used=4278 stats_free=3786 write_bytes=495556 erase_ops=58 min_sector_erases=0 max_sector_erases=3
OFFLINE_PASS pages=64 peak_pages=63 peak_live_entries=4621 history=13 cow=1 arrivals=5328
EMULATOR_IMAGE=/tmp/idf-partition-De3XDG
EXIT=0
CASE={"scenario": "HIGH", "profile": "simultaneous", "worst": true, "history_segments": 22, "cow_segments": 4, "protected_peak_bytes": 212992}
COMMAND=GS_DIAG_PAGES=32 /home/udaybhan/projects/Ghar_sajag_r1_storage/code/ParivarSathi_v1.5.4_PWA_BatteryAnalytics_v3_4_2/host/storage/nvs_runtime_probe/build/gs_nvs_runtime_probe.elf offline /tmp/gs-72h-nvs-cydj8azl/fixture.txt
FIXTURE_SHA256=3fdfb4369908d9ff0d89b24fb9794359f9cd9e0d324239c6eb2198ffa81a6943
OFFLINE_STOP phase=load object=34 bytes=4096 error=ESP_ERR_NVS_NOT_ENOUGH_SPACE
NVS_RUNTIME phase=offline_stop iteration=34 allocated_pages=31 free_erased_pages=1 live_entries=3889 erased_entries=0 stats_used=3889 stats_free=143 write_bytes=139584 erase_ops=3 min_sector_erases=0 max_sector_erases=2
EMULATOR_IMAGE=/tmp/idf-partition-rWcWMf
EXIT=2
CASE={"scenario": "HIGH", "profile": "simultaneous", "worst": true, "history_segments": 22, "cow_segments": 4, "protected_peak_bytes": 212992}
COMMAND=GS_DIAG_PAGES=48 /home/udaybhan/projects/Ghar_sajag_r1_storage/code/ParivarSathi_v1.5.4_PWA_BatteryAnalytics_v3_4_2/host/storage/nvs_runtime_probe/build/gs_nvs_runtime_probe.elf offline /tmp/gs-72h-nvs-cydj8azl/fixture.txt
FIXTURE_SHA256=3fdfb4369908d9ff0d89b24fb9794359f9cd9e0d324239c6eb2198ffa81a6943
OFFLINE_STOP phase=load object=49 bytes=6144 error=ESP_ERR_NVS_NOT_ENOUGH_SPACE
NVS_RUNTIME phase=offline_stop iteration=49 allocated_pages=47 free_erased_pages=1 live_entries=5834 erased_entries=88 stats_used=5834 stats_free=214 write_bytes=206048 erase_ops=3 min_sector_erases=0 max_sector_erases=1
EMULATOR_IMAGE=/tmp/idf-partition-OmecOc
EXIT=2
CASE={"scenario": "HIGH", "profile": "simultaneous", "worst": true, "history_segments": 22, "cow_segments": 4, "protected_peak_bytes": 212992}
COMMAND=GS_DIAG_PAGES=64 /home/udaybhan/projects/Ghar_sajag_r1_storage/code/ParivarSathi_v1.5.4_PWA_BatteryAnalytics_v3_4_2/host/storage/nvs_runtime_probe/build/gs_nvs_runtime_probe.elf offline /tmp/gs-72h-nvs-cydj8azl/fixture.txt
FIXTURE_SHA256=3fdfb4369908d9ff0d89b24fb9794359f9cd9e0d324239c6eb2198ffa81a6943
NVS_RUNTIME phase=offline_loaded iteration=84 allocated_pages=50 free_erased_pages=14 live_entries=6258 erased_entries=0 stats_used=6258 stats_free=1806 write_bytes=204912 erase_ops=0 min_sector_erases=0 max_sector_erases=0
NVS_RUNTIME phase=offline_recovered iteration=32 allocated_pages=63 free_erased_pages=1 live_entries=5914 erased_entries=1866 stats_used=5914 stats_free=2150 write_bytes=549056 erase_ops=71 min_sector_erases=0 max_sector_erases=5
OFFLINE_PASS pages=64 peak_pages=63 peak_live_entries=6258 history=22 cow=4 arrivals=5328
EMULATOR_IMAGE=/tmp/idf-partition-pKOmvp
EXIT=0
CASE={"scenario": "STRESS", "profile": "ordinary", "worst": false, "history_segments": 151, "cow_segments": 1, "protected_peak_bytes": 749568}
COMMAND=GS_DIAG_PAGES=32 /home/udaybhan/projects/Ghar_sajag_r1_storage/code/ParivarSathi_v1.5.4_PWA_BatteryAnalytics_v3_4_2/host/storage/nvs_runtime_probe/build/gs_nvs_runtime_probe.elf offline /tmp/gs-72h-nvs-cydj8azl/fixture.txt
FIXTURE_SHA256=6b0249c23f215d4d2e18aedefe3969cd79679dc14b249df863cf6a058aec1375
OFFLINE_STOP phase=load object=34 bytes=4096 error=ESP_ERR_NVS_NOT_ENOUGH_SPACE
NVS_RUNTIME phase=offline_stop iteration=34 allocated_pages=31 free_erased_pages=1 live_entries=3889 erased_entries=0 stats_used=3889 stats_free=143 write_bytes=139584 erase_ops=3 min_sector_erases=0 max_sector_erases=2
EMULATOR_IMAGE=/tmp/idf-partition-lv8MJG
EXIT=2
CASE={"scenario": "STRESS", "profile": "ordinary", "worst": false, "history_segments": 151, "cow_segments": 1, "protected_peak_bytes": 749568}
COMMAND=GS_DIAG_PAGES=48 /home/udaybhan/projects/Ghar_sajag_r1_storage/code/ParivarSathi_v1.5.4_PWA_BatteryAnalytics_v3_4_2/host/storage/nvs_runtime_probe/build/gs_nvs_runtime_probe.elf offline /tmp/gs-72h-nvs-cydj8azl/fixture.txt
FIXTURE_SHA256=6b0249c23f215d4d2e18aedefe3969cd79679dc14b249df863cf6a058aec1375
OFFLINE_STOP phase=load object=49 bytes=4096 error=ESP_ERR_NVS_NOT_ENOUGH_SPACE
NVS_RUNTIME phase=offline_stop iteration=49 allocated_pages=47 free_erased_pages=1 live_entries=5853 erased_entries=69 stats_used=5853 stats_free=195 write_bytes=206040 erase_ops=3 min_sector_erases=0 max_sector_erases=1
EMULATOR_IMAGE=/tmp/idf-partition-g1oIaz
EXIT=2
CASE={"scenario": "STRESS", "profile": "ordinary", "worst": false, "history_segments": 151, "cow_segments": 1, "protected_peak_bytes": 749568}
COMMAND=GS_DIAG_PAGES=64 /home/udaybhan/projects/Ghar_sajag_r1_storage/code/ParivarSathi_v1.5.4_PWA_BatteryAnalytics_v3_4_2/host/storage/nvs_runtime_probe/build/gs_nvs_runtime_probe.elf offline /tmp/gs-72h-nvs-cydj8azl/fixture.txt
FIXTURE_SHA256=6b0249c23f215d4d2e18aedefe3969cd79679dc14b249df863cf6a058aec1375
OFFLINE_STOP phase=load object=64 bytes=4096 error=ESP_ERR_NVS_NOT_ENOUGH_SPACE
NVS_RUNTIME phase=offline_stop iteration=64 allocated_pages=63 free_erased_pages=1 live_entries=7818 erased_entries=120 stats_used=7818 stats_free=246 write_bytes=276068 erase_ops=4 min_sector_erases=0 max_sector_erases=1
EMULATOR_IMAGE=/tmp/idf-partition-IRB7Ml
EXIT=2
CASE={"scenario": "STRESS", "profile": "ordinary", "worst": true, "history_segments": 253, "cow_segments": 4, "protected_peak_bytes": 1196032}
COMMAND=GS_DIAG_PAGES=32 /home/udaybhan/projects/Ghar_sajag_r1_storage/code/ParivarSathi_v1.5.4_PWA_BatteryAnalytics_v3_4_2/host/storage/nvs_runtime_probe/build/gs_nvs_runtime_probe.elf offline /tmp/gs-72h-nvs-cydj8azl/fixture.txt
FIXTURE_SHA256=1b91a975bbd5d9b9ce1529b5e45a92b3dbac7eb03854ff19a9fad09cec44f305
OFFLINE_STOP phase=load object=34 bytes=4096 error=ESP_ERR_NVS_NOT_ENOUGH_SPACE
NVS_RUNTIME phase=offline_stop iteration=34 allocated_pages=31 free_erased_pages=1 live_entries=3889 erased_entries=0 stats_used=3889 stats_free=143 write_bytes=139584 erase_ops=3 min_sector_erases=0 max_sector_erases=2
EMULATOR_IMAGE=/tmp/idf-partition-FOez35
EXIT=2
CASE={"scenario": "STRESS", "profile": "ordinary", "worst": true, "history_segments": 253, "cow_segments": 4, "protected_peak_bytes": 1196032}
COMMAND=GS_DIAG_PAGES=48 /home/udaybhan/projects/Ghar_sajag_r1_storage/code/ParivarSathi_v1.5.4_PWA_BatteryAnalytics_v3_4_2/host/storage/nvs_runtime_probe/build/gs_nvs_runtime_probe.elf offline /tmp/gs-72h-nvs-cydj8azl/fixture.txt
FIXTURE_SHA256=1b91a975bbd5d9b9ce1529b5e45a92b3dbac7eb03854ff19a9fad09cec44f305
OFFLINE_STOP phase=load object=49 bytes=4096 error=ESP_ERR_NVS_NOT_ENOUGH_SPACE
NVS_RUNTIME phase=offline_stop iteration=49 allocated_pages=47 free_erased_pages=1 live_entries=5853 erased_entries=69 stats_used=5853 stats_free=195 write_bytes=206040 erase_ops=3 min_sector_erases=0 max_sector_erases=1
EMULATOR_IMAGE=/tmp/idf-partition-c6KS7n
EXIT=2
CASE={"scenario": "STRESS", "profile": "ordinary", "worst": true, "history_segments": 253, "cow_segments": 4, "protected_peak_bytes": 1196032}
COMMAND=GS_DIAG_PAGES=64 /home/udaybhan/projects/Ghar_sajag_r1_storage/code/ParivarSathi_v1.5.4_PWA_BatteryAnalytics_v3_4_2/host/storage/nvs_runtime_probe/build/gs_nvs_runtime_probe.elf offline /tmp/gs-72h-nvs-cydj8azl/fixture.txt
FIXTURE_SHA256=1b91a975bbd5d9b9ce1529b5e45a92b3dbac7eb03854ff19a9fad09cec44f305
OFFLINE_STOP phase=load object=64 bytes=4096 error=ESP_ERR_NVS_NOT_ENOUGH_SPACE
NVS_RUNTIME phase=offline_stop iteration=64 allocated_pages=63 free_erased_pages=1 live_entries=7818 erased_entries=120 stats_used=7818 stats_free=246 write_bytes=276068 erase_ops=4 min_sector_erases=0 max_sector_erases=1
EMULATOR_IMAGE=/tmp/idf-partition-BRNrvC
EXIT=2
RUNNER_RESULT={"runs": 54, "passes": 30, "capacity_stops": 24}
BOUNDARY=SDK NVS EMULATED; dummy bodies/selectors; TARGET HARDWARE UNPROVEN

SOURCE=docs/exec-plans/evidence/R1_STORAGE_72H_NVS_SCHEDULE_20261008.log
SDK_BINARY_SHA256=7c56fe6ba6dc90e726521811f767961d6a2f67bc4052413b043a0d6fa526806f
SDK_SOURCE_COMMIT=76f5dedd9950a3012fee8fb7d5586df21fc67802
CASE={"scenario": "NORMAL", "profile": "ordinary", "worst": true, "history_segments": 10, "cow_segments": 4, "protected_peak_bytes": 163840}
COMMAND=GS_DIAG_PAGES=64 /home/udaybhan/projects/Ghar_sajag_r1_storage/code/ParivarSathi_v1.5.4_PWA_BatteryAnalytics_v3_4_2/host/storage/nvs_runtime_probe/build/gs_nvs_runtime_probe.elf offline /tmp/gs-72h-nvs-vnaz6r5g/fixture.txt schedule
FIXTURE_SHA256=9eb129f1d25e6e17d06e739009c98b7c184820d74926e5155a6327e2fdfb5e30
NVS_RUNTIME phase=offline_loaded iteration=22 allocated_pages=19 free_erased_pages=45 live_entries=2316 erased_entries=0 stats_used=2316 stats_free=5748 write_bytes=75720 erase_ops=0 min_sector_erases=0 max_sector_erases=0
OFFLINE_SCHEDULE scenario_records=1152 days=3 logical_bytes=535060 programmed_bytes=667008 write_amplification=1.246604 entries_written=19462 page_erases=112 max_sector_erases=3 checkpoints=9 reports=36 history=10 peak_pages=0
OFFLINE_BACKFILL chunks=10 programmed_bytes=1840 page_erases=0
EMULATOR_IMAGE=/tmp/idf-partition-nDC6lP
EXIT=0
CASE={"scenario": "HIGH", "profile": "ordinary", "worst": true, "history_segments": 26, "cow_segments": 4, "protected_peak_bytes": 229376}
COMMAND=GS_DIAG_PAGES=64 /home/udaybhan/projects/Ghar_sajag_r1_storage/code/ParivarSathi_v1.5.4_PWA_BatteryAnalytics_v3_4_2/host/storage/nvs_runtime_probe/build/gs_nvs_runtime_probe.elf offline /tmp/gs-72h-nvs-vnaz6r5g/fixture.txt schedule
FIXTURE_SHA256=3a8f7e1e2c4395d496f42039f0721bba4f7f03bc2a1652bf56dc01c413a285aa
NVS_RUNTIME phase=offline_loaded iteration=22 allocated_pages=19 free_erased_pages=45 live_entries=2316 erased_entries=0 stats_used=2316 stats_free=5748 write_bytes=75720 erase_ops=0 min_sector_erases=0 max_sector_erases=0
OFFLINE_SCHEDULE scenario_records=5328 days=3 logical_bytes=2398251 programmed_bytes=3076476 write_amplification=1.282800 entries_written=89504 page_erases=673 max_sector_erases=33 checkpoints=42 reports=167 history=26 peak_pages=0
OFFLINE_BACKFILL chunks=26 programmed_bytes=4828 page_erases=1
EMULATOR_IMAGE=/tmp/idf-partition-CGGGUI
EXIT=0
CASE={"scenario": "STRESS", "profile": "ordinary", "worst": true, "history_segments": 253, "cow_segments": 4, "protected_peak_bytes": 1196032}
COMMAND=GS_DIAG_PAGES=64 /home/udaybhan/projects/Ghar_sajag_r1_storage/code/ParivarSathi_v1.5.4_PWA_BatteryAnalytics_v3_4_2/host/storage/nvs_runtime_probe/build/gs_nvs_runtime_probe.elf offline /tmp/gs-72h-nvs-vnaz6r5g/fixture.txt schedule
FIXTURE_SHA256=1b91a975bbd5d9b9ce1529b5e45a92b3dbac7eb03854ff19a9fad09cec44f305
NVS_RUNTIME phase=offline_loaded iteration=22 allocated_pages=19 free_erased_pages=45 live_entries=2316 erased_entries=0 stats_used=2316 stats_free=5748 write_bytes=75720 erase_ops=0 min_sector_erases=0 max_sector_erases=0
OFFLINE_SCHEDULE_STOP phase=report completed=10112 error=ESP_ERR_NVS_NOT_ENOUGH_SPACE
NVS_RUNTIME phase=offline_schedule_stop iteration=10112 allocated_pages=63 free_erased_pages=1 live_entries=7908 erased_entries=0 stats_used=7908 stats_free=156 write_bytes=7508840 erase_ops=1667 min_sector_erases=0 max_sector_erases=67
EMULATOR_IMAGE=/tmp/idf-partition-SaIRqN
EXIT=4
RUNNER_RESULT={"runs": 3, "passes": 2, "capacity_stops": 1}
BOUNDARY=SDK NVS EMULATED; dummy bodies/selectors; TARGET HARDWARE UNPROVEN

SOURCE=docs/exec-plans/evidence/R1_STORAGE_72H_NVS_FAULT_20261008.log
SDK_BINARY_SHA256=7c56fe6ba6dc90e726521811f767961d6a2f67bc4052413b043a0d6fa526806f
SDK_SOURCE_COMMIT=76f5dedd9950a3012fee8fb7d5586df21fc67802
CASE={"scenario": "NORMAL", "profile": "mixed", "worst": true, "history_segments": 23, "cow_segments": 2, "protected_peak_bytes": 208896}
COMMAND=GS_DIAG_PAGES=64 /home/udaybhan/projects/Ghar_sajag_r1_storage/code/ParivarSathi_v1.5.4_PWA_BatteryAnalytics_v3_4_2/host/storage/nvs_runtime_probe/build/gs_nvs_runtime_probe.elf offline /tmp/gs-72h-nvs-zwf9f8vi/fixture.txt fault 0
FIXTURE_SHA256=45acee6c2ce9ebc42885ef0ddab87c4767ec31db457352769ab36f1b97c7844c
NVS_RUNTIME phase=offline_loaded iteration=83 allocated_pages=49 free_erased_pages=15 live_entries=6127 erased_entries=0 stats_used=6127 stats_free=1937 write_bytes=200640 erase_ops=0 min_sector_erases=0 max_sector_erases=0
OFFLINE_FAULT_IO cut=0 units=8 calls=1 summary_result=ESP_ERR_FLASH_OP_FAIL checkpoint_result=ESP_ERR_FLASH_OP_FAIL final_result=ESP_ERR_FLASH_OP_FAIL frozen=1
OFFLINE_FAULT_RECOVERY cut=0 old_valid=1 new_valid=0
EMULATOR_IMAGE=/tmp/idf-partition-htGw2j
libgcov profiling error:/home/udaybhan/projects/Ghar_sajag_r1_storage/code/ParivarSathi_v1.5.4_PWA_BatteryAnalytics_v3_4_2/host/storage/nvs_runtime_probe/build/esp-idf/main/CMakeFiles/__idf_main.dir/probe.cpp.gcda:overwriting an existing profile data with a different checksum
EXIT=0
CASE={"scenario": "NORMAL", "profile": "mixed", "worst": true, "history_segments": 23, "cow_segments": 2, "protected_peak_bytes": 208896}
COMMAND=GS_DIAG_PAGES=64 /home/udaybhan/projects/Ghar_sajag_r1_storage/code/ParivarSathi_v1.5.4_PWA_BatteryAnalytics_v3_4_2/host/storage/nvs_runtime_probe/build/gs_nvs_runtime_probe.elf offline /tmp/gs-72h-nvs-zwf9f8vi/fixture.txt fault 1
FIXTURE_SHA256=45acee6c2ce9ebc42885ef0ddab87c4767ec31db457352769ab36f1b97c7844c
NVS_RUNTIME phase=offline_loaded iteration=83 allocated_pages=49 free_erased_pages=15 live_entries=6127 erased_entries=0 stats_used=6127 stats_free=1937 write_bytes=200640 erase_ops=0 min_sector_erases=0 max_sector_erases=0
OFFLINE_FAULT_IO cut=1 units=8 calls=1 summary_result=ESP_ERR_FLASH_OP_FAIL checkpoint_result=ESP_ERR_FLASH_OP_FAIL final_result=ESP_ERR_FLASH_OP_FAIL frozen=1
OFFLINE_FAULT_RECOVERY cut=1 old_valid=1 new_valid=0
EMULATOR_IMAGE=/tmp/idf-partition-yrObNM
EXIT=0
CASE={"scenario": "NORMAL", "profile": "mixed", "worst": true, "history_segments": 23, "cow_segments": 2, "protected_peak_bytes": 208896}
COMMAND=GS_DIAG_PAGES=64 /home/udaybhan/projects/Ghar_sajag_r1_storage/code/ParivarSathi_v1.5.4_PWA_BatteryAnalytics_v3_4_2/host/storage/nvs_runtime_probe/build/gs_nvs_runtime_probe.elf offline /tmp/gs-72h-nvs-zwf9f8vi/fixture.txt fault 8
FIXTURE_SHA256=45acee6c2ce9ebc42885ef0ddab87c4767ec31db457352769ab36f1b97c7844c
NVS_RUNTIME phase=offline_loaded iteration=83 allocated_pages=49 free_erased_pages=15 live_entries=6127 erased_entries=0 stats_used=6127 stats_free=1937 write_bytes=200640 erase_ops=0 min_sector_erases=0 max_sector_erases=0
OFFLINE_FAULT_IO cut=8 units=8 calls=1 summary_result=ESP_ERR_FLASH_OP_FAIL checkpoint_result=ESP_ERR_FLASH_OP_FAIL final_result=ESP_ERR_FLASH_OP_FAIL frozen=1
OFFLINE_FAULT_RECOVERY cut=8 old_valid=1 new_valid=0
EMULATOR_IMAGE=/tmp/idf-partition-uOY4y7
EXIT=0
CASE={"scenario": "NORMAL", "profile": "mixed", "worst": true, "history_segments": 23, "cow_segments": 2, "protected_peak_bytes": 208896}
COMMAND=GS_DIAG_PAGES=64 /home/udaybhan/projects/Ghar_sajag_r1_storage/code/ParivarSathi_v1.5.4_PWA_BatteryAnalytics_v3_4_2/host/storage/nvs_runtime_probe/build/gs_nvs_runtime_probe.elf offline /tmp/gs-72h-nvs-zwf9f8vi/fixture.txt fault 16
FIXTURE_SHA256=45acee6c2ce9ebc42885ef0ddab87c4767ec31db457352769ab36f1b97c7844c
NVS_RUNTIME phase=offline_loaded iteration=83 allocated_pages=49 free_erased_pages=15 live_entries=6127 erased_entries=0 stats_used=6127 stats_free=1937 write_bytes=200640 erase_ops=0 min_sector_erases=0 max_sector_erases=0
OFFLINE_FAULT_IO cut=16 units=865 calls=3 summary_result=ESP_ERR_FLASH_OP_FAIL checkpoint_result=ESP_ERR_FLASH_OP_FAIL final_result=ESP_ERR_FLASH_OP_FAIL frozen=1
OFFLINE_FAULT_RECOVERY cut=16 old_valid=1 new_valid=0
EMULATOR_IMAGE=/tmp/idf-partition-eDF71b
EXIT=0
CASE={"scenario": "NORMAL", "profile": "mixed", "worst": true, "history_segments": 23, "cow_segments": 2, "protected_peak_bytes": 208896}
COMMAND=GS_DIAG_PAGES=64 /home/udaybhan/projects/Ghar_sajag_r1_storage/code/ParivarSathi_v1.5.4_PWA_BatteryAnalytics_v3_4_2/host/storage/nvs_runtime_probe/build/gs_nvs_runtime_probe.elf offline /tmp/gs-72h-nvs-zwf9f8vi/fixture.txt fault 31
FIXTURE_SHA256=45acee6c2ce9ebc42885ef0ddab87c4767ec31db457352769ab36f1b97c7844c
NVS_RUNTIME phase=offline_loaded iteration=83 allocated_pages=49 free_erased_pages=15 live_entries=6127 erased_entries=0 stats_used=6127 stats_free=1937 write_bytes=200640 erase_ops=0 min_sector_erases=0 max_sector_erases=0
OFFLINE_FAULT_IO cut=31 units=865 calls=3 summary_result=ESP_ERR_FLASH_OP_FAIL checkpoint_result=ESP_ERR_FLASH_OP_FAIL final_result=ESP_ERR_FLASH_OP_FAIL frozen=1
OFFLINE_FAULT_RECOVERY cut=31 old_valid=1 new_valid=0
EMULATOR_IMAGE=/tmp/idf-partition-DH4dyE
EXIT=0
CASE={"scenario": "NORMAL", "profile": "mixed", "worst": true, "history_segments": 23, "cow_segments": 2, "protected_peak_bytes": 208896}
COMMAND=GS_DIAG_PAGES=64 /home/udaybhan/projects/Ghar_sajag_r1_storage/code/ParivarSathi_v1.5.4_PWA_BatteryAnalytics_v3_4_2/host/storage/nvs_runtime_probe/build/gs_nvs_runtime_probe.elf offline /tmp/gs-72h-nvs-zwf9f8vi/fixture.txt fault 32
FIXTURE_SHA256=45acee6c2ce9ebc42885ef0ddab87c4767ec31db457352769ab36f1b97c7844c
NVS_RUNTIME phase=offline_loaded iteration=83 allocated_pages=49 free_erased_pages=15 live_entries=6127 erased_entries=0 stats_used=6127 stats_free=1937 write_bytes=200640 erase_ops=0 min_sector_erases=0 max_sector_erases=0
OFFLINE_FAULT_IO cut=32 units=865 calls=3 summary_result=ESP_ERR_FLASH_OP_FAIL checkpoint_result=ESP_ERR_FLASH_OP_FAIL final_result=ESP_ERR_FLASH_OP_FAIL frozen=1
OFFLINE_FAULT_RECOVERY cut=32 old_valid=1 new_valid=0
EMULATOR_IMAGE=/tmp/idf-partition-lREsiz
EXIT=0
CASE={"scenario": "NORMAL", "profile": "mixed", "worst": true, "history_segments": 23, "cow_segments": 2, "protected_peak_bytes": 208896}
COMMAND=GS_DIAG_PAGES=64 /home/udaybhan/projects/Ghar_sajag_r1_storage/code/ParivarSathi_v1.5.4_PWA_BatteryAnalytics_v3_4_2/host/storage/nvs_runtime_probe/build/gs_nvs_runtime_probe.elf offline /tmp/gs-72h-nvs-zwf9f8vi/fixture.txt fault 63
FIXTURE_SHA256=45acee6c2ce9ebc42885ef0ddab87c4767ec31db457352769ab36f1b97c7844c
NVS_RUNTIME phase=offline_loaded iteration=83 allocated_pages=49 free_erased_pages=15 live_entries=6127 erased_entries=0 stats_used=6127 stats_free=1937 write_bytes=200640 erase_ops=0 min_sector_erases=0 max_sector_erases=0
OFFLINE_FAULT_IO cut=63 units=865 calls=3 summary_result=ESP_ERR_FLASH_OP_FAIL checkpoint_result=ESP_ERR_FLASH_OP_FAIL final_result=ESP_ERR_FLASH_OP_FAIL frozen=1
OFFLINE_FAULT_RECOVERY cut=63 old_valid=1 new_valid=0
EMULATOR_IMAGE=/tmp/idf-partition-tU9M6Z
EXIT=0
CASE={"scenario": "NORMAL", "profile": "mixed", "worst": true, "history_segments": 23, "cow_segments": 2, "protected_peak_bytes": 208896}
COMMAND=GS_DIAG_PAGES=64 /home/udaybhan/projects/Ghar_sajag_r1_storage/code/ParivarSathi_v1.5.4_PWA_BatteryAnalytics_v3_4_2/host/storage/nvs_runtime_probe/build/gs_nvs_runtime_probe.elf offline /tmp/gs-72h-nvs-zwf9f8vi/fixture.txt fault 64
FIXTURE_SHA256=45acee6c2ce9ebc42885ef0ddab87c4767ec31db457352769ab36f1b97c7844c
NVS_RUNTIME phase=offline_loaded iteration=83 allocated_pages=49 free_erased_pages=15 live_entries=6127 erased_entries=0 stats_used=6127 stats_free=1937 write_bytes=200640 erase_ops=0 min_sector_erases=0 max_sector_erases=0
OFFLINE_FAULT_IO cut=64 units=865 calls=3 summary_result=ESP_ERR_FLASH_OP_FAIL checkpoint_result=ESP_ERR_FLASH_OP_FAIL final_result=ESP_ERR_FLASH_OP_FAIL frozen=1
OFFLINE_FAULT_RECOVERY cut=64 old_valid=1 new_valid=0
EMULATOR_IMAGE=/tmp/idf-partition-FEIGHs
EXIT=0
CASE={"scenario": "NORMAL", "profile": "mixed", "worst": true, "history_segments": 23, "cow_segments": 2, "protected_peak_bytes": 208896}
COMMAND=GS_DIAG_PAGES=64 /home/udaybhan/projects/Ghar_sajag_r1_storage/code/ParivarSathi_v1.5.4_PWA_BatteryAnalytics_v3_4_2/host/storage/nvs_runtime_probe/build/gs_nvs_runtime_probe.elf offline /tmp/gs-72h-nvs-zwf9f8vi/fixture.txt fault 127
FIXTURE_SHA256=45acee6c2ce9ebc42885ef0ddab87c4767ec31db457352769ab36f1b97c7844c
NVS_RUNTIME phase=offline_loaded iteration=83 allocated_pages=49 free_erased_pages=15 live_entries=6127 erased_entries=0 stats_used=6127 stats_free=1937 write_bytes=200640 erase_ops=0 min_sector_erases=0 max_sector_erases=0
OFFLINE_FAULT_IO cut=127 units=865 calls=3 summary_result=ESP_ERR_FLASH_OP_FAIL checkpoint_result=ESP_ERR_FLASH_OP_FAIL final_result=ESP_ERR_FLASH_OP_FAIL frozen=1
OFFLINE_FAULT_RECOVERY cut=127 old_valid=1 new_valid=0
EMULATOR_IMAGE=/tmp/idf-partition-2oAvNI
EXIT=0
CASE={"scenario": "NORMAL", "profile": "mixed", "worst": true, "history_segments": 23, "cow_segments": 2, "protected_peak_bytes": 208896}
COMMAND=GS_DIAG_PAGES=64 /home/udaybhan/projects/Ghar_sajag_r1_storage/code/ParivarSathi_v1.5.4_PWA_BatteryAnalytics_v3_4_2/host/storage/nvs_runtime_probe/build/gs_nvs_runtime_probe.elf offline /tmp/gs-72h-nvs-zwf9f8vi/fixture.txt fault 512
FIXTURE_SHA256=45acee6c2ce9ebc42885ef0ddab87c4767ec31db457352769ab36f1b97c7844c
NVS_RUNTIME phase=offline_loaded iteration=83 allocated_pages=49 free_erased_pages=15 live_entries=6127 erased_entries=0 stats_used=6127 stats_free=1937 write_bytes=200640 erase_ops=0 min_sector_erases=0 max_sector_erases=0
OFFLINE_FAULT_IO cut=512 units=865 calls=3 summary_result=ESP_ERR_FLASH_OP_FAIL checkpoint_result=ESP_ERR_FLASH_OP_FAIL final_result=ESP_ERR_FLASH_OP_FAIL frozen=1
OFFLINE_FAULT_RECOVERY cut=512 old_valid=1 new_valid=0
EMULATOR_IMAGE=/tmp/idf-partition-x3yZD8
EXIT=0
CASE={"scenario": "NORMAL", "profile": "mixed", "worst": true, "history_segments": 23, "cow_segments": 2, "protected_peak_bytes": 208896}
COMMAND=GS_DIAG_PAGES=64 /home/udaybhan/projects/Ghar_sajag_r1_storage/code/ParivarSathi_v1.5.4_PWA_BatteryAnalytics_v3_4_2/host/storage/nvs_runtime_probe/build/gs_nvs_runtime_probe.elf offline /tmp/gs-72h-nvs-zwf9f8vi/fixture.txt fault 1023
FIXTURE_SHA256=45acee6c2ce9ebc42885ef0ddab87c4767ec31db457352769ab36f1b97c7844c
NVS_RUNTIME phase=offline_loaded iteration=83 allocated_pages=49 free_erased_pages=15 live_entries=6127 erased_entries=0 stats_used=6127 stats_free=1937 write_bytes=200640 erase_ops=0 min_sector_erases=0 max_sector_erases=0
OFFLINE_FAULT_IO cut=1023 units=1058 calls=15 summary_result=ESP_ERR_FLASH_OP_FAIL checkpoint_result=ESP_ERR_FLASH_OP_FAIL final_result=ESP_ERR_FLASH_OP_FAIL frozen=1
OFFLINE_FAULT_RECOVERY cut=1023 old_valid=1 new_valid=0
EMULATOR_IMAGE=/tmp/idf-partition-Xv03qz
EXIT=0
CASE={"scenario": "NORMAL", "profile": "mixed", "worst": true, "history_segments": 23, "cow_segments": 2, "protected_peak_bytes": 208896}
COMMAND=GS_DIAG_PAGES=64 /home/udaybhan/projects/Ghar_sajag_r1_storage/code/ParivarSathi_v1.5.4_PWA_BatteryAnalytics_v3_4_2/host/storage/nvs_runtime_probe/build/gs_nvs_runtime_probe.elf offline /tmp/gs-72h-nvs-zwf9f8vi/fixture.txt fault 1024
FIXTURE_SHA256=45acee6c2ce9ebc42885ef0ddab87c4767ec31db457352769ab36f1b97c7844c
NVS_RUNTIME phase=offline_loaded iteration=83 allocated_pages=49 free_erased_pages=15 live_entries=6127 erased_entries=0 stats_used=6127 stats_free=1937 write_bytes=200640 erase_ops=0 min_sector_erases=0 max_sector_erases=0
OFFLINE_FAULT_IO cut=1024 units=1058 calls=15 summary_result=ESP_ERR_FLASH_OP_FAIL checkpoint_result=ESP_ERR_FLASH_OP_FAIL final_result=ESP_ERR_FLASH_OP_FAIL frozen=1
OFFLINE_FAULT_RECOVERY cut=1024 old_valid=1 new_valid=0
EMULATOR_IMAGE=/tmp/idf-partition-xOH6P5
EXIT=0
CASE={"scenario": "NORMAL", "profile": "mixed", "worst": true, "history_segments": 23, "cow_segments": 2, "protected_peak_bytes": 208896}
COMMAND=GS_DIAG_PAGES=64 /home/udaybhan/projects/Ghar_sajag_r1_storage/code/ParivarSathi_v1.5.4_PWA_BatteryAnalytics_v3_4_2/host/storage/nvs_runtime_probe/build/gs_nvs_runtime_probe.elf offline /tmp/gs-72h-nvs-zwf9f8vi/fixture.txt fault 1071
FIXTURE_SHA256=45acee6c2ce9ebc42885ef0ddab87c4767ec31db457352769ab36f1b97c7844c
NVS_RUNTIME phase=offline_loaded iteration=83 allocated_pages=49 free_erased_pages=15 live_entries=6127 erased_entries=0 stats_used=6127 stats_free=1937 write_bytes=200640 erase_ops=0 min_sector_erases=0 max_sector_erases=0
OFFLINE_FAULT_IO cut=1071 units=1077 calls=20 summary_result=ESP_OK checkpoint_result=ESP_ERR_FLASH_OP_FAIL final_result=ESP_ERR_FLASH_OP_FAIL frozen=1
OFFLINE_FAULT_RECOVERY cut=1071 old_valid=1 new_valid=0
EMULATOR_IMAGE=/tmp/idf-partition-KoGkCd
EXIT=0
CASE={"scenario": "NORMAL", "profile": "mixed", "worst": true, "history_segments": 23, "cow_segments": 2, "protected_peak_bytes": 208896}
COMMAND=GS_DIAG_PAGES=64 /home/udaybhan/projects/Ghar_sajag_r1_storage/code/ParivarSathi_v1.5.4_PWA_BatteryAnalytics_v3_4_2/host/storage/nvs_runtime_probe/build/gs_nvs_runtime_probe.elf offline /tmp/gs-72h-nvs-zwf9f8vi/fixture.txt fault 1072
FIXTURE_SHA256=45acee6c2ce9ebc42885ef0ddab87c4767ec31db457352769ab36f1b97c7844c
NVS_RUNTIME phase=offline_loaded iteration=83 allocated_pages=49 free_erased_pages=15 live_entries=6127 erased_entries=0 stats_used=6127 stats_free=1937 write_bytes=200640 erase_ops=0 min_sector_erases=0 max_sector_erases=0
OFFLINE_FAULT_IO cut=1072 units=1077 calls=20 summary_result=ESP_OK checkpoint_result=ESP_ERR_FLASH_OP_FAIL final_result=ESP_ERR_FLASH_OP_FAIL frozen=1
OFFLINE_FAULT_RECOVERY cut=1072 old_valid=1 new_valid=0
EMULATOR_IMAGE=/tmp/idf-partition-TFC8ok
EXIT=0
CASE={"scenario": "NORMAL", "profile": "mixed", "worst": true, "history_segments": 23, "cow_segments": 2, "protected_peak_bytes": 208896}
COMMAND=GS_DIAG_PAGES=64 /home/udaybhan/projects/Ghar_sajag_r1_storage/code/ParivarSathi_v1.5.4_PWA_BatteryAnalytics_v3_4_2/host/storage/nvs_runtime_probe/build/gs_nvs_runtime_probe.elf offline /tmp/gs-72h-nvs-zwf9f8vi/fixture.txt fault 1073
FIXTURE_SHA256=45acee6c2ce9ebc42885ef0ddab87c4767ec31db457352769ab36f1b97c7844c
NVS_RUNTIME phase=offline_loaded iteration=83 allocated_pages=49 free_erased_pages=15 live_entries=6127 erased_entries=0 stats_used=6127 stats_free=1937 write_bytes=200640 erase_ops=0 min_sector_erases=0 max_sector_erases=0
OFFLINE_FAULT_IO cut=1073 units=1077 calls=20 summary_result=ESP_OK checkpoint_result=ESP_ERR_FLASH_OP_FAIL final_result=ESP_ERR_FLASH_OP_FAIL frozen=1
OFFLINE_FAULT_RECOVERY cut=1073 old_valid=1 new_valid=0
EMULATOR_IMAGE=/tmp/idf-partition-Job9P2
EXIT=0
CASE={"scenario": "NORMAL", "profile": "mixed", "worst": true, "history_segments": 23, "cow_segments": 2, "protected_peak_bytes": 208896}
COMMAND=GS_DIAG_PAGES=64 /home/udaybhan/projects/Ghar_sajag_r1_storage/code/ParivarSathi_v1.5.4_PWA_BatteryAnalytics_v3_4_2/host/storage/nvs_runtime_probe/build/gs_nvs_runtime_probe.elf offline /tmp/gs-72h-nvs-zwf9f8vi/fixture.txt fault 1080
FIXTURE_SHA256=45acee6c2ce9ebc42885ef0ddab87c4767ec31db457352769ab36f1b97c7844c
NVS_RUNTIME phase=offline_loaded iteration=83 allocated_pages=49 free_erased_pages=15 live_entries=6127 erased_entries=0 stats_used=6127 stats_free=1937 write_bytes=200640 erase_ops=0 min_sector_erases=0 max_sector_erases=0
OFFLINE_FAULT_IO cut=1080 units=1894 calls=22 summary_result=ESP_OK checkpoint_result=ESP_ERR_FLASH_OP_FAIL final_result=ESP_ERR_FLASH_OP_FAIL frozen=1
OFFLINE_FAULT_RECOVERY cut=1080 old_valid=1 new_valid=0
EMULATOR_IMAGE=/tmp/idf-partition-eIkpgf
EXIT=0
CASE={"scenario": "NORMAL", "profile": "mixed", "worst": true, "history_segments": 23, "cow_segments": 2, "protected_peak_bytes": 208896}
COMMAND=GS_DIAG_PAGES=64 /home/udaybhan/projects/Ghar_sajag_r1_storage/code/ParivarSathi_v1.5.4_PWA_BatteryAnalytics_v3_4_2/host/storage/nvs_runtime_probe/build/gs_nvs_runtime_probe.elf offline /tmp/gs-72h-nvs-zwf9f8vi/fixture.txt fault 1081
FIXTURE_SHA256=45acee6c2ce9ebc42885ef0ddab87c4767ec31db457352769ab36f1b97c7844c
NVS_RUNTIME phase=offline_loaded iteration=83 allocated_pages=49 free_erased_pages=15 live_entries=6127 erased_entries=0 stats_used=6127 stats_free=1937 write_bytes=200640 erase_ops=0 min_sector_erases=0 max_sector_erases=0
OFFLINE_FAULT_IO cut=1081 units=1894 calls=22 summary_result=ESP_OK checkpoint_result=ESP_ERR_FLASH_OP_FAIL final_result=ESP_ERR_FLASH_OP_FAIL frozen=1
OFFLINE_FAULT_RECOVERY cut=1081 old_valid=1 new_valid=0
EMULATOR_IMAGE=/tmp/idf-partition-oMOswl
EXIT=0
CASE={"scenario": "NORMAL", "profile": "mixed", "worst": true, "history_segments": 23, "cow_segments": 2, "protected_peak_bytes": 208896}
COMMAND=GS_DIAG_PAGES=64 /home/udaybhan/projects/Ghar_sajag_r1_storage/code/ParivarSathi_v1.5.4_PWA_BatteryAnalytics_v3_4_2/host/storage/nvs_runtime_probe/build/gs_nvs_runtime_probe.elf offline /tmp/gs-72h-nvs-zwf9f8vi/fixture.txt fault 1536
FIXTURE_SHA256=45acee6c2ce9ebc42885ef0ddab87c4767ec31db457352769ab36f1b97c7844c
NVS_RUNTIME phase=offline_loaded iteration=83 allocated_pages=49 free_erased_pages=15 live_entries=6127 erased_entries=0 stats_used=6127 stats_free=1937 write_bytes=200640 erase_ops=0 min_sector_erases=0 max_sector_erases=0
OFFLINE_FAULT_IO cut=1536 units=1894 calls=22 summary_result=ESP_OK checkpoint_result=ESP_ERR_FLASH_OP_FAIL final_result=ESP_ERR_FLASH_OP_FAIL frozen=1
OFFLINE_FAULT_RECOVERY cut=1536 old_valid=1 new_valid=0
EMULATOR_IMAGE=/tmp/idf-partition-IvQwTL
EXIT=0
CASE={"scenario": "NORMAL", "profile": "mixed", "worst": true, "history_segments": 23, "cow_segments": 2, "protected_peak_bytes": 208896}
COMMAND=GS_DIAG_PAGES=64 /home/udaybhan/projects/Ghar_sajag_r1_storage/code/ParivarSathi_v1.5.4_PWA_BatteryAnalytics_v3_4_2/host/storage/nvs_runtime_probe/build/gs_nvs_runtime_probe.elf offline /tmp/gs-72h-nvs-zwf9f8vi/fixture.txt fault 2047
FIXTURE_SHA256=45acee6c2ce9ebc42885ef0ddab87c4767ec31db457352769ab36f1b97c7844c
NVS_RUNTIME phase=offline_loaded iteration=83 allocated_pages=49 free_erased_pages=15 live_entries=6127 erased_entries=0 stats_used=6127 stats_free=1937 write_bytes=200640 erase_ops=0 min_sector_erases=0 max_sector_erases=0
OFFLINE_FAULT_IO cut=2047 units=2639 calls=34 summary_result=ESP_OK checkpoint_result=ESP_ERR_FLASH_OP_FAIL final_result=ESP_ERR_FLASH_OP_FAIL frozen=1
OFFLINE_FAULT_RECOVERY cut=2047 old_valid=1 new_valid=0
EMULATOR_IMAGE=/tmp/idf-partition-kfl9YO
EXIT=0
CASE={"scenario": "NORMAL", "profile": "mixed", "worst": true, "history_segments": 23, "cow_segments": 2, "protected_peak_bytes": 208896}
COMMAND=GS_DIAG_PAGES=64 /home/udaybhan/projects/Ghar_sajag_r1_storage/code/ParivarSathi_v1.5.4_PWA_BatteryAnalytics_v3_4_2/host/storage/nvs_runtime_probe/build/gs_nvs_runtime_probe.elf offline /tmp/gs-72h-nvs-zwf9f8vi/fixture.txt fault 2048
FIXTURE_SHA256=45acee6c2ce9ebc42885ef0ddab87c4767ec31db457352769ab36f1b97c7844c
NVS_RUNTIME phase=offline_loaded iteration=83 allocated_pages=49 free_erased_pages=15 live_entries=6127 erased_entries=0 stats_used=6127 stats_free=1937 write_bytes=200640 erase_ops=0 min_sector_erases=0 max_sector_erases=0
OFFLINE_FAULT_IO cut=2048 units=2639 calls=34 summary_result=ESP_OK checkpoint_result=ESP_ERR_FLASH_OP_FAIL final_result=ESP_ERR_FLASH_OP_FAIL frozen=1
OFFLINE_FAULT_RECOVERY cut=2048 old_valid=1 new_valid=0
EMULATOR_IMAGE=/tmp/idf-partition-3PhSuG
EXIT=0
CASE={"scenario": "NORMAL", "profile": "mixed", "worst": true, "history_segments": 23, "cow_segments": 2, "protected_peak_bytes": 208896}
COMMAND=GS_DIAG_PAGES=64 /home/udaybhan/projects/Ghar_sajag_r1_storage/code/ParivarSathi_v1.5.4_PWA_BatteryAnalytics_v3_4_2/host/storage/nvs_runtime_probe/build/gs_nvs_runtime_probe.elf offline /tmp/gs-72h-nvs-zwf9f8vi/fixture.txt fault 2560
FIXTURE_SHA256=45acee6c2ce9ebc42885ef0ddab87c4767ec31db457352769ab36f1b97c7844c
NVS_RUNTIME phase=offline_loaded iteration=83 allocated_pages=49 free_erased_pages=15 live_entries=6127 erased_entries=0 stats_used=6127 stats_free=1937 write_bytes=200640 erase_ops=0 min_sector_erases=0 max_sector_erases=0
OFFLINE_FAULT_IO cut=2560 units=2639 calls=34 summary_result=ESP_OK checkpoint_result=ESP_ERR_FLASH_OP_FAIL final_result=ESP_ERR_FLASH_OP_FAIL frozen=1
OFFLINE_FAULT_RECOVERY cut=2560 old_valid=1 new_valid=0
EMULATOR_IMAGE=/tmp/idf-partition-GYXhiR
EXIT=0
CASE={"scenario": "NORMAL", "profile": "mixed", "worst": true, "history_segments": 23, "cow_segments": 2, "protected_peak_bytes": 208896}
COMMAND=GS_DIAG_PAGES=64 /home/udaybhan/projects/Ghar_sajag_r1_storage/code/ParivarSathi_v1.5.4_PWA_BatteryAnalytics_v3_4_2/host/storage/nvs_runtime_probe/build/gs_nvs_runtime_probe.elf offline /tmp/gs-72h-nvs-zwf9f8vi/fixture.txt fault 2600
FIXTURE_SHA256=45acee6c2ce9ebc42885ef0ddab87c4767ec31db457352769ab36f1b97c7844c
NVS_RUNTIME phase=offline_loaded iteration=83 allocated_pages=49 free_erased_pages=15 live_entries=6127 erased_entries=0 stats_used=6127 stats_free=1937 write_bytes=200640 erase_ops=0 min_sector_erases=0 max_sector_erases=0
OFFLINE_FAULT_IO cut=2600 units=2639 calls=34 summary_result=ESP_OK checkpoint_result=ESP_ERR_FLASH_OP_FAIL final_result=ESP_ERR_FLASH_OP_FAIL frozen=1
OFFLINE_FAULT_RECOVERY cut=2600 old_valid=1 new_valid=0
EMULATOR_IMAGE=/tmp/idf-partition-dyKKN1
EXIT=0
CASE={"scenario": "NORMAL", "profile": "mixed", "worst": true, "history_segments": 23, "cow_segments": 2, "protected_peak_bytes": 208896}
COMMAND=GS_DIAG_PAGES=64 /home/udaybhan/projects/Ghar_sajag_r1_storage/code/ParivarSathi_v1.5.4_PWA_BatteryAnalytics_v3_4_2/host/storage/nvs_runtime_probe/build/gs_nvs_runtime_probe.elf offline /tmp/gs-72h-nvs-zwf9f8vi/fixture.txt fault 2687
FIXTURE_SHA256=45acee6c2ce9ebc42885ef0ddab87c4767ec31db457352769ab36f1b97c7844c
NVS_RUNTIME phase=offline_loaded iteration=83 allocated_pages=49 free_erased_pages=15 live_entries=6127 erased_entries=0 stats_used=6127 stats_free=1937 write_bytes=200640 erase_ops=0 min_sector_erases=0 max_sector_erases=0
OFFLINE_FAULT_IO cut=2687 units=2791 calls=45 summary_result=ESP_OK checkpoint_result=ESP_OK final_result=ESP_ERR_FLASH_OP_FAIL frozen=1
OFFLINE_FAULT_RECOVERY cut=2687 old_valid=1 new_valid=0
EMULATOR_IMAGE=/tmp/idf-partition-ObEZty
EXIT=0
CASE={"scenario": "NORMAL", "profile": "mixed", "worst": true, "history_segments": 23, "cow_segments": 2, "protected_peak_bytes": 208896}
COMMAND=GS_DIAG_PAGES=64 /home/udaybhan/projects/Ghar_sajag_r1_storage/code/ParivarSathi_v1.5.4_PWA_BatteryAnalytics_v3_4_2/host/storage/nvs_runtime_probe/build/gs_nvs_runtime_probe.elf offline /tmp/gs-72h-nvs-zwf9f8vi/fixture.txt fault 2688
FIXTURE_SHA256=45acee6c2ce9ebc42885ef0ddab87c4767ec31db457352769ab36f1b97c7844c
NVS_RUNTIME phase=offline_loaded iteration=83 allocated_pages=49 free_erased_pages=15 live_entries=6127 erased_entries=0 stats_used=6127 stats_free=1937 write_bytes=200640 erase_ops=0 min_sector_erases=0 max_sector_erases=0
OFFLINE_FAULT_IO cut=2688 units=2791 calls=45 summary_result=ESP_OK checkpoint_result=ESP_OK final_result=ESP_ERR_FLASH_OP_FAIL frozen=1
OFFLINE_FAULT_RECOVERY cut=2688 old_valid=1 new_valid=0
EMULATOR_IMAGE=/tmp/idf-partition-1xDor8
EXIT=0
CASE={"scenario": "NORMAL", "profile": "mixed", "worst": true, "history_segments": 23, "cow_segments": 2, "protected_peak_bytes": 208896}
COMMAND=GS_DIAG_PAGES=64 /home/udaybhan/projects/Ghar_sajag_r1_storage/code/ParivarSathi_v1.5.4_PWA_BatteryAnalytics_v3_4_2/host/storage/nvs_runtime_probe/build/gs_nvs_runtime_probe.elf offline /tmp/gs-72h-nvs-zwf9f8vi/fixture.txt fault 2750
FIXTURE_SHA256=45acee6c2ce9ebc42885ef0ddab87c4767ec31db457352769ab36f1b97c7844c
NVS_RUNTIME phase=offline_loaded iteration=83 allocated_pages=49 free_erased_pages=15 live_entries=6127 erased_entries=0 stats_used=6127 stats_free=1937 write_bytes=200640 erase_ops=0 min_sector_erases=0 max_sector_erases=0
OFFLINE_FAULT_IO cut=2750 units=2791 calls=45 summary_result=ESP_OK checkpoint_result=ESP_OK final_result=ESP_ERR_FLASH_OP_FAIL frozen=1
OFFLINE_FAULT_RECOVERY cut=2750 old_valid=1 new_valid=0
EMULATOR_IMAGE=/tmp/idf-partition-8F5n4p
EXIT=0
CASE={"scenario": "NORMAL", "profile": "mixed", "worst": true, "history_segments": 23, "cow_segments": 2, "protected_peak_bytes": 208896}
COMMAND=GS_DIAG_PAGES=64 /home/udaybhan/projects/Ghar_sajag_r1_storage/code/ParivarSathi_v1.5.4_PWA_BatteryAnalytics_v3_4_2/host/storage/nvs_runtime_probe/build/gs_nvs_runtime_probe.elf offline /tmp/gs-72h-nvs-zwf9f8vi/fixture.txt fault 3000
FIXTURE_SHA256=45acee6c2ce9ebc42885ef0ddab87c4767ec31db457352769ab36f1b97c7844c
NVS_RUNTIME phase=offline_loaded iteration=83 allocated_pages=49 free_erased_pages=15 live_entries=6127 erased_entries=0 stats_used=6127 stats_free=1937 write_bytes=200640 erase_ops=0 min_sector_erases=0 max_sector_erases=0
OFFLINE_FAULT_IO cut=3000 units=2807 calls=54 summary_result=ESP_OK checkpoint_result=ESP_OK final_result=ESP_OK frozen=0
OFFLINE_FAULT_RECOVERY cut=3000 old_valid=0 new_valid=1
EMULATOR_IMAGE=/tmp/idf-partition-ZOhE9N
EXIT=0
CASE={"scenario": "NORMAL", "profile": "mixed", "worst": true, "history_segments": 23, "cow_segments": 2, "protected_peak_bytes": 208896}
COMMAND=GS_DIAG_PAGES=64 /home/udaybhan/projects/Ghar_sajag_r1_storage/code/ParivarSathi_v1.5.4_PWA_BatteryAnalytics_v3_4_2/host/storage/nvs_runtime_probe/build/gs_nvs_runtime_probe.elf offline /tmp/gs-72h-nvs-zwf9f8vi/fixture.txt fault 4000
FIXTURE_SHA256=45acee6c2ce9ebc42885ef0ddab87c4767ec31db457352769ab36f1b97c7844c
NVS_RUNTIME phase=offline_loaded iteration=83 allocated_pages=49 free_erased_pages=15 live_entries=6127 erased_entries=0 stats_used=6127 stats_free=1937 write_bytes=200640 erase_ops=0 min_sector_erases=0 max_sector_erases=0
OFFLINE_FAULT_IO cut=4000 units=2807 calls=54 summary_result=ESP_OK checkpoint_result=ESP_OK final_result=ESP_OK frozen=0
OFFLINE_FAULT_RECOVERY cut=4000 old_valid=0 new_valid=1
EMULATOR_IMAGE=/tmp/idf-partition-LqmxGE
EXIT=0
CASE={"scenario": "HIGH", "profile": "ordinary", "worst": true, "history_segments": 26, "cow_segments": 4, "protected_peak_bytes": 229376}
COMMAND=GS_DIAG_PAGES=64 /home/udaybhan/projects/Ghar_sajag_r1_storage/code/ParivarSathi_v1.5.4_PWA_BatteryAnalytics_v3_4_2/host/storage/nvs_runtime_probe/build/gs_nvs_runtime_probe.elf offline /tmp/gs-72h-nvs-zwf9f8vi/fixture.txt fault 0
FIXTURE_SHA256=3a8f7e1e2c4395d496f42039f0721bba4f7f03bc2a1652bf56dc01c413a285aa
NVS_RUNTIME phase=offline_loaded iteration=88 allocated_pages=55 free_erased_pages=9 live_entries=6782 erased_entries=0 stats_used=6782 stats_free=1282 write_bytes=222060 erase_ops=0 min_sector_erases=0 max_sector_erases=0
OFFLINE_FAULT_IO cut=0 units=8 calls=1 summary_result=ESP_ERR_FLASH_OP_FAIL checkpoint_result=ESP_ERR_FLASH_OP_FAIL final_result=ESP_ERR_FLASH_OP_FAIL frozen=1
OFFLINE_FAULT_RECOVERY cut=0 old_valid=1 new_valid=0
EMULATOR_IMAGE=/tmp/idf-partition-vP23di
EXIT=0
CASE={"scenario": "HIGH", "profile": "ordinary", "worst": true, "history_segments": 26, "cow_segments": 4, "protected_peak_bytes": 229376}
COMMAND=GS_DIAG_PAGES=64 /home/udaybhan/projects/Ghar_sajag_r1_storage/code/ParivarSathi_v1.5.4_PWA_BatteryAnalytics_v3_4_2/host/storage/nvs_runtime_probe/build/gs_nvs_runtime_probe.elf offline /tmp/gs-72h-nvs-zwf9f8vi/fixture.txt fault 1
FIXTURE_SHA256=3a8f7e1e2c4395d496f42039f0721bba4f7f03bc2a1652bf56dc01c413a285aa
NVS_RUNTIME phase=offline_loaded iteration=88 allocated_pages=55 free_erased_pages=9 live_entries=6782 erased_entries=0 stats_used=6782 stats_free=1282 write_bytes=222060 erase_ops=0 min_sector_erases=0 max_sector_erases=0
OFFLINE_FAULT_IO cut=1 units=8 calls=1 summary_result=ESP_ERR_FLASH_OP_FAIL checkpoint_result=ESP_ERR_FLASH_OP_FAIL final_result=ESP_ERR_FLASH_OP_FAIL frozen=1
OFFLINE_FAULT_RECOVERY cut=1 old_valid=1 new_valid=0
EMULATOR_IMAGE=/tmp/idf-partition-H5TXpe
EXIT=0
CASE={"scenario": "HIGH", "profile": "ordinary", "worst": true, "history_segments": 26, "cow_segments": 4, "protected_peak_bytes": 229376}
COMMAND=GS_DIAG_PAGES=64 /home/udaybhan/projects/Ghar_sajag_r1_storage/code/ParivarSathi_v1.5.4_PWA_BatteryAnalytics_v3_4_2/host/storage/nvs_runtime_probe/build/gs_nvs_runtime_probe.elf offline /tmp/gs-72h-nvs-zwf9f8vi/fixture.txt fault 8
FIXTURE_SHA256=3a8f7e1e2c4395d496f42039f0721bba4f7f03bc2a1652bf56dc01c413a285aa
NVS_RUNTIME phase=offline_loaded iteration=88 allocated_pages=55 free_erased_pages=9 live_entries=6782 erased_entries=0 stats_used=6782 stats_free=1282 write_bytes=222060 erase_ops=0 min_sector_erases=0 max_sector_erases=0
OFFLINE_FAULT_IO cut=8 units=8 calls=1 summary_result=ESP_ERR_FLASH_OP_FAIL checkpoint_result=ESP_ERR_FLASH_OP_FAIL final_result=ESP_ERR_FLASH_OP_FAIL frozen=1
OFFLINE_FAULT_RECOVERY cut=8 old_valid=1 new_valid=0
EMULATOR_IMAGE=/tmp/idf-partition-MdbN9M
EXIT=0
CASE={"scenario": "HIGH", "profile": "ordinary", "worst": true, "history_segments": 26, "cow_segments": 4, "protected_peak_bytes": 229376}
COMMAND=GS_DIAG_PAGES=64 /home/udaybhan/projects/Ghar_sajag_r1_storage/code/ParivarSathi_v1.5.4_PWA_BatteryAnalytics_v3_4_2/host/storage/nvs_runtime_probe/build/gs_nvs_runtime_probe.elf offline /tmp/gs-72h-nvs-zwf9f8vi/fixture.txt fault 16
FIXTURE_SHA256=3a8f7e1e2c4395d496f42039f0721bba4f7f03bc2a1652bf56dc01c413a285aa
NVS_RUNTIME phase=offline_loaded iteration=88 allocated_pages=55 free_erased_pages=9 live_entries=6782 erased_entries=0 stats_used=6782 stats_free=1282 write_bytes=222060 erase_ops=0 min_sector_erases=0 max_sector_erases=0
OFFLINE_FAULT_IO cut=16 units=721 calls=3 summary_result=ESP_ERR_FLASH_OP_FAIL checkpoint_result=ESP_ERR_FLASH_OP_FAIL final_result=ESP_ERR_FLASH_OP_FAIL frozen=1
OFFLINE_FAULT_RECOVERY cut=16 old_valid=1 new_valid=0
EMULATOR_IMAGE=/tmp/idf-partition-rajwZY
EXIT=0
CASE={"scenario": "HIGH", "profile": "ordinary", "worst": true, "history_segments": 26, "cow_segments": 4, "protected_peak_bytes": 229376}
COMMAND=GS_DIAG_PAGES=64 /home/udaybhan/projects/Ghar_sajag_r1_storage/code/ParivarSathi_v1.5.4_PWA_BatteryAnalytics_v3_4_2/host/storage/nvs_runtime_probe/build/gs_nvs_runtime_probe.elf offline /tmp/gs-72h-nvs-zwf9f8vi/fixture.txt fault 31
FIXTURE_SHA256=3a8f7e1e2c4395d496f42039f0721bba4f7f03bc2a1652bf56dc01c413a285aa
NVS_RUNTIME phase=offline_loaded iteration=88 allocated_pages=55 free_erased_pages=9 live_entries=6782 erased_entries=0 stats_used=6782 stats_free=1282 write_bytes=222060 erase_ops=0 min_sector_erases=0 max_sector_erases=0
OFFLINE_FAULT_IO cut=31 units=721 calls=3 summary_result=ESP_ERR_FLASH_OP_FAIL checkpoint_result=ESP_ERR_FLASH_OP_FAIL final_result=ESP_ERR_FLASH_OP_FAIL frozen=1
OFFLINE_FAULT_RECOVERY cut=31 old_valid=1 new_valid=0
EMULATOR_IMAGE=/tmp/idf-partition-ZxoF4G
EXIT=0
CASE={"scenario": "HIGH", "profile": "ordinary", "worst": true, "history_segments": 26, "cow_segments": 4, "protected_peak_bytes": 229376}
COMMAND=GS_DIAG_PAGES=64 /home/udaybhan/projects/Ghar_sajag_r1_storage/code/ParivarSathi_v1.5.4_PWA_BatteryAnalytics_v3_4_2/host/storage/nvs_runtime_probe/build/gs_nvs_runtime_probe.elf offline /tmp/gs-72h-nvs-zwf9f8vi/fixture.txt fault 32
FIXTURE_SHA256=3a8f7e1e2c4395d496f42039f0721bba4f7f03bc2a1652bf56dc01c413a285aa
NVS_RUNTIME phase=offline_loaded iteration=88 allocated_pages=55 free_erased_pages=9 live_entries=6782 erased_entries=0 stats_used=6782 stats_free=1282 write_bytes=222060 erase_ops=0 min_sector_erases=0 max_sector_erases=0
OFFLINE_FAULT_IO cut=32 units=721 calls=3 summary_result=ESP_ERR_FLASH_OP_FAIL checkpoint_result=ESP_ERR_FLASH_OP_FAIL final_result=ESP_ERR_FLASH_OP_FAIL frozen=1
OFFLINE_FAULT_RECOVERY cut=32 old_valid=1 new_valid=0
EMULATOR_IMAGE=/tmp/idf-partition-FrAH6D
EXIT=0
CASE={"scenario": "HIGH", "profile": "ordinary", "worst": true, "history_segments": 26, "cow_segments": 4, "protected_peak_bytes": 229376}
COMMAND=GS_DIAG_PAGES=64 /home/udaybhan/projects/Ghar_sajag_r1_storage/code/ParivarSathi_v1.5.4_PWA_BatteryAnalytics_v3_4_2/host/storage/nvs_runtime_probe/build/gs_nvs_runtime_probe.elf offline /tmp/gs-72h-nvs-zwf9f8vi/fixture.txt fault 63
FIXTURE_SHA256=3a8f7e1e2c4395d496f42039f0721bba4f7f03bc2a1652bf56dc01c413a285aa
NVS_RUNTIME phase=offline_loaded iteration=88 allocated_pages=55 free_erased_pages=9 live_entries=6782 erased_entries=0 stats_used=6782 stats_free=1282 write_bytes=222060 erase_ops=0 min_sector_erases=0 max_sector_erases=0
OFFLINE_FAULT_IO cut=63 units=721 calls=3 summary_result=ESP_ERR_FLASH_OP_FAIL checkpoint_result=ESP_ERR_FLASH_OP_FAIL final_result=ESP_ERR_FLASH_OP_FAIL frozen=1
OFFLINE_FAULT_RECOVERY cut=63 old_valid=1 new_valid=0
EMULATOR_IMAGE=/tmp/idf-partition-HwXJuJ
EXIT=0
CASE={"scenario": "HIGH", "profile": "ordinary", "worst": true, "history_segments": 26, "cow_segments": 4, "protected_peak_bytes": 229376}
COMMAND=GS_DIAG_PAGES=64 /home/udaybhan/projects/Ghar_sajag_r1_storage/code/ParivarSathi_v1.5.4_PWA_BatteryAnalytics_v3_4_2/host/storage/nvs_runtime_probe/build/gs_nvs_runtime_probe.elf offline /tmp/gs-72h-nvs-zwf9f8vi/fixture.txt fault 64
FIXTURE_SHA256=3a8f7e1e2c4395d496f42039f0721bba4f7f03bc2a1652bf56dc01c413a285aa
NVS_RUNTIME phase=offline_loaded iteration=88 allocated_pages=55 free_erased_pages=9 live_entries=6782 erased_entries=0 stats_used=6782 stats_free=1282 write_bytes=222060 erase_ops=0 min_sector_erases=0 max_sector_erases=0
OFFLINE_FAULT_IO cut=64 units=721 calls=3 summary_result=ESP_ERR_FLASH_OP_FAIL checkpoint_result=ESP_ERR_FLASH_OP_FAIL final_result=ESP_ERR_FLASH_OP_FAIL frozen=1
OFFLINE_FAULT_RECOVERY cut=64 old_valid=1 new_valid=0
EMULATOR_IMAGE=/tmp/idf-partition-qqRlDr
EXIT=0
CASE={"scenario": "HIGH", "profile": "ordinary", "worst": true, "history_segments": 26, "cow_segments": 4, "protected_peak_bytes": 229376}
COMMAND=GS_DIAG_PAGES=64 /home/udaybhan/projects/Ghar_sajag_r1_storage/code/ParivarSathi_v1.5.4_PWA_BatteryAnalytics_v3_4_2/host/storage/nvs_runtime_probe/build/gs_nvs_runtime_probe.elf offline /tmp/gs-72h-nvs-zwf9f8vi/fixture.txt fault 127
FIXTURE_SHA256=3a8f7e1e2c4395d496f42039f0721bba4f7f03bc2a1652bf56dc01c413a285aa
NVS_RUNTIME phase=offline_loaded iteration=88 allocated_pages=55 free_erased_pages=9 live_entries=6782 erased_entries=0 stats_used=6782 stats_free=1282 write_bytes=222060 erase_ops=0 min_sector_erases=0 max_sector_erases=0
OFFLINE_FAULT_IO cut=127 units=721 calls=3 summary_result=ESP_ERR_FLASH_OP_FAIL checkpoint_result=ESP_ERR_FLASH_OP_FAIL final_result=ESP_ERR_FLASH_OP_FAIL frozen=1
OFFLINE_FAULT_RECOVERY cut=127 old_valid=1 new_valid=0
EMULATOR_IMAGE=/tmp/idf-partition-zoJpnZ
EXIT=0
CASE={"scenario": "HIGH", "profile": "ordinary", "worst": true, "history_segments": 26, "cow_segments": 4, "protected_peak_bytes": 229376}
COMMAND=GS_DIAG_PAGES=64 /home/udaybhan/projects/Ghar_sajag_r1_storage/code/ParivarSathi_v1.5.4_PWA_BatteryAnalytics_v3_4_2/host/storage/nvs_runtime_probe/build/gs_nvs_runtime_probe.elf offline /tmp/gs-72h-nvs-zwf9f8vi/fixture.txt fault 512
FIXTURE_SHA256=3a8f7e1e2c4395d496f42039f0721bba4f7f03bc2a1652bf56dc01c413a285aa
NVS_RUNTIME phase=offline_loaded iteration=88 allocated_pages=55 free_erased_pages=9 live_entries=6782 erased_entries=0 stats_used=6782 stats_free=1282 write_bytes=222060 erase_ops=0 min_sector_erases=0 max_sector_erases=0
OFFLINE_FAULT_IO cut=512 units=721 calls=3 summary_result=ESP_ERR_FLASH_OP_FAIL checkpoint_result=ESP_ERR_FLASH_OP_FAIL final_result=ESP_ERR_FLASH_OP_FAIL frozen=1
OFFLINE_FAULT_RECOVERY cut=512 old_valid=1 new_valid=0
EMULATOR_IMAGE=/tmp/idf-partition-88doV9
EXIT=0
CASE={"scenario": "HIGH", "profile": "ordinary", "worst": true, "history_segments": 26, "cow_segments": 4, "protected_peak_bytes": 229376}
COMMAND=GS_DIAG_PAGES=64 /home/udaybhan/projects/Ghar_sajag_r1_storage/code/ParivarSathi_v1.5.4_PWA_BatteryAnalytics_v3_4_2/host/storage/nvs_runtime_probe/build/gs_nvs_runtime_probe.elf offline /tmp/gs-72h-nvs-zwf9f8vi/fixture.txt fault 1023
FIXTURE_SHA256=3a8f7e1e2c4395d496f42039f0721bba4f7f03bc2a1652bf56dc01c413a285aa
NVS_RUNTIME phase=offline_loaded iteration=88 allocated_pages=55 free_erased_pages=9 live_entries=6782 erased_entries=0 stats_used=6782 stats_free=1282 write_bytes=222060 erase_ops=0 min_sector_erases=0 max_sector_erases=0
OFFLINE_FAULT_IO cut=1023 units=1057 calls=14 summary_result=ESP_ERR_FLASH_OP_FAIL checkpoint_result=ESP_ERR_FLASH_OP_FAIL final_result=ESP_ERR_FLASH_OP_FAIL frozen=1
OFFLINE_FAULT_RECOVERY cut=1023 old_valid=1 new_valid=0
EMULATOR_IMAGE=/tmp/idf-partition-RBCG4u
EXIT=0
CASE={"scenario": "HIGH", "profile": "ordinary", "worst": true, "history_segments": 26, "cow_segments": 4, "protected_peak_bytes": 229376}
COMMAND=GS_DIAG_PAGES=64 /home/udaybhan/projects/Ghar_sajag_r1_storage/code/ParivarSathi_v1.5.4_PWA_BatteryAnalytics_v3_4_2/host/storage/nvs_runtime_probe/build/gs_nvs_runtime_probe.elf offline /tmp/gs-72h-nvs-zwf9f8vi/fixture.txt fault 1024
FIXTURE_SHA256=3a8f7e1e2c4395d496f42039f0721bba4f7f03bc2a1652bf56dc01c413a285aa
NVS_RUNTIME phase=offline_loaded iteration=88 allocated_pages=55 free_erased_pages=9 live_entries=6782 erased_entries=0 stats_used=6782 stats_free=1282 write_bytes=222060 erase_ops=0 min_sector_erases=0 max_sector_erases=0
OFFLINE_FAULT_IO cut=1024 units=1057 calls=14 summary_result=ESP_ERR_FLASH_OP_FAIL checkpoint_result=ESP_ERR_FLASH_OP_FAIL final_result=ESP_ERR_FLASH_OP_FAIL frozen=1
OFFLINE_FAULT_RECOVERY cut=1024 old_valid=1 new_valid=0
EMULATOR_IMAGE=/tmp/idf-partition-2jTnOl
EXIT=0
CASE={"scenario": "HIGH", "profile": "ordinary", "worst": true, "history_segments": 26, "cow_segments": 4, "protected_peak_bytes": 229376}
COMMAND=GS_DIAG_PAGES=64 /home/udaybhan/projects/Ghar_sajag_r1_storage/code/ParivarSathi_v1.5.4_PWA_BatteryAnalytics_v3_4_2/host/storage/nvs_runtime_probe/build/gs_nvs_runtime_probe.elf offline /tmp/gs-72h-nvs-zwf9f8vi/fixture.txt fault 1071
FIXTURE_SHA256=3a8f7e1e2c4395d496f42039f0721bba4f7f03bc2a1652bf56dc01c413a285aa
NVS_RUNTIME phase=offline_loaded iteration=88 allocated_pages=55 free_erased_pages=9 live_entries=6782 erased_entries=0 stats_used=6782 stats_free=1282 write_bytes=222060 erase_ops=0 min_sector_erases=0 max_sector_erases=0
OFFLINE_FAULT_IO cut=1071 units=1077 calls=20 summary_result=ESP_OK checkpoint_result=ESP_ERR_FLASH_OP_FAIL final_result=ESP_ERR_FLASH_OP_FAIL frozen=1
OFFLINE_FAULT_RECOVERY cut=1071 old_valid=1 new_valid=0
EMULATOR_IMAGE=/tmp/idf-partition-9ciPDx
EXIT=0
CASE={"scenario": "HIGH", "profile": "ordinary", "worst": true, "history_segments": 26, "cow_segments": 4, "protected_peak_bytes": 229376}
COMMAND=GS_DIAG_PAGES=64 /home/udaybhan/projects/Ghar_sajag_r1_storage/code/ParivarSathi_v1.5.4_PWA_BatteryAnalytics_v3_4_2/host/storage/nvs_runtime_probe/build/gs_nvs_runtime_probe.elf offline /tmp/gs-72h-nvs-zwf9f8vi/fixture.txt fault 1072
FIXTURE_SHA256=3a8f7e1e2c4395d496f42039f0721bba4f7f03bc2a1652bf56dc01c413a285aa
NVS_RUNTIME phase=offline_loaded iteration=88 allocated_pages=55 free_erased_pages=9 live_entries=6782 erased_entries=0 stats_used=6782 stats_free=1282 write_bytes=222060 erase_ops=0 min_sector_erases=0 max_sector_erases=0
OFFLINE_FAULT_IO cut=1072 units=1077 calls=20 summary_result=ESP_OK checkpoint_result=ESP_ERR_FLASH_OP_FAIL final_result=ESP_ERR_FLASH_OP_FAIL frozen=1
OFFLINE_FAULT_RECOVERY cut=1072 old_valid=1 new_valid=0
EMULATOR_IMAGE=/tmp/idf-partition-46S3rT
EXIT=0
CASE={"scenario": "HIGH", "profile": "ordinary", "worst": true, "history_segments": 26, "cow_segments": 4, "protected_peak_bytes": 229376}
COMMAND=GS_DIAG_PAGES=64 /home/udaybhan/projects/Ghar_sajag_r1_storage/code/ParivarSathi_v1.5.4_PWA_BatteryAnalytics_v3_4_2/host/storage/nvs_runtime_probe/build/gs_nvs_runtime_probe.elf offline /tmp/gs-72h-nvs-zwf9f8vi/fixture.txt fault 1073
FIXTURE_SHA256=3a8f7e1e2c4395d496f42039f0721bba4f7f03bc2a1652bf56dc01c413a285aa
NVS_RUNTIME phase=offline_loaded iteration=88 allocated_pages=55 free_erased_pages=9 live_entries=6782 erased_entries=0 stats_used=6782 stats_free=1282 write_bytes=222060 erase_ops=0 min_sector_erases=0 max_sector_erases=0
OFFLINE_FAULT_IO cut=1073 units=1077 calls=20 summary_result=ESP_OK checkpoint_result=ESP_ERR_FLASH_OP_FAIL final_result=ESP_ERR_FLASH_OP_FAIL frozen=1
OFFLINE_FAULT_RECOVERY cut=1073 old_valid=1 new_valid=0
EMULATOR_IMAGE=/tmp/idf-partition-E8ADGh
EXIT=0
CASE={"scenario": "HIGH", "profile": "ordinary", "worst": true, "history_segments": 26, "cow_segments": 4, "protected_peak_bytes": 229376}
COMMAND=GS_DIAG_PAGES=64 /home/udaybhan/projects/Ghar_sajag_r1_storage/code/ParivarSathi_v1.5.4_PWA_BatteryAnalytics_v3_4_2/host/storage/nvs_runtime_probe/build/gs_nvs_runtime_probe.elf offline /tmp/gs-72h-nvs-zwf9f8vi/fixture.txt fault 1080
FIXTURE_SHA256=3a8f7e1e2c4395d496f42039f0721bba4f7f03bc2a1652bf56dc01c413a285aa
NVS_RUNTIME phase=offline_loaded iteration=88 allocated_pages=55 free_erased_pages=9 live_entries=6782 erased_entries=0 stats_used=6782 stats_free=1282 write_bytes=222060 erase_ops=0 min_sector_erases=0 max_sector_erases=0
OFFLINE_FAULT_IO cut=1080 units=1750 calls=22 summary_result=ESP_OK checkpoint_result=ESP_ERR_FLASH_OP_FAIL final_result=ESP_ERR_FLASH_OP_FAIL frozen=1
OFFLINE_FAULT_RECOVERY cut=1080 old_valid=1 new_valid=0
EMULATOR_IMAGE=/tmp/idf-partition-mp6NqM
EXIT=0
CASE={"scenario": "HIGH", "profile": "ordinary", "worst": true, "history_segments": 26, "cow_segments": 4, "protected_peak_bytes": 229376}
COMMAND=GS_DIAG_PAGES=64 /home/udaybhan/projects/Ghar_sajag_r1_storage/code/ParivarSathi_v1.5.4_PWA_BatteryAnalytics_v3_4_2/host/storage/nvs_runtime_probe/build/gs_nvs_runtime_probe.elf offline /tmp/gs-72h-nvs-zwf9f8vi/fixture.txt fault 1081
FIXTURE_SHA256=3a8f7e1e2c4395d496f42039f0721bba4f7f03bc2a1652bf56dc01c413a285aa
NVS_RUNTIME phase=offline_loaded iteration=88 allocated_pages=55 free_erased_pages=9 live_entries=6782 erased_entries=0 stats_used=6782 stats_free=1282 write_bytes=222060 erase_ops=0 min_sector_erases=0 max_sector_erases=0
OFFLINE_FAULT_IO cut=1081 units=1750 calls=22 summary_result=ESP_OK checkpoint_result=ESP_ERR_FLASH_OP_FAIL final_result=ESP_ERR_FLASH_OP_FAIL frozen=1
OFFLINE_FAULT_RECOVERY cut=1081 old_valid=1 new_valid=0
EMULATOR_IMAGE=/tmp/idf-partition-zuP7wY
EXIT=0
CASE={"scenario": "HIGH", "profile": "ordinary", "worst": true, "history_segments": 26, "cow_segments": 4, "protected_peak_bytes": 229376}
COMMAND=GS_DIAG_PAGES=64 /home/udaybhan/projects/Ghar_sajag_r1_storage/code/ParivarSathi_v1.5.4_PWA_BatteryAnalytics_v3_4_2/host/storage/nvs_runtime_probe/build/gs_nvs_runtime_probe.elf offline /tmp/gs-72h-nvs-zwf9f8vi/fixture.txt fault 1536
FIXTURE_SHA256=3a8f7e1e2c4395d496f42039f0721bba4f7f03bc2a1652bf56dc01c413a285aa
NVS_RUNTIME phase=offline_loaded iteration=88 allocated_pages=55 free_erased_pages=9 live_entries=6782 erased_entries=0 stats_used=6782 stats_free=1282 write_bytes=222060 erase_ops=0 min_sector_erases=0 max_sector_erases=0
OFFLINE_FAULT_IO cut=1536 units=1750 calls=22 summary_result=ESP_OK checkpoint_result=ESP_ERR_FLASH_OP_FAIL final_result=ESP_ERR_FLASH_OP_FAIL frozen=1
OFFLINE_FAULT_RECOVERY cut=1536 old_valid=1 new_valid=0
EMULATOR_IMAGE=/tmp/idf-partition-NmKXEx
EXIT=0
CASE={"scenario": "HIGH", "profile": "ordinary", "worst": true, "history_segments": 26, "cow_segments": 4, "protected_peak_bytes": 229376}
COMMAND=GS_DIAG_PAGES=64 /home/udaybhan/projects/Ghar_sajag_r1_storage/code/ParivarSathi_v1.5.4_PWA_BatteryAnalytics_v3_4_2/host/storage/nvs_runtime_probe/build/gs_nvs_runtime_probe.elf offline /tmp/gs-72h-nvs-zwf9f8vi/fixture.txt fault 2047
FIXTURE_SHA256=3a8f7e1e2c4395d496f42039f0721bba4f7f03bc2a1652bf56dc01c413a285aa
NVS_RUNTIME phase=offline_loaded iteration=88 allocated_pages=55 free_erased_pages=9 live_entries=6782 erased_entries=0 stats_used=6782 stats_free=1282 write_bytes=222060 erase_ops=0 min_sector_erases=0 max_sector_erases=0
OFFLINE_FAULT_IO cut=2047 units=2638 calls=33 summary_result=ESP_OK checkpoint_result=ESP_ERR_FLASH_OP_FAIL final_result=ESP_ERR_FLASH_OP_FAIL frozen=1
OFFLINE_FAULT_RECOVERY cut=2047 old_valid=1 new_valid=0
EMULATOR_IMAGE=/tmp/idf-partition-oVZf3s
EXIT=0
CASE={"scenario": "HIGH", "profile": "ordinary", "worst": true, "history_segments": 26, "cow_segments": 4, "protected_peak_bytes": 229376}
COMMAND=GS_DIAG_PAGES=64 /home/udaybhan/projects/Ghar_sajag_r1_storage/code/ParivarSathi_v1.5.4_PWA_BatteryAnalytics_v3_4_2/host/storage/nvs_runtime_probe/build/gs_nvs_runtime_probe.elf offline /tmp/gs-72h-nvs-zwf9f8vi/fixture.txt fault 2048
FIXTURE_SHA256=3a8f7e1e2c4395d496f42039f0721bba4f7f03bc2a1652bf56dc01c413a285aa
NVS_RUNTIME phase=offline_loaded iteration=88 allocated_pages=55 free_erased_pages=9 live_entries=6782 erased_entries=0 stats_used=6782 stats_free=1282 write_bytes=222060 erase_ops=0 min_sector_erases=0 max_sector_erases=0
OFFLINE_FAULT_IO cut=2048 units=2638 calls=33 summary_result=ESP_OK checkpoint_result=ESP_ERR_FLASH_OP_FAIL final_result=ESP_ERR_FLASH_OP_FAIL frozen=1
OFFLINE_FAULT_RECOVERY cut=2048 old_valid=1 new_valid=0
EMULATOR_IMAGE=/tmp/idf-partition-zWNXTV
EXIT=0
CASE={"scenario": "HIGH", "profile": "ordinary", "worst": true, "history_segments": 26, "cow_segments": 4, "protected_peak_bytes": 229376}
COMMAND=GS_DIAG_PAGES=64 /home/udaybhan/projects/Ghar_sajag_r1_storage/code/ParivarSathi_v1.5.4_PWA_BatteryAnalytics_v3_4_2/host/storage/nvs_runtime_probe/build/gs_nvs_runtime_probe.elf offline /tmp/gs-72h-nvs-zwf9f8vi/fixture.txt fault 2560
FIXTURE_SHA256=3a8f7e1e2c4395d496f42039f0721bba4f7f03bc2a1652bf56dc01c413a285aa
NVS_RUNTIME phase=offline_loaded iteration=88 allocated_pages=55 free_erased_pages=9 live_entries=6782 erased_entries=0 stats_used=6782 stats_free=1282 write_bytes=222060 erase_ops=0 min_sector_erases=0 max_sector_erases=0
OFFLINE_FAULT_IO cut=2560 units=2638 calls=33 summary_result=ESP_OK checkpoint_result=ESP_ERR_FLASH_OP_FAIL final_result=ESP_ERR_FLASH_OP_FAIL frozen=1
OFFLINE_FAULT_RECOVERY cut=2560 old_valid=1 new_valid=0
EMULATOR_IMAGE=/tmp/idf-partition-puREzQ
EXIT=0
CASE={"scenario": "HIGH", "profile": "ordinary", "worst": true, "history_segments": 26, "cow_segments": 4, "protected_peak_bytes": 229376}
COMMAND=GS_DIAG_PAGES=64 /home/udaybhan/projects/Ghar_sajag_r1_storage/code/ParivarSathi_v1.5.4_PWA_BatteryAnalytics_v3_4_2/host/storage/nvs_runtime_probe/build/gs_nvs_runtime_probe.elf offline /tmp/gs-72h-nvs-zwf9f8vi/fixture.txt fault 2600
FIXTURE_SHA256=3a8f7e1e2c4395d496f42039f0721bba4f7f03bc2a1652bf56dc01c413a285aa
NVS_RUNTIME phase=offline_loaded iteration=88 allocated_pages=55 free_erased_pages=9 live_entries=6782 erased_entries=0 stats_used=6782 stats_free=1282 write_bytes=222060 erase_ops=0 min_sector_erases=0 max_sector_erases=0
OFFLINE_FAULT_IO cut=2600 units=2638 calls=33 summary_result=ESP_OK checkpoint_result=ESP_ERR_FLASH_OP_FAIL final_result=ESP_ERR_FLASH_OP_FAIL frozen=1
OFFLINE_FAULT_RECOVERY cut=2600 old_valid=1 new_valid=0
EMULATOR_IMAGE=/tmp/idf-partition-FZrvts
EXIT=0
CASE={"scenario": "HIGH", "profile": "ordinary", "worst": true, "history_segments": 26, "cow_segments": 4, "protected_peak_bytes": 229376}
COMMAND=GS_DIAG_PAGES=64 /home/udaybhan/projects/Ghar_sajag_r1_storage/code/ParivarSathi_v1.5.4_PWA_BatteryAnalytics_v3_4_2/host/storage/nvs_runtime_probe/build/gs_nvs_runtime_probe.elf offline /tmp/gs-72h-nvs-zwf9f8vi/fixture.txt fault 2687
FIXTURE_SHA256=3a8f7e1e2c4395d496f42039f0721bba4f7f03bc2a1652bf56dc01c413a285aa
NVS_RUNTIME phase=offline_loaded iteration=88 allocated_pages=55 free_erased_pages=9 live_entries=6782 erased_entries=0 stats_used=6782 stats_free=1282 write_bytes=222060 erase_ops=0 min_sector_erases=0 max_sector_erases=0
OFFLINE_FAULT_IO cut=2687 units=2783 calls=45 summary_result=ESP_OK checkpoint_result=ESP_OK final_result=ESP_ERR_FLASH_OP_FAIL frozen=1
OFFLINE_FAULT_RECOVERY cut=2687 old_valid=1 new_valid=0
EMULATOR_IMAGE=/tmp/idf-partition-BrCsiy
EXIT=0
CASE={"scenario": "HIGH", "profile": "ordinary", "worst": true, "history_segments": 26, "cow_segments": 4, "protected_peak_bytes": 229376}
COMMAND=GS_DIAG_PAGES=64 /home/udaybhan/projects/Ghar_sajag_r1_storage/code/ParivarSathi_v1.5.4_PWA_BatteryAnalytics_v3_4_2/host/storage/nvs_runtime_probe/build/gs_nvs_runtime_probe.elf offline /tmp/gs-72h-nvs-zwf9f8vi/fixture.txt fault 2688
FIXTURE_SHA256=3a8f7e1e2c4395d496f42039f0721bba4f7f03bc2a1652bf56dc01c413a285aa
NVS_RUNTIME phase=offline_loaded iteration=88 allocated_pages=55 free_erased_pages=9 live_entries=6782 erased_entries=0 stats_used=6782 stats_free=1282 write_bytes=222060 erase_ops=0 min_sector_erases=0 max_sector_erases=0
OFFLINE_FAULT_IO cut=2688 units=2783 calls=45 summary_result=ESP_OK checkpoint_result=ESP_OK final_result=ESP_ERR_FLASH_OP_FAIL frozen=1
OFFLINE_FAULT_RECOVERY cut=2688 old_valid=1 new_valid=0
EMULATOR_IMAGE=/tmp/idf-partition-nGdGxi
EXIT=0
CASE={"scenario": "HIGH", "profile": "ordinary", "worst": true, "history_segments": 26, "cow_segments": 4, "protected_peak_bytes": 229376}
COMMAND=GS_DIAG_PAGES=64 /home/udaybhan/projects/Ghar_sajag_r1_storage/code/ParivarSathi_v1.5.4_PWA_BatteryAnalytics_v3_4_2/host/storage/nvs_runtime_probe/build/gs_nvs_runtime_probe.elf offline /tmp/gs-72h-nvs-zwf9f8vi/fixture.txt fault 2750
FIXTURE_SHA256=3a8f7e1e2c4395d496f42039f0721bba4f7f03bc2a1652bf56dc01c413a285aa
NVS_RUNTIME phase=offline_loaded iteration=88 allocated_pages=55 free_erased_pages=9 live_entries=6782 erased_entries=0 stats_used=6782 stats_free=1282 write_bytes=222060 erase_ops=0 min_sector_erases=0 max_sector_erases=0
OFFLINE_FAULT_IO cut=2750 units=2783 calls=45 summary_result=ESP_OK checkpoint_result=ESP_OK final_result=ESP_ERR_FLASH_OP_FAIL frozen=1
OFFLINE_FAULT_RECOVERY cut=2750 old_valid=1 new_valid=0
EMULATOR_IMAGE=/tmp/idf-partition-DVHzpy
EXIT=0
CASE={"scenario": "HIGH", "profile": "ordinary", "worst": true, "history_segments": 26, "cow_segments": 4, "protected_peak_bytes": 229376}
COMMAND=GS_DIAG_PAGES=64 /home/udaybhan/projects/Ghar_sajag_r1_storage/code/ParivarSathi_v1.5.4_PWA_BatteryAnalytics_v3_4_2/host/storage/nvs_runtime_probe/build/gs_nvs_runtime_probe.elf offline /tmp/gs-72h-nvs-zwf9f8vi/fixture.txt fault 3000
FIXTURE_SHA256=3a8f7e1e2c4395d496f42039f0721bba4f7f03bc2a1652bf56dc01c413a285aa
NVS_RUNTIME phase=offline_loaded iteration=88 allocated_pages=55 free_erased_pages=9 live_entries=6782 erased_entries=0 stats_used=6782 stats_free=1282 write_bytes=222060 erase_ops=0 min_sector_erases=0 max_sector_erases=0
OFFLINE_FAULT_IO cut=3000 units=2827 calls=61 summary_result=ESP_OK checkpoint_result=ESP_OK final_result=ESP_OK frozen=0
OFFLINE_FAULT_RECOVERY cut=3000 old_valid=0 new_valid=1
EMULATOR_IMAGE=/tmp/idf-partition-RoZbHF
EXIT=0
CASE={"scenario": "HIGH", "profile": "ordinary", "worst": true, "history_segments": 26, "cow_segments": 4, "protected_peak_bytes": 229376}
COMMAND=GS_DIAG_PAGES=64 /home/udaybhan/projects/Ghar_sajag_r1_storage/code/ParivarSathi_v1.5.4_PWA_BatteryAnalytics_v3_4_2/host/storage/nvs_runtime_probe/build/gs_nvs_runtime_probe.elf offline /tmp/gs-72h-nvs-zwf9f8vi/fixture.txt fault 4000
FIXTURE_SHA256=3a8f7e1e2c4395d496f42039f0721bba4f7f03bc2a1652bf56dc01c413a285aa
NVS_RUNTIME phase=offline_loaded iteration=88 allocated_pages=55 free_erased_pages=9 live_entries=6782 erased_entries=0 stats_used=6782 stats_free=1282 write_bytes=222060 erase_ops=0 min_sector_erases=0 max_sector_erases=0
OFFLINE_FAULT_IO cut=4000 units=2827 calls=61 summary_result=ESP_OK checkpoint_result=ESP_OK final_result=ESP_OK frozen=0
OFFLINE_FAULT_RECOVERY cut=4000 old_valid=0 new_valid=1
EMULATOR_IMAGE=/tmp/idf-partition-jnwXVR
EXIT=0
RUNNER_RESULT={"runs": 54, "passes": 54, "capacity_stops": 0}
BOUNDARY=SDK NVS EMULATED; dummy bodies/selectors; TARGET HARDWARE UNPROVEN

SECOND DEVELOPMENT RUN: superseded before final decision by native MotionSummary millisecond-field exclusion, clock-provenance point cost and source-stage correction.

SOURCE=docs/exec-plans/evidence/R1_STORAGE_72H_NVS_CAPACITY_20261008.log
SDK_BINARY_SHA256=89174c7086c473a6b48f9996805bb0f64c5f13a70e3fff431e5463049f8e53ba
SDK_SOURCE_COMMIT=76f5dedd9950a3012fee8fb7d5586df21fc67802
CASE={"scenario": "NORMAL", "profile": "ordinary", "worst": false, "history_segments": 7, "cow_segments": 4, "protected_peak_bytes": 147456}
COMMAND=GS_DIAG_PAGES=32 /home/udaybhan/projects/Ghar_sajag_r1_storage/code/ParivarSathi_v1.5.4_PWA_BatteryAnalytics_v3_4_2/host/storage/nvs_runtime_probe/build/gs_nvs_runtime_probe.elf offline /tmp/gs-72h-nvs-zd21883z/fixture.txt
FIXTURE_SHA256=780ffe57acb76e6f9ec150fed494080d0697be15f05ee5bdd6f99190c1e3459d
OFFLINE_STOP phase=load object=34 bytes=6144 error=ESP_ERR_NVS_NOT_ENOUGH_SPACE
NVS_RUNTIME phase=offline_stop iteration=34 allocated_pages=31 free_erased_pages=1 live_entries=3868 erased_entries=0 stats_used=3868 stats_free=164 write_bytes=134612 erase_ops=2 min_sector_erases=0 max_sector_erases=1
EMULATOR_IMAGE=/tmp/idf-partition-ts5XA4
EXIT=2
CASE={"scenario": "NORMAL", "profile": "ordinary", "worst": false, "history_segments": 7, "cow_segments": 4, "protected_peak_bytes": 147456}
COMMAND=GS_DIAG_PAGES=48 /home/udaybhan/projects/Ghar_sajag_r1_storage/code/ParivarSathi_v1.5.4_PWA_BatteryAnalytics_v3_4_2/host/storage/nvs_runtime_probe/build/gs_nvs_runtime_probe.elf offline /tmp/gs-72h-nvs-zd21883z/fixture.txt
FIXTURE_SHA256=780ffe57acb76e6f9ec150fed494080d0697be15f05ee5bdd6f99190c1e3459d
NVS_RUNTIME phase=offline_loaded iteration=69 allocated_pages=34 free_erased_pages=14 live_entries=4227 erased_entries=0 stats_used=4227 stats_free=1821 write_bytes=138600 erase_ops=0 min_sector_erases=0 max_sector_erases=0
NVS_RUNTIME phase=offline_recovered iteration=32 allocated_pages=47 free_erased_pages=1 live_entries=3885 erased_entries=1865 stats_used=3885 stats_free=2163 write_bytes=482836 erase_ops=71 min_sector_erases=0 max_sector_erases=5
OFFLINE_PASS pages=48 peak_pages=47 peak_live_entries=4227 history=7 cow=4 arrivals=1152
EMULATOR_IMAGE=/tmp/idf-partition-HvjCLU
EXIT=0
CASE={"scenario": "NORMAL", "profile": "ordinary", "worst": false, "history_segments": 7, "cow_segments": 4, "protected_peak_bytes": 147456}
COMMAND=GS_DIAG_PAGES=64 /home/udaybhan/projects/Ghar_sajag_r1_storage/code/ParivarSathi_v1.5.4_PWA_BatteryAnalytics_v3_4_2/host/storage/nvs_runtime_probe/build/gs_nvs_runtime_probe.elf offline /tmp/gs-72h-nvs-zd21883z/fixture.txt
FIXTURE_SHA256=780ffe57acb76e6f9ec150fed494080d0697be15f05ee5bdd6f99190c1e3459d
NVS_RUNTIME phase=offline_loaded iteration=69 allocated_pages=34 free_erased_pages=30 live_entries=4227 erased_entries=0 stats_used=4227 stats_free=3837 write_bytes=138600 erase_ops=0 min_sector_erases=0 max_sector_erases=0
NVS_RUNTIME phase=offline_recovered iteration=32 allocated_pages=63 free_erased_pages=1 live_entries=3885 erased_entries=3870 stats_used=3885 stats_free=4179 write_bytes=482772 erase_ops=55 min_sector_erases=0 max_sector_erases=2
OFFLINE_PASS pages=64 peak_pages=63 peak_live_entries=4227 history=7 cow=4 arrivals=1152
EMULATOR_IMAGE=/tmp/idf-partition-vsNzwI
EXIT=0
CASE={"scenario": "NORMAL", "profile": "ordinary", "worst": true, "history_segments": 10, "cow_segments": 8, "protected_peak_bytes": 180224}
COMMAND=GS_DIAG_PAGES=32 /home/udaybhan/projects/Ghar_sajag_r1_storage/code/ParivarSathi_v1.5.4_PWA_BatteryAnalytics_v3_4_2/host/storage/nvs_runtime_probe/build/gs_nvs_runtime_probe.elf offline /tmp/gs-72h-nvs-zd21883z/fixture.txt
FIXTURE_SHA256=b26f220b0827b821093d4e190a415e36602648d71c9caada93af177148e54c8b
OFFLINE_STOP phase=load object=34 bytes=4096 error=ESP_ERR_NVS_NOT_ENOUGH_SPACE
NVS_RUNTIME phase=offline_stop iteration=34 allocated_pages=31 free_erased_pages=1 live_entries=3889 erased_entries=0 stats_used=3889 stats_free=143 write_bytes=139584 erase_ops=3 min_sector_erases=0 max_sector_erases=2
EMULATOR_IMAGE=/tmp/idf-partition-WAqUPo
EXIT=2
CASE={"scenario": "NORMAL", "profile": "ordinary", "worst": true, "history_segments": 10, "cow_segments": 8, "protected_peak_bytes": 180224}
COMMAND=GS_DIAG_PAGES=48 /home/udaybhan/projects/Ghar_sajag_r1_storage/code/ParivarSathi_v1.5.4_PWA_BatteryAnalytics_v3_4_2/host/storage/nvs_runtime_probe/build/gs_nvs_runtime_probe.elf offline /tmp/gs-72h-nvs-zd21883z/fixture.txt
FIXTURE_SHA256=b26f220b0827b821093d4e190a415e36602648d71c9caada93af177148e54c8b
NVS_RUNTIME phase=offline_loaded iteration=76 allocated_pages=42 free_erased_pages=6 live_entries=5209 erased_entries=0 stats_used=5209 stats_free=839 write_bytes=170672 erase_ops=0 min_sector_erases=0 max_sector_erases=0
NVS_RUNTIME phase=offline_recovered iteration=32 allocated_pages=47 free_erased_pages=1 live_entries=4866 erased_entries=991 stats_used=4866 stats_free=1182 write_bytes=514812 erase_ops=78 min_sector_erases=0 max_sector_erases=10
OFFLINE_PASS pages=48 peak_pages=47 peak_live_entries=5209 history=10 cow=8 arrivals=1152
EMULATOR_IMAGE=/tmp/idf-partition-9ekb1e
EXIT=0
CASE={"scenario": "NORMAL", "profile": "ordinary", "worst": true, "history_segments": 10, "cow_segments": 8, "protected_peak_bytes": 180224}
COMMAND=GS_DIAG_PAGES=64 /home/udaybhan/projects/Ghar_sajag_r1_storage/code/ParivarSathi_v1.5.4_PWA_BatteryAnalytics_v3_4_2/host/storage/nvs_runtime_probe/build/gs_nvs_runtime_probe.elf offline /tmp/gs-72h-nvs-zd21883z/fixture.txt
FIXTURE_SHA256=b26f220b0827b821093d4e190a415e36602648d71c9caada93af177148e54c8b
NVS_RUNTIME phase=offline_loaded iteration=76 allocated_pages=42 free_erased_pages=22 live_entries=5209 erased_entries=0 stats_used=5209 stats_free=2855 write_bytes=170672 erase_ops=0 min_sector_erases=0 max_sector_erases=0
NVS_RUNTIME phase=offline_recovered iteration=32 allocated_pages=63 free_erased_pages=1 live_entries=4866 erased_entries=2985 stats_used=4866 stats_free=3198 write_bytes=514748 erase_ops=62 min_sector_erases=0 max_sector_erases=3
OFFLINE_PASS pages=64 peak_pages=63 peak_live_entries=5209 history=10 cow=8 arrivals=1152
EMULATOR_IMAGE=/tmp/idf-partition-few1sC
EXIT=0
CASE={"scenario": "NORMAL", "profile": "mixed", "worst": false, "history_segments": 7, "cow_segments": 4, "protected_peak_bytes": 147456}
COMMAND=GS_DIAG_PAGES=32 /home/udaybhan/projects/Ghar_sajag_r1_storage/code/ParivarSathi_v1.5.4_PWA_BatteryAnalytics_v3_4_2/host/storage/nvs_runtime_probe/build/gs_nvs_runtime_probe.elf offline /tmp/gs-72h-nvs-zd21883z/fixture.txt
FIXTURE_SHA256=780ffe57acb76e6f9ec150fed494080d0697be15f05ee5bdd6f99190c1e3459d
OFFLINE_STOP phase=load object=34 bytes=6144 error=ESP_ERR_NVS_NOT_ENOUGH_SPACE
NVS_RUNTIME phase=offline_stop iteration=34 allocated_pages=31 free_erased_pages=1 live_entries=3868 erased_entries=0 stats_used=3868 stats_free=164 write_bytes=134612 erase_ops=2 min_sector_erases=0 max_sector_erases=1
EMULATOR_IMAGE=/tmp/idf-partition-rbtNFO
EXIT=2
CASE={"scenario": "NORMAL", "profile": "mixed", "worst": false, "history_segments": 7, "cow_segments": 4, "protected_peak_bytes": 147456}
COMMAND=GS_DIAG_PAGES=48 /home/udaybhan/projects/Ghar_sajag_r1_storage/code/ParivarSathi_v1.5.4_PWA_BatteryAnalytics_v3_4_2/host/storage/nvs_runtime_probe/build/gs_nvs_runtime_probe.elf offline /tmp/gs-72h-nvs-zd21883z/fixture.txt
FIXTURE_SHA256=780ffe57acb76e6f9ec150fed494080d0697be15f05ee5bdd6f99190c1e3459d
NVS_RUNTIME phase=offline_loaded iteration=69 allocated_pages=34 free_erased_pages=14 live_entries=4227 erased_entries=0 stats_used=4227 stats_free=1821 write_bytes=138600 erase_ops=0 min_sector_erases=0 max_sector_erases=0
NVS_RUNTIME phase=offline_recovered iteration=32 allocated_pages=47 free_erased_pages=1 live_entries=3885 erased_entries=1865 stats_used=3885 stats_free=2163 write_bytes=482836 erase_ops=71 min_sector_erases=0 max_sector_erases=5
OFFLINE_PASS pages=48 peak_pages=47 peak_live_entries=4227 history=7 cow=4 arrivals=1152
EMULATOR_IMAGE=/tmp/idf-partition-ObKmMP
EXIT=0
CASE={"scenario": "NORMAL", "profile": "mixed", "worst": false, "history_segments": 7, "cow_segments": 4, "protected_peak_bytes": 147456}
COMMAND=GS_DIAG_PAGES=64 /home/udaybhan/projects/Ghar_sajag_r1_storage/code/ParivarSathi_v1.5.4_PWA_BatteryAnalytics_v3_4_2/host/storage/nvs_runtime_probe/build/gs_nvs_runtime_probe.elf offline /tmp/gs-72h-nvs-zd21883z/fixture.txt
FIXTURE_SHA256=780ffe57acb76e6f9ec150fed494080d0697be15f05ee5bdd6f99190c1e3459d
NVS_RUNTIME phase=offline_loaded iteration=69 allocated_pages=34 free_erased_pages=30 live_entries=4227 erased_entries=0 stats_used=4227 stats_free=3837 write_bytes=138600 erase_ops=0 min_sector_erases=0 max_sector_erases=0
NVS_RUNTIME phase=offline_recovered iteration=32 allocated_pages=63 free_erased_pages=1 live_entries=3885 erased_entries=3870 stats_used=3885 stats_free=4179 write_bytes=482772 erase_ops=55 min_sector_erases=0 max_sector_erases=2
OFFLINE_PASS pages=64 peak_pages=63 peak_live_entries=4227 history=7 cow=4 arrivals=1152
EMULATOR_IMAGE=/tmp/idf-partition-YUZ9EO
EXIT=0
CASE={"scenario": "NORMAL", "profile": "mixed", "worst": true, "history_segments": 23, "cow_segments": 8, "protected_peak_bytes": 233472}
COMMAND=GS_DIAG_PAGES=32 /home/udaybhan/projects/Ghar_sajag_r1_storage/code/ParivarSathi_v1.5.4_PWA_BatteryAnalytics_v3_4_2/host/storage/nvs_runtime_probe/build/gs_nvs_runtime_probe.elf offline /tmp/gs-72h-nvs-zd21883z/fixture.txt
FIXTURE_SHA256=7cef1031fd425a01fa896db273f611e922f43cbc61c7b296eb88247d1c339994
OFFLINE_STOP phase=load object=34 bytes=4096 error=ESP_ERR_NVS_NOT_ENOUGH_SPACE
NVS_RUNTIME phase=offline_stop iteration=34 allocated_pages=31 free_erased_pages=1 live_entries=3889 erased_entries=0 stats_used=3889 stats_free=143 write_bytes=139584 erase_ops=3 min_sector_erases=0 max_sector_erases=2
EMULATOR_IMAGE=/tmp/idf-partition-kLKnnS
EXIT=2
CASE={"scenario": "NORMAL", "profile": "mixed", "worst": true, "history_segments": 23, "cow_segments": 8, "protected_peak_bytes": 233472}
COMMAND=GS_DIAG_PAGES=48 /home/udaybhan/projects/Ghar_sajag_r1_storage/code/ParivarSathi_v1.5.4_PWA_BatteryAnalytics_v3_4_2/host/storage/nvs_runtime_probe/build/gs_nvs_runtime_probe.elf offline /tmp/gs-72h-nvs-zd21883z/fixture.txt
FIXTURE_SHA256=7cef1031fd425a01fa896db273f611e922f43cbc61c7b296eb88247d1c339994
OFFLINE_STOP phase=load object=49 bytes=4096 error=ESP_ERR_NVS_NOT_ENOUGH_SPACE
NVS_RUNTIME phase=offline_stop iteration=49 allocated_pages=47 free_erased_pages=1 live_entries=5853 erased_entries=69 stats_used=5853 stats_free=195 write_bytes=206040 erase_ops=3 min_sector_erases=0 max_sector_erases=1
EMULATOR_IMAGE=/tmp/idf-partition-VWd5Gk
EXIT=2
CASE={"scenario": "NORMAL", "profile": "mixed", "worst": true, "history_segments": 23, "cow_segments": 8, "protected_peak_bytes": 233472}
COMMAND=GS_DIAG_PAGES=64 /home/udaybhan/projects/Ghar_sajag_r1_storage/code/ParivarSathi_v1.5.4_PWA_BatteryAnalytics_v3_4_2/host/storage/nvs_runtime_probe/build/gs_nvs_runtime_probe.elf offline /tmp/gs-72h-nvs-zd21883z/fixture.txt
FIXTURE_SHA256=7cef1031fd425a01fa896db273f611e922f43cbc61c7b296eb88247d1c339994
NVS_RUNTIME phase=offline_loaded iteration=89 allocated_pages=56 free_erased_pages=8 live_entries=6913 erased_entries=0 stats_used=6913 stats_free=1151 write_bytes=226332 erase_ops=0 min_sector_erases=0 max_sector_erases=0
NVS_RUNTIME phase=offline_recovered iteration=32 allocated_pages=63 free_erased_pages=1 live_entries=6569 erased_entries=1236 stats_used=6569 stats_free=1495 write_bytes=570512 erase_ops=76 min_sector_erases=0 max_sector_erases=8
OFFLINE_PASS pages=64 peak_pages=63 peak_live_entries=6913 history=23 cow=8 arrivals=1152
EMULATOR_IMAGE=/tmp/idf-partition-0k3aDC
EXIT=0
CASE={"scenario": "NORMAL", "profile": "door_user", "worst": false, "history_segments": 7, "cow_segments": 4, "protected_peak_bytes": 147456}
COMMAND=GS_DIAG_PAGES=32 /home/udaybhan/projects/Ghar_sajag_r1_storage/code/ParivarSathi_v1.5.4_PWA_BatteryAnalytics_v3_4_2/host/storage/nvs_runtime_probe/build/gs_nvs_runtime_probe.elf offline /tmp/gs-72h-nvs-zd21883z/fixture.txt
FIXTURE_SHA256=780ffe57acb76e6f9ec150fed494080d0697be15f05ee5bdd6f99190c1e3459d
OFFLINE_STOP phase=load object=34 bytes=6144 error=ESP_ERR_NVS_NOT_ENOUGH_SPACE
NVS_RUNTIME phase=offline_stop iteration=34 allocated_pages=31 free_erased_pages=1 live_entries=3868 erased_entries=0 stats_used=3868 stats_free=164 write_bytes=134612 erase_ops=2 min_sector_erases=0 max_sector_erases=1
EMULATOR_IMAGE=/tmp/idf-partition-KPomaU
EXIT=2
CASE={"scenario": "NORMAL", "profile": "door_user", "worst": false, "history_segments": 7, "cow_segments": 4, "protected_peak_bytes": 147456}
COMMAND=GS_DIAG_PAGES=48 /home/udaybhan/projects/Ghar_sajag_r1_storage/code/ParivarSathi_v1.5.4_PWA_BatteryAnalytics_v3_4_2/host/storage/nvs_runtime_probe/build/gs_nvs_runtime_probe.elf offline /tmp/gs-72h-nvs-zd21883z/fixture.txt
FIXTURE_SHA256=780ffe57acb76e6f9ec150fed494080d0697be15f05ee5bdd6f99190c1e3459d
NVS_RUNTIME phase=offline_loaded iteration=69 allocated_pages=34 free_erased_pages=14 live_entries=4227 erased_entries=0 stats_used=4227 stats_free=1821 write_bytes=138600 erase_ops=0 min_sector_erases=0 max_sector_erases=0
NVS_RUNTIME phase=offline_recovered iteration=32 allocated_pages=47 free_erased_pages=1 live_entries=3885 erased_entries=1865 stats_used=3885 stats_free=2163 write_bytes=482836 erase_ops=71 min_sector_erases=0 max_sector_erases=5
OFFLINE_PASS pages=48 peak_pages=47 peak_live_entries=4227 history=7 cow=4 arrivals=1152
EMULATOR_IMAGE=/tmp/idf-partition-t05GQt
EXIT=0
CASE={"scenario": "NORMAL", "profile": "door_user", "worst": false, "history_segments": 7, "cow_segments": 4, "protected_peak_bytes": 147456}
COMMAND=GS_DIAG_PAGES=64 /home/udaybhan/projects/Ghar_sajag_r1_storage/code/ParivarSathi_v1.5.4_PWA_BatteryAnalytics_v3_4_2/host/storage/nvs_runtime_probe/build/gs_nvs_runtime_probe.elf offline /tmp/gs-72h-nvs-zd21883z/fixture.txt
FIXTURE_SHA256=780ffe57acb76e6f9ec150fed494080d0697be15f05ee5bdd6f99190c1e3459d
NVS_RUNTIME phase=offline_loaded iteration=69 allocated_pages=34 free_erased_pages=30 live_entries=4227 erased_entries=0 stats_used=4227 stats_free=3837 write_bytes=138600 erase_ops=0 min_sector_erases=0 max_sector_erases=0
NVS_RUNTIME phase=offline_recovered iteration=32 allocated_pages=63 free_erased_pages=1 live_entries=3885 erased_entries=3870 stats_used=3885 stats_free=4179 write_bytes=482772 erase_ops=55 min_sector_erases=0 max_sector_erases=2
OFFLINE_PASS pages=64 peak_pages=63 peak_live_entries=4227 history=7 cow=4 arrivals=1152
EMULATOR_IMAGE=/tmp/idf-partition-Ird7Fu
EXIT=0
CASE={"scenario": "NORMAL", "profile": "door_user", "worst": true, "history_segments": 37, "cow_segments": 8, "protected_peak_bytes": 294912}
COMMAND=GS_DIAG_PAGES=32 /home/udaybhan/projects/Ghar_sajag_r1_storage/code/ParivarSathi_v1.5.4_PWA_BatteryAnalytics_v3_4_2/host/storage/nvs_runtime_probe/build/gs_nvs_runtime_probe.elf offline /tmp/gs-72h-nvs-zd21883z/fixture.txt
FIXTURE_SHA256=5067ec4f0dbdd1fe990fb6a3336a4de2d2ab7fb9e470131be4c3f83a4081c9ba
OFFLINE_STOP phase=load object=34 bytes=4096 error=ESP_ERR_NVS_NOT_ENOUGH_SPACE
NVS_RUNTIME phase=offline_stop iteration=34 allocated_pages=31 free_erased_pages=1 live_entries=3889 erased_entries=0 stats_used=3889 stats_free=143 write_bytes=139584 erase_ops=3 min_sector_erases=0 max_sector_erases=2
EMULATOR_IMAGE=/tmp/idf-partition-8eIpuZ
EXIT=2
CASE={"scenario": "NORMAL", "profile": "door_user", "worst": true, "history_segments": 37, "cow_segments": 8, "protected_peak_bytes": 294912}
COMMAND=GS_DIAG_PAGES=48 /home/udaybhan/projects/Ghar_sajag_r1_storage/code/ParivarSathi_v1.5.4_PWA_BatteryAnalytics_v3_4_2/host/storage/nvs_runtime_probe/build/gs_nvs_runtime_probe.elf offline /tmp/gs-72h-nvs-zd21883z/fixture.txt
FIXTURE_SHA256=5067ec4f0dbdd1fe990fb6a3336a4de2d2ab7fb9e470131be4c3f83a4081c9ba
OFFLINE_STOP phase=load object=49 bytes=4096 error=ESP_ERR_NVS_NOT_ENOUGH_SPACE
NVS_RUNTIME phase=offline_stop iteration=49 allocated_pages=47 free_erased_pages=1 live_entries=5853 erased_entries=69 stats_used=5853 stats_free=195 write_bytes=206040 erase_ops=3 min_sector_erases=0 max_sector_erases=1
EMULATOR_IMAGE=/tmp/idf-partition-ruUbq2
EXIT=2
CASE={"scenario": "NORMAL", "profile": "door_user", "worst": true, "history_segments": 37, "cow_segments": 8, "protected_peak_bytes": 294912}
COMMAND=GS_DIAG_PAGES=64 /home/udaybhan/projects/Ghar_sajag_r1_storage/code/ParivarSathi_v1.5.4_PWA_BatteryAnalytics_v3_4_2/host/storage/nvs_runtime_probe/build/gs_nvs_runtime_probe.elf offline /tmp/gs-72h-nvs-zd21883z/fixture.txt
FIXTURE_SHA256=5067ec4f0dbdd1fe990fb6a3336a4de2d2ab7fb9e470131be4c3f83a4081c9ba
OFFLINE_STOP phase=load object=64 bytes=4096 error=ESP_ERR_NVS_NOT_ENOUGH_SPACE
NVS_RUNTIME phase=offline_stop iteration=64 allocated_pages=63 free_erased_pages=1 live_entries=7818 erased_entries=120 stats_used=7818 stats_free=246 write_bytes=276068 erase_ops=4 min_sector_erases=0 max_sector_erases=1
EMULATOR_IMAGE=/tmp/idf-partition-gOg8jb
EXIT=2
CASE={"scenario": "NORMAL", "profile": "node_loss", "worst": false, "history_segments": 7, "cow_segments": 4, "protected_peak_bytes": 147456}
COMMAND=GS_DIAG_PAGES=32 /home/udaybhan/projects/Ghar_sajag_r1_storage/code/ParivarSathi_v1.5.4_PWA_BatteryAnalytics_v3_4_2/host/storage/nvs_runtime_probe/build/gs_nvs_runtime_probe.elf offline /tmp/gs-72h-nvs-zd21883z/fixture.txt
FIXTURE_SHA256=780ffe57acb76e6f9ec150fed494080d0697be15f05ee5bdd6f99190c1e3459d
OFFLINE_STOP phase=load object=34 bytes=6144 error=ESP_ERR_NVS_NOT_ENOUGH_SPACE
NVS_RUNTIME phase=offline_stop iteration=34 allocated_pages=31 free_erased_pages=1 live_entries=3868 erased_entries=0 stats_used=3868 stats_free=164 write_bytes=134612 erase_ops=2 min_sector_erases=0 max_sector_erases=1
EMULATOR_IMAGE=/tmp/idf-partition-KqV0e2
EXIT=2
CASE={"scenario": "NORMAL", "profile": "node_loss", "worst": false, "history_segments": 7, "cow_segments": 4, "protected_peak_bytes": 147456}
COMMAND=GS_DIAG_PAGES=48 /home/udaybhan/projects/Ghar_sajag_r1_storage/code/ParivarSathi_v1.5.4_PWA_BatteryAnalytics_v3_4_2/host/storage/nvs_runtime_probe/build/gs_nvs_runtime_probe.elf offline /tmp/gs-72h-nvs-zd21883z/fixture.txt
FIXTURE_SHA256=780ffe57acb76e6f9ec150fed494080d0697be15f05ee5bdd6f99190c1e3459d
NVS_RUNTIME phase=offline_loaded iteration=69 allocated_pages=34 free_erased_pages=14 live_entries=4227 erased_entries=0 stats_used=4227 stats_free=1821 write_bytes=138600 erase_ops=0 min_sector_erases=0 max_sector_erases=0
NVS_RUNTIME phase=offline_recovered iteration=32 allocated_pages=47 free_erased_pages=1 live_entries=3885 erased_entries=1865 stats_used=3885 stats_free=2163 write_bytes=482836 erase_ops=71 min_sector_erases=0 max_sector_erases=5
OFFLINE_PASS pages=48 peak_pages=47 peak_live_entries=4227 history=7 cow=4 arrivals=1152
EMULATOR_IMAGE=/tmp/idf-partition-5GYEWb
EXIT=0
CASE={"scenario": "NORMAL", "profile": "node_loss", "worst": false, "history_segments": 7, "cow_segments": 4, "protected_peak_bytes": 147456}
COMMAND=GS_DIAG_PAGES=64 /home/udaybhan/projects/Ghar_sajag_r1_storage/code/ParivarSathi_v1.5.4_PWA_BatteryAnalytics_v3_4_2/host/storage/nvs_runtime_probe/build/gs_nvs_runtime_probe.elf offline /tmp/gs-72h-nvs-zd21883z/fixture.txt
FIXTURE_SHA256=780ffe57acb76e6f9ec150fed494080d0697be15f05ee5bdd6f99190c1e3459d
NVS_RUNTIME phase=offline_loaded iteration=69 allocated_pages=34 free_erased_pages=30 live_entries=4227 erased_entries=0 stats_used=4227 stats_free=3837 write_bytes=138600 erase_ops=0 min_sector_erases=0 max_sector_erases=0
NVS_RUNTIME phase=offline_recovered iteration=32 allocated_pages=63 free_erased_pages=1 live_entries=3885 erased_entries=3870 stats_used=3885 stats_free=4179 write_bytes=482772 erase_ops=55 min_sector_erases=0 max_sector_erases=2
OFFLINE_PASS pages=64 peak_pages=63 peak_live_entries=4227 history=7 cow=4 arrivals=1152
EMULATOR_IMAGE=/tmp/idf-partition-zDGgZe
EXIT=0
CASE={"scenario": "NORMAL", "profile": "node_loss", "worst": true, "history_segments": 24, "cow_segments": 8, "protected_peak_bytes": 237568}
COMMAND=GS_DIAG_PAGES=32 /home/udaybhan/projects/Ghar_sajag_r1_storage/code/ParivarSathi_v1.5.4_PWA_BatteryAnalytics_v3_4_2/host/storage/nvs_runtime_probe/build/gs_nvs_runtime_probe.elf offline /tmp/gs-72h-nvs-zd21883z/fixture.txt
FIXTURE_SHA256=733da622eeaec3b0f45af5f1c3e709ba17d5c89d075d1f4215a638bde0454d42
OFFLINE_STOP phase=load object=34 bytes=4096 error=ESP_ERR_NVS_NOT_ENOUGH_SPACE
NVS_RUNTIME phase=offline_stop iteration=34 allocated_pages=31 free_erased_pages=1 live_entries=3889 erased_entries=0 stats_used=3889 stats_free=143 write_bytes=139584 erase_ops=3 min_sector_erases=0 max_sector_erases=2
EMULATOR_IMAGE=/tmp/idf-partition-ZxRSDW
EXIT=2
CASE={"scenario": "NORMAL", "profile": "node_loss", "worst": true, "history_segments": 24, "cow_segments": 8, "protected_peak_bytes": 237568}
COMMAND=GS_DIAG_PAGES=48 /home/udaybhan/projects/Ghar_sajag_r1_storage/code/ParivarSathi_v1.5.4_PWA_BatteryAnalytics_v3_4_2/host/storage/nvs_runtime_probe/build/gs_nvs_runtime_probe.elf offline /tmp/gs-72h-nvs-zd21883z/fixture.txt
FIXTURE_SHA256=733da622eeaec3b0f45af5f1c3e709ba17d5c89d075d1f4215a638bde0454d42
OFFLINE_STOP phase=load object=49 bytes=4096 error=ESP_ERR_NVS_NOT_ENOUGH_SPACE
NVS_RUNTIME phase=offline_stop iteration=49 allocated_pages=47 free_erased_pages=1 live_entries=5853 erased_entries=69 stats_used=5853 stats_free=195 write_bytes=206040 erase_ops=3 min_sector_erases=0 max_sector_erases=1
EMULATOR_IMAGE=/tmp/idf-partition-KNVGcy
EXIT=2
CASE={"scenario": "NORMAL", "profile": "node_loss", "worst": true, "history_segments": 24, "cow_segments": 8, "protected_peak_bytes": 237568}
COMMAND=GS_DIAG_PAGES=64 /home/udaybhan/projects/Ghar_sajag_r1_storage/code/ParivarSathi_v1.5.4_PWA_BatteryAnalytics_v3_4_2/host/storage/nvs_runtime_probe/build/gs_nvs_runtime_probe.elf offline /tmp/gs-72h-nvs-zd21883z/fixture.txt
FIXTURE_SHA256=733da622eeaec3b0f45af5f1c3e709ba17d5c89d075d1f4215a638bde0454d42
NVS_RUNTIME phase=offline_loaded iteration=90 allocated_pages=57 free_erased_pages=7 live_entries=7043 erased_entries=0 stats_used=7043 stats_free=1021 write_bytes=230580 erase_ops=0 min_sector_erases=0 max_sector_erases=0
NVS_RUNTIME phase=offline_recovered iteration=32 allocated_pages=63 free_erased_pages=1 live_entries=6700 erased_entries=1110 stats_used=6700 stats_free=1364 write_bytes=574712 erase_ops=77 min_sector_erases=0 max_sector_erases=9
OFFLINE_PASS pages=64 peak_pages=63 peak_live_entries=7043 history=24 cow=8 arrivals=1152
EMULATOR_IMAGE=/tmp/idf-partition-vljhXu
EXIT=0
CASE={"scenario": "NORMAL", "profile": "simultaneous", "worst": false, "history_segments": 3, "cow_segments": 4, "protected_peak_bytes": 131072}
COMMAND=GS_DIAG_PAGES=32 /home/udaybhan/projects/Ghar_sajag_r1_storage/code/ParivarSathi_v1.5.4_PWA_BatteryAnalytics_v3_4_2/host/storage/nvs_runtime_probe/build/gs_nvs_runtime_probe.elf offline /tmp/gs-72h-nvs-zd21883z/fixture.txt
FIXTURE_SHA256=197794c125434e3df7034a52aa8711ee94c78644212911d8d84fc654f682ca6e
NVS_RUNTIME phase=offline_loaded iteration=65 allocated_pages=30 free_erased_pages=2 live_entries=3705 erased_entries=0 stats_used=3705 stats_free=327 write_bytes=121568 erase_ops=0 min_sector_erases=0 max_sector_erases=0
NVS_RUNTIME phase=offline_recovered iteration=32 allocated_pages=31 free_erased_pages=1 live_entries=3361 erased_entries=472 stats_used=3361 stats_free=671 write_bytes=522536 erase_ops=94 min_sector_erases=0 max_sector_erases=24
OFFLINE_PASS pages=32 peak_pages=32 peak_live_entries=3717 history=3 cow=4 arrivals=1152
EMULATOR_IMAGE=/tmp/idf-partition-Lrcwf6
EXIT=0
CASE={"scenario": "NORMAL", "profile": "simultaneous", "worst": false, "history_segments": 3, "cow_segments": 4, "protected_peak_bytes": 131072}
COMMAND=GS_DIAG_PAGES=48 /home/udaybhan/projects/Ghar_sajag_r1_storage/code/ParivarSathi_v1.5.4_PWA_BatteryAnalytics_v3_4_2/host/storage/nvs_runtime_probe/build/gs_nvs_runtime_probe.elf offline /tmp/gs-72h-nvs-zd21883z/fixture.txt
FIXTURE_SHA256=197794c125434e3df7034a52aa8711ee94c78644212911d8d84fc654f682ca6e
NVS_RUNTIME phase=offline_loaded iteration=65 allocated_pages=30 free_erased_pages=18 live_entries=3705 erased_entries=0 stats_used=3705 stats_free=2343 write_bytes=121568 erase_ops=0 min_sector_erases=0 max_sector_erases=0
NVS_RUNTIME phase=offline_recovered iteration=32 allocated_pages=47 free_erased_pages=1 live_entries=3361 erased_entries=2497 stats_used=3361 stats_free=2687 write_bytes=465620 erase_ops=66 min_sector_erases=0 max_sector_erases=4
OFFLINE_PASS pages=48 peak_pages=47 peak_live_entries=3705 history=3 cow=4 arrivals=1152
EMULATOR_IMAGE=/tmp/idf-partition-CSf1jA
EXIT=0
CASE={"scenario": "NORMAL", "profile": "simultaneous", "worst": false, "history_segments": 3, "cow_segments": 4, "protected_peak_bytes": 131072}
COMMAND=GS_DIAG_PAGES=64 /home/udaybhan/projects/Ghar_sajag_r1_storage/code/ParivarSathi_v1.5.4_PWA_BatteryAnalytics_v3_4_2/host/storage/nvs_runtime_probe/build/gs_nvs_runtime_probe.elf offline /tmp/gs-72h-nvs-zd21883z/fixture.txt
FIXTURE_SHA256=197794c125434e3df7034a52aa8711ee94c78644212911d8d84fc654f682ca6e
NVS_RUNTIME phase=offline_loaded iteration=65 allocated_pages=30 free_erased_pages=34 live_entries=3705 erased_entries=0 stats_used=3705 stats_free=4359 write_bytes=121568 erase_ops=0 min_sector_erases=0 max_sector_erases=0
NVS_RUNTIME phase=offline_recovered iteration=32 allocated_pages=63 free_erased_pages=1 live_entries=3361 erased_entries=4491 stats_used=3361 stats_free=4703 write_bytes=465556 erase_ops=50 min_sector_erases=0 max_sector_erases=2
OFFLINE_PASS pages=64 peak_pages=63 peak_live_entries=3705 history=3 cow=4 arrivals=1152
EMULATOR_IMAGE=/tmp/idf-partition-eCtc3U
EXIT=0
CASE={"scenario": "NORMAL", "profile": "simultaneous", "worst": true, "history_segments": 6, "cow_segments": 8, "protected_peak_bytes": 163840}
COMMAND=GS_DIAG_PAGES=32 /home/udaybhan/projects/Ghar_sajag_r1_storage/code/ParivarSathi_v1.5.4_PWA_BatteryAnalytics_v3_4_2/host/storage/nvs_runtime_probe/build/gs_nvs_runtime_probe.elf offline /tmp/gs-72h-nvs-zd21883z/fixture.txt
FIXTURE_SHA256=33d1ff1991b08bf6edea70f72b0a0151e1cf9aba109457ab460e3d785132808b
OFFLINE_STOP phase=load object=34 bytes=4096 error=ESP_ERR_NVS_NOT_ENOUGH_SPACE
NVS_RUNTIME phase=offline_stop iteration=34 allocated_pages=31 free_erased_pages=1 live_entries=3889 erased_entries=0 stats_used=3889 stats_free=143 write_bytes=139584 erase_ops=3 min_sector_erases=0 max_sector_erases=2
EMULATOR_IMAGE=/tmp/idf-partition-TzLoxa
EXIT=2
CASE={"scenario": "NORMAL", "profile": "simultaneous", "worst": true, "history_segments": 6, "cow_segments": 8, "protected_peak_bytes": 163840}
COMMAND=GS_DIAG_PAGES=48 /home/udaybhan/projects/Ghar_sajag_r1_storage/code/ParivarSathi_v1.5.4_PWA_BatteryAnalytics_v3_4_2/host/storage/nvs_runtime_probe/build/gs_nvs_runtime_probe.elf offline /tmp/gs-72h-nvs-zd21883z/fixture.txt
FIXTURE_SHA256=33d1ff1991b08bf6edea70f72b0a0151e1cf9aba109457ab460e3d785132808b
NVS_RUNTIME phase=offline_loaded iteration=72 allocated_pages=38 free_erased_pages=10 live_entries=4685 erased_entries=0 stats_used=4685 stats_free=1363 write_bytes=153560 erase_ops=0 min_sector_erases=0 max_sector_erases=0
NVS_RUNTIME phase=offline_recovered iteration=32 allocated_pages=47 free_erased_pages=1 live_entries=4342 erased_entries=1497 stats_used=4342 stats_free=1706 write_bytes=497696 erase_ops=74 min_sector_erases=0 max_sector_erases=7
OFFLINE_PASS pages=48 peak_pages=47 peak_live_entries=4685 history=6 cow=8 arrivals=1152
EMULATOR_IMAGE=/tmp/idf-partition-rGAyOg
EXIT=0
CASE={"scenario": "NORMAL", "profile": "simultaneous", "worst": true, "history_segments": 6, "cow_segments": 8, "protected_peak_bytes": 163840}
COMMAND=GS_DIAG_PAGES=64 /home/udaybhan/projects/Ghar_sajag_r1_storage/code/ParivarSathi_v1.5.4_PWA_BatteryAnalytics_v3_4_2/host/storage/nvs_runtime_probe/build/gs_nvs_runtime_probe.elf offline /tmp/gs-72h-nvs-zd21883z/fixture.txt
FIXTURE_SHA256=33d1ff1991b08bf6edea70f72b0a0151e1cf9aba109457ab460e3d785132808b
NVS_RUNTIME phase=offline_loaded iteration=72 allocated_pages=38 free_erased_pages=26 live_entries=4685 erased_entries=0 stats_used=4685 stats_free=3379 write_bytes=153560 erase_ops=0 min_sector_erases=0 max_sector_erases=0
NVS_RUNTIME phase=offline_recovered iteration=32 allocated_pages=63 free_erased_pages=1 live_entries=4342 erased_entries=3502 stats_used=4342 stats_free=3722 write_bytes=497632 erase_ops=58 min_sector_erases=0 max_sector_erases=3
OFFLINE_PASS pages=64 peak_pages=63 peak_live_entries=4685 history=6 cow=8 arrivals=1152
EMULATOR_IMAGE=/tmp/idf-partition-FjXhpT
EXIT=0
CASE={"scenario": "HIGH", "profile": "ordinary", "worst": false, "history_segments": 16, "cow_segments": 4, "protected_peak_bytes": 184320}
COMMAND=GS_DIAG_PAGES=32 /home/udaybhan/projects/Ghar_sajag_r1_storage/code/ParivarSathi_v1.5.4_PWA_BatteryAnalytics_v3_4_2/host/storage/nvs_runtime_probe/build/gs_nvs_runtime_probe.elf offline /tmp/gs-72h-nvs-zd21883z/fixture.txt
FIXTURE_SHA256=595e279bc1f0d38d9746a2e1ecb7975e7f9bcbd135ad572474005fe8590c0ec0
OFFLINE_STOP phase=load object=34 bytes=4096 error=ESP_ERR_NVS_NOT_ENOUGH_SPACE
NVS_RUNTIME phase=offline_stop iteration=34 allocated_pages=31 free_erased_pages=1 live_entries=3889 erased_entries=0 stats_used=3889 stats_free=143 write_bytes=139584 erase_ops=3 min_sector_erases=0 max_sector_erases=2
EMULATOR_IMAGE=/tmp/idf-partition-gJ5b9O
EXIT=2
CASE={"scenario": "HIGH", "profile": "ordinary", "worst": false, "history_segments": 16, "cow_segments": 4, "protected_peak_bytes": 184320}
COMMAND=GS_DIAG_PAGES=48 /home/udaybhan/projects/Ghar_sajag_r1_storage/code/ParivarSathi_v1.5.4_PWA_BatteryAnalytics_v3_4_2/host/storage/nvs_runtime_probe/build/gs_nvs_runtime_probe.elf offline /tmp/gs-72h-nvs-zd21883z/fixture.txt
FIXTURE_SHA256=595e279bc1f0d38d9746a2e1ecb7975e7f9bcbd135ad572474005fe8590c0ec0
NVS_RUNTIME phase=offline_loaded iteration=78 allocated_pages=44 free_erased_pages=4 live_entries=5408 erased_entries=0 stats_used=5408 stats_free=640 write_bytes=177204 erase_ops=0 min_sector_erases=0 max_sector_erases=0
NVS_RUNTIME phase=offline_recovered iteration=32 allocated_pages=47 free_erased_pages=1 live_entries=5064 erased_entries=740 stats_used=5064 stats_free=984 write_bytes=521348 erase_ops=80 min_sector_erases=0 max_sector_erases=14
OFFLINE_PASS pages=48 peak_pages=47 peak_live_entries=5408 history=16 cow=4 arrivals=5328
EMULATOR_IMAGE=/tmp/idf-partition-JhKDLe
EXIT=0
CASE={"scenario": "HIGH", "profile": "ordinary", "worst": false, "history_segments": 16, "cow_segments": 4, "protected_peak_bytes": 184320}
COMMAND=GS_DIAG_PAGES=64 /home/udaybhan/projects/Ghar_sajag_r1_storage/code/ParivarSathi_v1.5.4_PWA_BatteryAnalytics_v3_4_2/host/storage/nvs_runtime_probe/build/gs_nvs_runtime_probe.elf offline /tmp/gs-72h-nvs-zd21883z/fixture.txt
FIXTURE_SHA256=595e279bc1f0d38d9746a2e1ecb7975e7f9bcbd135ad572474005fe8590c0ec0
NVS_RUNTIME phase=offline_loaded iteration=78 allocated_pages=44 free_erased_pages=20 live_entries=5408 erased_entries=0 stats_used=5408 stats_free=2656 write_bytes=177204 erase_ops=0 min_sector_erases=0 max_sector_erases=0
NVS_RUNTIME phase=offline_recovered iteration=32 allocated_pages=63 free_erased_pages=1 live_entries=5064 erased_entries=2745 stats_used=5064 stats_free=3000 write_bytes=521284 erase_ops=64 min_sector_erases=0 max_sector_erases=3
OFFLINE_PASS pages=64 peak_pages=63 peak_live_entries=5408 history=16 cow=4 arrivals=5328
EMULATOR_IMAGE=/tmp/idf-partition-ZQnbyW
EXIT=0
CASE={"scenario": "HIGH", "profile": "ordinary", "worst": true, "history_segments": 26, "cow_segments": 8, "protected_peak_bytes": 245760}
COMMAND=GS_DIAG_PAGES=32 /home/udaybhan/projects/Ghar_sajag_r1_storage/code/ParivarSathi_v1.5.4_PWA_BatteryAnalytics_v3_4_2/host/storage/nvs_runtime_probe/build/gs_nvs_runtime_probe.elf offline /tmp/gs-72h-nvs-zd21883z/fixture.txt
FIXTURE_SHA256=2380ddfdc176722f611067858e0b3cd6ee344d292cce4ea99f170c2ba3512e62
OFFLINE_STOP phase=load object=34 bytes=4096 error=ESP_ERR_NVS_NOT_ENOUGH_SPACE
NVS_RUNTIME phase=offline_stop iteration=34 allocated_pages=31 free_erased_pages=1 live_entries=3889 erased_entries=0 stats_used=3889 stats_free=143 write_bytes=139584 erase_ops=3 min_sector_erases=0 max_sector_erases=2
EMULATOR_IMAGE=/tmp/idf-partition-nu6tsz
EXIT=2
CASE={"scenario": "HIGH", "profile": "ordinary", "worst": true, "history_segments": 26, "cow_segments": 8, "protected_peak_bytes": 245760}
COMMAND=GS_DIAG_PAGES=48 /home/udaybhan/projects/Ghar_sajag_r1_storage/code/ParivarSathi_v1.5.4_PWA_BatteryAnalytics_v3_4_2/host/storage/nvs_runtime_probe/build/gs_nvs_runtime_probe.elf offline /tmp/gs-72h-nvs-zd21883z/fixture.txt
FIXTURE_SHA256=2380ddfdc176722f611067858e0b3cd6ee344d292cce4ea99f170c2ba3512e62
OFFLINE_STOP phase=load object=49 bytes=4096 error=ESP_ERR_NVS_NOT_ENOUGH_SPACE
NVS_RUNTIME phase=offline_stop iteration=49 allocated_pages=47 free_erased_pages=1 live_entries=5853 erased_entries=69 stats_used=5853 stats_free=195 write_bytes=206040 erase_ops=3 min_sector_erases=0 max_sector_erases=1
EMULATOR_IMAGE=/tmp/idf-partition-8mdJrn
EXIT=2
CASE={"scenario": "HIGH", "profile": "ordinary", "worst": true, "history_segments": 26, "cow_segments": 8, "protected_peak_bytes": 245760}
COMMAND=GS_DIAG_PAGES=64 /home/udaybhan/projects/Ghar_sajag_r1_storage/code/ParivarSathi_v1.5.4_PWA_BatteryAnalytics_v3_4_2/host/storage/nvs_runtime_probe/build/gs_nvs_runtime_probe.elf offline /tmp/gs-72h-nvs-zd21883z/fixture.txt
FIXTURE_SHA256=2380ddfdc176722f611067858e0b3cd6ee344d292cce4ea99f170c2ba3512e62
NVS_RUNTIME phase=offline_loaded iteration=92 allocated_pages=59 free_erased_pages=5 live_entries=7304 erased_entries=0 stats_used=7304 stats_free=760 write_bytes=239092 erase_ops=0 min_sector_erases=0 max_sector_erases=0
NVS_RUNTIME phase=offline_recovered iteration=32 allocated_pages=63 free_erased_pages=1 live_entries=6962 erased_entries=860 stats_used=6962 stats_free=1102 write_bytes=583184 erase_ops=79 min_sector_erases=0 max_sector_erases=14
OFFLINE_PASS pages=64 peak_pages=63 peak_live_entries=7304 history=26 cow=8 arrivals=5328
EMULATOR_IMAGE=/tmp/idf-partition-IBNy3A
EXIT=0
CASE={"scenario": "HIGH", "profile": "mixed", "worst": false, "history_segments": 20, "cow_segments": 4, "protected_peak_bytes": 204800}
COMMAND=GS_DIAG_PAGES=32 /home/udaybhan/projects/Ghar_sajag_r1_storage/code/ParivarSathi_v1.5.4_PWA_BatteryAnalytics_v3_4_2/host/storage/nvs_runtime_probe/build/gs_nvs_runtime_probe.elf offline /tmp/gs-72h-nvs-zd21883z/fixture.txt
FIXTURE_SHA256=23052804feefb20193d851e311d3055b3a7307ec2f7a49fabec1c7c7ed563ac3
OFFLINE_STOP phase=load object=34 bytes=4096 error=ESP_ERR_NVS_NOT_ENOUGH_SPACE
NVS_RUNTIME phase=offline_stop iteration=34 allocated_pages=31 free_erased_pages=1 live_entries=3889 erased_entries=0 stats_used=3889 stats_free=143 write_bytes=139584 erase_ops=3 min_sector_erases=0 max_sector_erases=2
EMULATOR_IMAGE=/tmp/idf-partition-rmXA3G
EXIT=2
CASE={"scenario": "HIGH", "profile": "mixed", "worst": false, "history_segments": 20, "cow_segments": 4, "protected_peak_bytes": 204800}
COMMAND=GS_DIAG_PAGES=48 /home/udaybhan/projects/Ghar_sajag_r1_storage/code/ParivarSathi_v1.5.4_PWA_BatteryAnalytics_v3_4_2/host/storage/nvs_runtime_probe/build/gs_nvs_runtime_probe.elf offline /tmp/gs-72h-nvs-zd21883z/fixture.txt
FIXTURE_SHA256=23052804feefb20193d851e311d3055b3a7307ec2f7a49fabec1c7c7ed563ac3
OFFLINE_STOP phase=load object=79 bytes=36 error=ESP_ERR_NVS_NOT_ENOUGH_SPACE
NVS_RUNTIME phase=offline_stop iteration=79 allocated_pages=47 free_erased_pages=1 live_entries=5920 erased_entries=0 stats_used=5920 stats_free=128 write_bytes=210920 erase_ops=4 min_sector_erases=0 max_sector_erases=1
EMULATOR_IMAGE=/tmp/idf-partition-Mw6kd5
EXIT=2
CASE={"scenario": "HIGH", "profile": "mixed", "worst": false, "history_segments": 20, "cow_segments": 4, "protected_peak_bytes": 204800}
COMMAND=GS_DIAG_PAGES=64 /home/udaybhan/projects/Ghar_sajag_r1_storage/code/ParivarSathi_v1.5.4_PWA_BatteryAnalytics_v3_4_2/host/storage/nvs_runtime_probe/build/gs_nvs_runtime_probe.elf offline /tmp/gs-72h-nvs-zd21883z/fixture.txt
FIXTURE_SHA256=23052804feefb20193d851e311d3055b3a7307ec2f7a49fabec1c7c7ed563ac3
NVS_RUNTIME phase=offline_loaded iteration=82 allocated_pages=48 free_erased_pages=16 live_entries=5932 erased_entries=0 stats_used=5932 stats_free=2132 write_bytes=194308 erase_ops=0 min_sector_erases=0 max_sector_erases=0
NVS_RUNTIME phase=offline_recovered iteration=32 allocated_pages=63 free_erased_pages=1 live_entries=5588 erased_entries=2241 stats_used=5588 stats_free=2476 write_bytes=538372 erase_ops=68 min_sector_erases=0 max_sector_erases=4
OFFLINE_PASS pages=64 peak_pages=63 peak_live_entries=5932 history=20 cow=4 arrivals=5328
EMULATOR_IMAGE=/tmp/idf-partition-8zDhk7
EXIT=0
CASE={"scenario": "HIGH", "profile": "mixed", "worst": true, "history_segments": 92, "cow_segments": 8, "protected_peak_bytes": 528384}
COMMAND=GS_DIAG_PAGES=32 /home/udaybhan/projects/Ghar_sajag_r1_storage/code/ParivarSathi_v1.5.4_PWA_BatteryAnalytics_v3_4_2/host/storage/nvs_runtime_probe/build/gs_nvs_runtime_probe.elf offline /tmp/gs-72h-nvs-zd21883z/fixture.txt
FIXTURE_SHA256=dc5bff0eff2fb942174662f8c07a805091a705e5bbd21c81bf575042131f3917
OFFLINE_STOP phase=load object=34 bytes=4096 error=ESP_ERR_NVS_NOT_ENOUGH_SPACE
NVS_RUNTIME phase=offline_stop iteration=34 allocated_pages=31 free_erased_pages=1 live_entries=3889 erased_entries=0 stats_used=3889 stats_free=143 write_bytes=139584 erase_ops=3 min_sector_erases=0 max_sector_erases=2
EMULATOR_IMAGE=/tmp/idf-partition-5OeI8A
EXIT=2
CASE={"scenario": "HIGH", "profile": "mixed", "worst": true, "history_segments": 92, "cow_segments": 8, "protected_peak_bytes": 528384}
COMMAND=GS_DIAG_PAGES=48 /home/udaybhan/projects/Ghar_sajag_r1_storage/code/ParivarSathi_v1.5.4_PWA_BatteryAnalytics_v3_4_2/host/storage/nvs_runtime_probe/build/gs_nvs_runtime_probe.elf offline /tmp/gs-72h-nvs-zd21883z/fixture.txt
FIXTURE_SHA256=dc5bff0eff2fb942174662f8c07a805091a705e5bbd21c81bf575042131f3917
OFFLINE_STOP phase=load object=49 bytes=4096 error=ESP_ERR_NVS_NOT_ENOUGH_SPACE
NVS_RUNTIME phase=offline_stop iteration=49 allocated_pages=47 free_erased_pages=1 live_entries=5853 erased_entries=69 stats_used=5853 stats_free=195 write_bytes=206040 erase_ops=3 min_sector_erases=0 max_sector_erases=1
EMULATOR_IMAGE=/tmp/idf-partition-XMLByG
EXIT=2
CASE={"scenario": "HIGH", "profile": "mixed", "worst": true, "history_segments": 92, "cow_segments": 8, "protected_peak_bytes": 528384}
COMMAND=GS_DIAG_PAGES=64 /home/udaybhan/projects/Ghar_sajag_r1_storage/code/ParivarSathi_v1.5.4_PWA_BatteryAnalytics_v3_4_2/host/storage/nvs_runtime_probe/build/gs_nvs_runtime_probe.elf offline /tmp/gs-72h-nvs-zd21883z/fixture.txt
FIXTURE_SHA256=dc5bff0eff2fb942174662f8c07a805091a705e5bbd21c81bf575042131f3917
OFFLINE_STOP phase=load object=64 bytes=4096 error=ESP_ERR_NVS_NOT_ENOUGH_SPACE
NVS_RUNTIME phase=offline_stop iteration=64 allocated_pages=63 free_erased_pages=1 live_entries=7818 erased_entries=120 stats_used=7818 stats_free=246 write_bytes=276068 erase_ops=4 min_sector_erases=0 max_sector_erases=1
EMULATOR_IMAGE=/tmp/idf-partition-vIfczG
EXIT=2
CASE={"scenario": "HIGH", "profile": "simultaneous", "worst": false, "history_segments": 13, "cow_segments": 4, "protected_peak_bytes": 172032}
COMMAND=GS_DIAG_PAGES=32 /home/udaybhan/projects/Ghar_sajag_r1_storage/code/ParivarSathi_v1.5.4_PWA_BatteryAnalytics_v3_4_2/host/storage/nvs_runtime_probe/build/gs_nvs_runtime_probe.elf offline /tmp/gs-72h-nvs-zd21883z/fixture.txt
FIXTURE_SHA256=682b0fb56cb5d6197af3a7bfec520664ba2f06b55a9cfcb8d830296bcb2d9c7e
OFFLINE_STOP phase=load object=34 bytes=4096 error=ESP_ERR_NVS_NOT_ENOUGH_SPACE
NVS_RUNTIME phase=offline_stop iteration=34 allocated_pages=31 free_erased_pages=1 live_entries=3889 erased_entries=0 stats_used=3889 stats_free=143 write_bytes=139584 erase_ops=3 min_sector_erases=0 max_sector_erases=2
EMULATOR_IMAGE=/tmp/idf-partition-bTMkVD
EXIT=2
CASE={"scenario": "HIGH", "profile": "simultaneous", "worst": false, "history_segments": 13, "cow_segments": 4, "protected_peak_bytes": 172032}
COMMAND=GS_DIAG_PAGES=48 /home/udaybhan/projects/Ghar_sajag_r1_storage/code/ParivarSathi_v1.5.4_PWA_BatteryAnalytics_v3_4_2/host/storage/nvs_runtime_probe/build/gs_nvs_runtime_probe.elf offline /tmp/gs-72h-nvs-zd21883z/fixture.txt
FIXTURE_SHA256=682b0fb56cb5d6197af3a7bfec520664ba2f06b55a9cfcb8d830296bcb2d9c7e
NVS_RUNTIME phase=offline_loaded iteration=75 allocated_pages=41 free_erased_pages=7 live_entries=5014 erased_entries=0 stats_used=5014 stats_free=1034 write_bytes=164328 erase_ops=0 min_sector_erases=0 max_sector_erases=0
NVS_RUNTIME phase=offline_recovered iteration=32 allocated_pages=47 free_erased_pages=1 live_entries=4671 erased_entries=1134 stats_used=4671 stats_free=1377 write_bytes=508460 erase_ops=77 min_sector_erases=0 max_sector_erases=9
OFFLINE_PASS pages=48 peak_pages=47 peak_live_entries=5014 history=13 cow=4 arrivals=5328
EMULATOR_IMAGE=/tmp/idf-partition-uH21TE
EXIT=0
CASE={"scenario": "HIGH", "profile": "simultaneous", "worst": false, "history_segments": 13, "cow_segments": 4, "protected_peak_bytes": 172032}
COMMAND=GS_DIAG_PAGES=64 /home/udaybhan/projects/Ghar_sajag_r1_storage/code/ParivarSathi_v1.5.4_PWA_BatteryAnalytics_v3_4_2/host/storage/nvs_runtime_probe/build/gs_nvs_runtime_probe.elf offline /tmp/gs-72h-nvs-zd21883z/fixture.txt
FIXTURE_SHA256=682b0fb56cb5d6197af3a7bfec520664ba2f06b55a9cfcb8d830296bcb2d9c7e
NVS_RUNTIME phase=offline_loaded iteration=75 allocated_pages=41 free_erased_pages=23 live_entries=5014 erased_entries=0 stats_used=5014 stats_free=3050 write_bytes=164328 erase_ops=0 min_sector_erases=0 max_sector_erases=0
NVS_RUNTIME phase=offline_recovered iteration=32 allocated_pages=63 free_erased_pages=1 live_entries=4671 erased_entries=3139 stats_used=4671 stats_free=3393 write_bytes=508396 erase_ops=61 min_sector_erases=0 max_sector_erases=3
OFFLINE_PASS pages=64 peak_pages=63 peak_live_entries=5014 history=13 cow=4 arrivals=5328
EMULATOR_IMAGE=/tmp/idf-partition-16Qr8B
EXIT=0
CASE={"scenario": "HIGH", "profile": "simultaneous", "worst": true, "history_segments": 22, "cow_segments": 8, "protected_peak_bytes": 229376}
COMMAND=GS_DIAG_PAGES=32 /home/udaybhan/projects/Ghar_sajag_r1_storage/code/ParivarSathi_v1.5.4_PWA_BatteryAnalytics_v3_4_2/host/storage/nvs_runtime_probe/build/gs_nvs_runtime_probe.elf offline /tmp/gs-72h-nvs-zd21883z/fixture.txt
FIXTURE_SHA256=743fcb8e372a195c20c39e10cb80d15c5d3a28670f52c662a923d54cde038466
OFFLINE_STOP phase=load object=34 bytes=4096 error=ESP_ERR_NVS_NOT_ENOUGH_SPACE
NVS_RUNTIME phase=offline_stop iteration=34 allocated_pages=31 free_erased_pages=1 live_entries=3889 erased_entries=0 stats_used=3889 stats_free=143 write_bytes=139584 erase_ops=3 min_sector_erases=0 max_sector_erases=2
EMULATOR_IMAGE=/tmp/idf-partition-6K5sVs
EXIT=2
CASE={"scenario": "HIGH", "profile": "simultaneous", "worst": true, "history_segments": 22, "cow_segments": 8, "protected_peak_bytes": 229376}
COMMAND=GS_DIAG_PAGES=48 /home/udaybhan/projects/Ghar_sajag_r1_storage/code/ParivarSathi_v1.5.4_PWA_BatteryAnalytics_v3_4_2/host/storage/nvs_runtime_probe/build/gs_nvs_runtime_probe.elf offline /tmp/gs-72h-nvs-zd21883z/fixture.txt
FIXTURE_SHA256=743fcb8e372a195c20c39e10cb80d15c5d3a28670f52c662a923d54cde038466
OFFLINE_STOP phase=load object=49 bytes=4096 error=ESP_ERR_NVS_NOT_ENOUGH_SPACE
NVS_RUNTIME phase=offline_stop iteration=49 allocated_pages=47 free_erased_pages=1 live_entries=5853 erased_entries=69 stats_used=5853 stats_free=195 write_bytes=206040 erase_ops=3 min_sector_erases=0 max_sector_erases=1
EMULATOR_IMAGE=/tmp/idf-partition-gN6qyh
EXIT=2
CASE={"scenario": "HIGH", "profile": "simultaneous", "worst": true, "history_segments": 22, "cow_segments": 8, "protected_peak_bytes": 229376}
COMMAND=GS_DIAG_PAGES=64 /home/udaybhan/projects/Ghar_sajag_r1_storage/code/ParivarSathi_v1.5.4_PWA_BatteryAnalytics_v3_4_2/host/storage/nvs_runtime_probe/build/gs_nvs_runtime_probe.elf offline /tmp/gs-72h-nvs-zd21883z/fixture.txt
FIXTURE_SHA256=743fcb8e372a195c20c39e10cb80d15c5d3a28670f52c662a923d54cde038466
NVS_RUNTIME phase=offline_loaded iteration=88 allocated_pages=55 free_erased_pages=9 live_entries=6782 erased_entries=0 stats_used=6782 stats_free=1282 write_bytes=222060 erase_ops=0 min_sector_erases=0 max_sector_erases=0
NVS_RUNTIME phase=offline_recovered iteration=32 allocated_pages=63 free_erased_pages=1 live_entries=6438 erased_entries=1361 stats_used=6438 stats_free=1626 write_bytes=566196 erase_ops=75 min_sector_erases=0 max_sector_erases=7
OFFLINE_PASS pages=64 peak_pages=63 peak_live_entries=6782 history=22 cow=8 arrivals=5328
EMULATOR_IMAGE=/tmp/idf-partition-ykZRD9
EXIT=0
CASE={"scenario": "STRESS", "profile": "ordinary", "worst": false, "history_segments": 151, "cow_segments": 4, "protected_peak_bytes": 761856}
COMMAND=GS_DIAG_PAGES=32 /home/udaybhan/projects/Ghar_sajag_r1_storage/code/ParivarSathi_v1.5.4_PWA_BatteryAnalytics_v3_4_2/host/storage/nvs_runtime_probe/build/gs_nvs_runtime_probe.elf offline /tmp/gs-72h-nvs-zd21883z/fixture.txt
FIXTURE_SHA256=761a8333b2807034a59405c06e4684280a70cbf94e73da8ae2a8285a201c318b
OFFLINE_STOP phase=load object=34 bytes=4096 error=ESP_ERR_NVS_NOT_ENOUGH_SPACE
NVS_RUNTIME phase=offline_stop iteration=34 allocated_pages=31 free_erased_pages=1 live_entries=3889 erased_entries=0 stats_used=3889 stats_free=143 write_bytes=139584 erase_ops=3 min_sector_erases=0 max_sector_erases=2
EMULATOR_IMAGE=/tmp/idf-partition-RfU7un
EXIT=2
CASE={"scenario": "STRESS", "profile": "ordinary", "worst": false, "history_segments": 151, "cow_segments": 4, "protected_peak_bytes": 761856}
COMMAND=GS_DIAG_PAGES=48 /home/udaybhan/projects/Ghar_sajag_r1_storage/code/ParivarSathi_v1.5.4_PWA_BatteryAnalytics_v3_4_2/host/storage/nvs_runtime_probe/build/gs_nvs_runtime_probe.elf offline /tmp/gs-72h-nvs-zd21883z/fixture.txt
FIXTURE_SHA256=761a8333b2807034a59405c06e4684280a70cbf94e73da8ae2a8285a201c318b
OFFLINE_STOP phase=load object=49 bytes=4096 error=ESP_ERR_NVS_NOT_ENOUGH_SPACE
NVS_RUNTIME phase=offline_stop iteration=49 allocated_pages=47 free_erased_pages=1 live_entries=5853 erased_entries=69 stats_used=5853 stats_free=195 write_bytes=206040 erase_ops=3 min_sector_erases=0 max_sector_erases=1
EMULATOR_IMAGE=/tmp/idf-partition-RvseZo
EXIT=2
CASE={"scenario": "STRESS", "profile": "ordinary", "worst": false, "history_segments": 151, "cow_segments": 4, "protected_peak_bytes": 761856}
COMMAND=GS_DIAG_PAGES=64 /home/udaybhan/projects/Ghar_sajag_r1_storage/code/ParivarSathi_v1.5.4_PWA_BatteryAnalytics_v3_4_2/host/storage/nvs_runtime_probe/build/gs_nvs_runtime_probe.elf offline /tmp/gs-72h-nvs-zd21883z/fixture.txt
FIXTURE_SHA256=761a8333b2807034a59405c06e4684280a70cbf94e73da8ae2a8285a201c318b
OFFLINE_STOP phase=load object=64 bytes=4096 error=ESP_ERR_NVS_NOT_ENOUGH_SPACE
NVS_RUNTIME phase=offline_stop iteration=64 allocated_pages=63 free_erased_pages=1 live_entries=7818 erased_entries=120 stats_used=7818 stats_free=246 write_bytes=276068 erase_ops=4 min_sector_erases=0 max_sector_erases=1
EMULATOR_IMAGE=/tmp/idf-partition-EfeZSF
EXIT=2
CASE={"scenario": "STRESS", "profile": "ordinary", "worst": true, "history_segments": 253, "cow_segments": 8, "protected_peak_bytes": 1212416}
COMMAND=GS_DIAG_PAGES=32 /home/udaybhan/projects/Ghar_sajag_r1_storage/code/ParivarSathi_v1.5.4_PWA_BatteryAnalytics_v3_4_2/host/storage/nvs_runtime_probe/build/gs_nvs_runtime_probe.elf offline /tmp/gs-72h-nvs-zd21883z/fixture.txt
FIXTURE_SHA256=23c73a21ad2b4a65fec28c7fdddb88e7e61bd7a8f305c22a78451c489c2bed2a
OFFLINE_STOP phase=load object=34 bytes=4096 error=ESP_ERR_NVS_NOT_ENOUGH_SPACE
NVS_RUNTIME phase=offline_stop iteration=34 allocated_pages=31 free_erased_pages=1 live_entries=3889 erased_entries=0 stats_used=3889 stats_free=143 write_bytes=139584 erase_ops=3 min_sector_erases=0 max_sector_erases=2
EMULATOR_IMAGE=/tmp/idf-partition-oKT0DC
EXIT=2
CASE={"scenario": "STRESS", "profile": "ordinary", "worst": true, "history_segments": 253, "cow_segments": 8, "protected_peak_bytes": 1212416}
COMMAND=GS_DIAG_PAGES=48 /home/udaybhan/projects/Ghar_sajag_r1_storage/code/ParivarSathi_v1.5.4_PWA_BatteryAnalytics_v3_4_2/host/storage/nvs_runtime_probe/build/gs_nvs_runtime_probe.elf offline /tmp/gs-72h-nvs-zd21883z/fixture.txt
FIXTURE_SHA256=23c73a21ad2b4a65fec28c7fdddb88e7e61bd7a8f305c22a78451c489c2bed2a
OFFLINE_STOP phase=load object=49 bytes=4096 error=ESP_ERR_NVS_NOT_ENOUGH_SPACE
NVS_RUNTIME phase=offline_stop iteration=49 allocated_pages=47 free_erased_pages=1 live_entries=5853 erased_entries=69 stats_used=5853 stats_free=195 write_bytes=206040 erase_ops=3 min_sector_erases=0 max_sector_erases=1
EMULATOR_IMAGE=/tmp/idf-partition-MVTgN5
EXIT=2
CASE={"scenario": "STRESS", "profile": "ordinary", "worst": true, "history_segments": 253, "cow_segments": 8, "protected_peak_bytes": 1212416}
COMMAND=GS_DIAG_PAGES=64 /home/udaybhan/projects/Ghar_sajag_r1_storage/code/ParivarSathi_v1.5.4_PWA_BatteryAnalytics_v3_4_2/host/storage/nvs_runtime_probe/build/gs_nvs_runtime_probe.elf offline /tmp/gs-72h-nvs-zd21883z/fixture.txt
FIXTURE_SHA256=23c73a21ad2b4a65fec28c7fdddb88e7e61bd7a8f305c22a78451c489c2bed2a
OFFLINE_STOP phase=load object=64 bytes=4096 error=ESP_ERR_NVS_NOT_ENOUGH_SPACE
NVS_RUNTIME phase=offline_stop iteration=64 allocated_pages=63 free_erased_pages=1 live_entries=7818 erased_entries=120 stats_used=7818 stats_free=246 write_bytes=276068 erase_ops=4 min_sector_erases=0 max_sector_erases=1
EMULATOR_IMAGE=/tmp/idf-partition-hUs1nw
EXIT=2
RUNNER_RESULT={"runs": 54, "passes": 24, "capacity_stops": 30}
BOUNDARY=SDK NVS EMULATED; dummy bodies/selectors; TARGET HARDWARE UNPROVEN

SOURCE=docs/exec-plans/evidence/R1_STORAGE_72H_NVS_SCHEDULE_20261008.log
SDK_BINARY_SHA256=89174c7086c473a6b48f9996805bb0f64c5f13a70e3fff431e5463049f8e53ba
SDK_SOURCE_COMMIT=76f5dedd9950a3012fee8fb7d5586df21fc67802
CASE={"scenario": "NORMAL", "profile": "ordinary", "worst": true, "history_segments": 10, "cow_segments": 8, "protected_peak_bytes": 180224}
COMMAND=GS_DIAG_PAGES=64 /home/udaybhan/projects/Ghar_sajag_r1_storage/code/ParivarSathi_v1.5.4_PWA_BatteryAnalytics_v3_4_2/host/storage/nvs_runtime_probe/build/gs_nvs_runtime_probe.elf offline /tmp/gs-72h-nvs-m9pt74ye/fixture.txt schedule
FIXTURE_SHA256=b26f220b0827b821093d4e190a415e36602648d71c9caada93af177148e54c8b
NVS_RUNTIME phase=offline_loaded iteration=22 allocated_pages=19 free_erased_pages=45 live_entries=2316 erased_entries=0 stats_used=2316 stats_free=5748 write_bytes=75720 erase_ops=0 min_sector_erases=0 max_sector_erases=0
OFFLINE_SCHEDULE scenario_records=1152 days=3 logical_bytes=743700 programmed_bytes=881028 write_amplification=1.184655 entries_written=25948 page_erases=164 max_sector_erases=5 checkpoints=18 reports=36 history=10 peak_pages=0
OFFLINE_BACKFILL chunks=10 programmed_bytes=1840 page_erases=0
EMULATOR_IMAGE=/tmp/idf-partition-2cEGvS
EXIT=0
CASE={"scenario": "HIGH", "profile": "ordinary", "worst": true, "history_segments": 26, "cow_segments": 8, "protected_peak_bytes": 245760}
COMMAND=GS_DIAG_PAGES=64 /home/udaybhan/projects/Ghar_sajag_r1_storage/code/ParivarSathi_v1.5.4_PWA_BatteryAnalytics_v3_4_2/host/storage/nvs_runtime_probe/build/gs_nvs_runtime_probe.elf offline /tmp/gs-72h-nvs-m9pt74ye/fixture.txt schedule
FIXTURE_SHA256=2380ddfdc176722f611067858e0b3cd6ee344d292cce4ea99f170c2ba3512e62
NVS_RUNTIME phase=offline_loaded iteration=22 allocated_pages=19 free_erased_pages=45 live_entries=2316 erased_entries=0 stats_used=2316 stats_free=5748 write_bytes=75720 erase_ops=0 min_sector_erases=0 max_sector_erases=0
OFFLINE_SCHEDULE scenario_records=5328 days=3 logical_bytes=3136811 programmed_bytes=4068860 write_amplification=1.297133 entries_written=118967 page_erases=908 max_sector_erases=36 checkpoints=50 reports=167 history=26 peak_pages=0
OFFLINE_BACKFILL chunks=26 programmed_bytes=4832 page_erases=1
EMULATOR_IMAGE=/tmp/idf-partition-tIOToa
EXIT=0
CASE={"scenario": "STRESS", "profile": "ordinary", "worst": true, "history_segments": 253, "cow_segments": 8, "protected_peak_bytes": 1212416}
COMMAND=GS_DIAG_PAGES=64 /home/udaybhan/projects/Ghar_sajag_r1_storage/code/ParivarSathi_v1.5.4_PWA_BatteryAnalytics_v3_4_2/host/storage/nvs_runtime_probe/build/gs_nvs_runtime_probe.elf offline /tmp/gs-72h-nvs-m9pt74ye/fixture.txt schedule
FIXTURE_SHA256=23c73a21ad2b4a65fec28c7fdddb88e7e61bd7a8f305c22a78451c489c2bed2a
NVS_RUNTIME phase=offline_loaded iteration=22 allocated_pages=19 free_erased_pages=45 live_entries=2316 erased_entries=0 stats_used=2316 stats_free=5748 write_bytes=75720 erase_ops=0 min_sector_erases=0 max_sector_erases=0
OFFLINE_SCHEDULE_STOP phase=report completed=8960 error=ESP_ERR_NVS_NOT_ENOUGH_SPACE
NVS_RUNTIME phase=offline_schedule_stop iteration=8960 allocated_pages=63 free_erased_pages=1 live_entries=7909 erased_entries=5 stats_used=7909 stats_free=155 write_bytes=7910084 erase_ops=1771 min_sector_erases=0 max_sector_erases=67
EMULATOR_IMAGE=/tmp/idf-partition-S4ts5s
EXIT=4
RUNNER_RESULT={"runs": 3, "passes": 2, "capacity_stops": 1}
BOUNDARY=SDK NVS EMULATED; dummy bodies/selectors; TARGET HARDWARE UNPROVEN

SOURCE=docs/exec-plans/evidence/R1_STORAGE_72H_NVS_FAULT_20261008.log
SDK_BINARY_SHA256=89174c7086c473a6b48f9996805bb0f64c5f13a70e3fff431e5463049f8e53ba
SDK_SOURCE_COMMIT=76f5dedd9950a3012fee8fb7d5586df21fc67802
CASE={"scenario": "NORMAL", "profile": "mixed", "worst": true, "history_segments": 23, "cow_segments": 8, "protected_peak_bytes": 233472}
COMMAND=GS_DIAG_PAGES=64 /home/udaybhan/projects/Ghar_sajag_r1_storage/code/ParivarSathi_v1.5.4_PWA_BatteryAnalytics_v3_4_2/host/storage/nvs_runtime_probe/build/gs_nvs_runtime_probe.elf offline /tmp/gs-72h-nvs-2w9ryasv/fixture.txt fault 0
FIXTURE_SHA256=7cef1031fd425a01fa896db273f611e922f43cbc61c7b296eb88247d1c339994
NVS_RUNTIME phase=offline_loaded iteration=89 allocated_pages=56 free_erased_pages=8 live_entries=6913 erased_entries=0 stats_used=6913 stats_free=1151 write_bytes=226332 erase_ops=0 min_sector_erases=0 max_sector_erases=0
OFFLINE_FAULT_IO cut=0 units=8 calls=1 summary_result=ESP_ERR_FLASH_OP_FAIL checkpoint_result=ESP_ERR_FLASH_OP_FAIL final_result=ESP_ERR_FLASH_OP_FAIL frozen=1
OFFLINE_FAULT_RECOVERY cut=0 old_valid=1 new_valid=0
EMULATOR_IMAGE=/tmp/idf-partition-IVJeIt
libgcov profiling error:/home/udaybhan/projects/Ghar_sajag_r1_storage/code/ParivarSathi_v1.5.4_PWA_BatteryAnalytics_v3_4_2/host/storage/nvs_runtime_probe/build/esp-idf/main/CMakeFiles/__idf_main.dir/probe.cpp.gcda:overwriting an existing profile data with a different checksum
EXIT=0
CASE={"scenario": "NORMAL", "profile": "mixed", "worst": true, "history_segments": 23, "cow_segments": 8, "protected_peak_bytes": 233472}
COMMAND=GS_DIAG_PAGES=64 /home/udaybhan/projects/Ghar_sajag_r1_storage/code/ParivarSathi_v1.5.4_PWA_BatteryAnalytics_v3_4_2/host/storage/nvs_runtime_probe/build/gs_nvs_runtime_probe.elf offline /tmp/gs-72h-nvs-2w9ryasv/fixture.txt fault 1
FIXTURE_SHA256=7cef1031fd425a01fa896db273f611e922f43cbc61c7b296eb88247d1c339994
NVS_RUNTIME phase=offline_loaded iteration=89 allocated_pages=56 free_erased_pages=8 live_entries=6913 erased_entries=0 stats_used=6913 stats_free=1151 write_bytes=226332 erase_ops=0 min_sector_erases=0 max_sector_erases=0
OFFLINE_FAULT_IO cut=1 units=8 calls=1 summary_result=ESP_ERR_FLASH_OP_FAIL checkpoint_result=ESP_ERR_FLASH_OP_FAIL final_result=ESP_ERR_FLASH_OP_FAIL frozen=1
OFFLINE_FAULT_RECOVERY cut=1 old_valid=1 new_valid=0
EMULATOR_IMAGE=/tmp/idf-partition-MYbcbd
EXIT=0
CASE={"scenario": "NORMAL", "profile": "mixed", "worst": true, "history_segments": 23, "cow_segments": 8, "protected_peak_bytes": 233472}
COMMAND=GS_DIAG_PAGES=64 /home/udaybhan/projects/Ghar_sajag_r1_storage/code/ParivarSathi_v1.5.4_PWA_BatteryAnalytics_v3_4_2/host/storage/nvs_runtime_probe/build/gs_nvs_runtime_probe.elf offline /tmp/gs-72h-nvs-2w9ryasv/fixture.txt fault 8
FIXTURE_SHA256=7cef1031fd425a01fa896db273f611e922f43cbc61c7b296eb88247d1c339994
NVS_RUNTIME phase=offline_loaded iteration=89 allocated_pages=56 free_erased_pages=8 live_entries=6913 erased_entries=0 stats_used=6913 stats_free=1151 write_bytes=226332 erase_ops=0 min_sector_erases=0 max_sector_erases=0
OFFLINE_FAULT_IO cut=8 units=8 calls=1 summary_result=ESP_ERR_FLASH_OP_FAIL checkpoint_result=ESP_ERR_FLASH_OP_FAIL final_result=ESP_ERR_FLASH_OP_FAIL frozen=1
OFFLINE_FAULT_RECOVERY cut=8 old_valid=1 new_valid=0
EMULATOR_IMAGE=/tmp/idf-partition-RFp2yn
EXIT=0
CASE={"scenario": "NORMAL", "profile": "mixed", "worst": true, "history_segments": 23, "cow_segments": 8, "protected_peak_bytes": 233472}
COMMAND=GS_DIAG_PAGES=64 /home/udaybhan/projects/Ghar_sajag_r1_storage/code/ParivarSathi_v1.5.4_PWA_BatteryAnalytics_v3_4_2/host/storage/nvs_runtime_probe/build/gs_nvs_runtime_probe.elf offline /tmp/gs-72h-nvs-2w9ryasv/fixture.txt fault 16
FIXTURE_SHA256=7cef1031fd425a01fa896db273f611e922f43cbc61c7b296eb88247d1c339994
NVS_RUNTIME phase=offline_loaded iteration=89 allocated_pages=56 free_erased_pages=8 live_entries=6913 erased_entries=0 stats_used=6913 stats_free=1151 write_bytes=226332 erase_ops=0 min_sector_erases=0 max_sector_erases=0
OFFLINE_FAULT_IO cut=16 units=673 calls=3 summary_result=ESP_ERR_FLASH_OP_FAIL checkpoint_result=ESP_ERR_FLASH_OP_FAIL final_result=ESP_ERR_FLASH_OP_FAIL frozen=1
OFFLINE_FAULT_RECOVERY cut=16 old_valid=1 new_valid=0
EMULATOR_IMAGE=/tmp/idf-partition-N7Mplb
EXIT=0
CASE={"scenario": "NORMAL", "profile": "mixed", "worst": true, "history_segments": 23, "cow_segments": 8, "protected_peak_bytes": 233472}
COMMAND=GS_DIAG_PAGES=64 /home/udaybhan/projects/Ghar_sajag_r1_storage/code/ParivarSathi_v1.5.4_PWA_BatteryAnalytics_v3_4_2/host/storage/nvs_runtime_probe/build/gs_nvs_runtime_probe.elf offline /tmp/gs-72h-nvs-2w9ryasv/fixture.txt fault 31
FIXTURE_SHA256=7cef1031fd425a01fa896db273f611e922f43cbc61c7b296eb88247d1c339994
NVS_RUNTIME phase=offline_loaded iteration=89 allocated_pages=56 free_erased_pages=8 live_entries=6913 erased_entries=0 stats_used=6913 stats_free=1151 write_bytes=226332 erase_ops=0 min_sector_erases=0 max_sector_erases=0
OFFLINE_FAULT_IO cut=31 units=673 calls=3 summary_result=ESP_ERR_FLASH_OP_FAIL checkpoint_result=ESP_ERR_FLASH_OP_FAIL final_result=ESP_ERR_FLASH_OP_FAIL frozen=1
OFFLINE_FAULT_RECOVERY cut=31 old_valid=1 new_valid=0
EMULATOR_IMAGE=/tmp/idf-partition-Gp21Q5
EXIT=0
CASE={"scenario": "NORMAL", "profile": "mixed", "worst": true, "history_segments": 23, "cow_segments": 8, "protected_peak_bytes": 233472}
COMMAND=GS_DIAG_PAGES=64 /home/udaybhan/projects/Ghar_sajag_r1_storage/code/ParivarSathi_v1.5.4_PWA_BatteryAnalytics_v3_4_2/host/storage/nvs_runtime_probe/build/gs_nvs_runtime_probe.elf offline /tmp/gs-72h-nvs-2w9ryasv/fixture.txt fault 32
FIXTURE_SHA256=7cef1031fd425a01fa896db273f611e922f43cbc61c7b296eb88247d1c339994
NVS_RUNTIME phase=offline_loaded iteration=89 allocated_pages=56 free_erased_pages=8 live_entries=6913 erased_entries=0 stats_used=6913 stats_free=1151 write_bytes=226332 erase_ops=0 min_sector_erases=0 max_sector_erases=0
OFFLINE_FAULT_IO cut=32 units=673 calls=3 summary_result=ESP_ERR_FLASH_OP_FAIL checkpoint_result=ESP_ERR_FLASH_OP_FAIL final_result=ESP_ERR_FLASH_OP_FAIL frozen=1
OFFLINE_FAULT_RECOVERY cut=32 old_valid=1 new_valid=0
EMULATOR_IMAGE=/tmp/idf-partition-M0ZwFH
EXIT=0
CASE={"scenario": "NORMAL", "profile": "mixed", "worst": true, "history_segments": 23, "cow_segments": 8, "protected_peak_bytes": 233472}
COMMAND=GS_DIAG_PAGES=64 /home/udaybhan/projects/Ghar_sajag_r1_storage/code/ParivarSathi_v1.5.4_PWA_BatteryAnalytics_v3_4_2/host/storage/nvs_runtime_probe/build/gs_nvs_runtime_probe.elf offline /tmp/gs-72h-nvs-2w9ryasv/fixture.txt fault 63
FIXTURE_SHA256=7cef1031fd425a01fa896db273f611e922f43cbc61c7b296eb88247d1c339994
NVS_RUNTIME phase=offline_loaded iteration=89 allocated_pages=56 free_erased_pages=8 live_entries=6913 erased_entries=0 stats_used=6913 stats_free=1151 write_bytes=226332 erase_ops=0 min_sector_erases=0 max_sector_erases=0
OFFLINE_FAULT_IO cut=63 units=673 calls=3 summary_result=ESP_ERR_FLASH_OP_FAIL checkpoint_result=ESP_ERR_FLASH_OP_FAIL final_result=ESP_ERR_FLASH_OP_FAIL frozen=1
OFFLINE_FAULT_RECOVERY cut=63 old_valid=1 new_valid=0
EMULATOR_IMAGE=/tmp/idf-partition-p0Ubu4
EXIT=0
CASE={"scenario": "NORMAL", "profile": "mixed", "worst": true, "history_segments": 23, "cow_segments": 8, "protected_peak_bytes": 233472}
COMMAND=GS_DIAG_PAGES=64 /home/udaybhan/projects/Ghar_sajag_r1_storage/code/ParivarSathi_v1.5.4_PWA_BatteryAnalytics_v3_4_2/host/storage/nvs_runtime_probe/build/gs_nvs_runtime_probe.elf offline /tmp/gs-72h-nvs-2w9ryasv/fixture.txt fault 64
FIXTURE_SHA256=7cef1031fd425a01fa896db273f611e922f43cbc61c7b296eb88247d1c339994
NVS_RUNTIME phase=offline_loaded iteration=89 allocated_pages=56 free_erased_pages=8 live_entries=6913 erased_entries=0 stats_used=6913 stats_free=1151 write_bytes=226332 erase_ops=0 min_sector_erases=0 max_sector_erases=0
OFFLINE_FAULT_IO cut=64 units=673 calls=3 summary_result=ESP_ERR_FLASH_OP_FAIL checkpoint_result=ESP_ERR_FLASH_OP_FAIL final_result=ESP_ERR_FLASH_OP_FAIL frozen=1
OFFLINE_FAULT_RECOVERY cut=64 old_valid=1 new_valid=0
EMULATOR_IMAGE=/tmp/idf-partition-BCG0Yn
EXIT=0
CASE={"scenario": "NORMAL", "profile": "mixed", "worst": true, "history_segments": 23, "cow_segments": 8, "protected_peak_bytes": 233472}
COMMAND=GS_DIAG_PAGES=64 /home/udaybhan/projects/Ghar_sajag_r1_storage/code/ParivarSathi_v1.5.4_PWA_BatteryAnalytics_v3_4_2/host/storage/nvs_runtime_probe/build/gs_nvs_runtime_probe.elf offline /tmp/gs-72h-nvs-2w9ryasv/fixture.txt fault 127
FIXTURE_SHA256=7cef1031fd425a01fa896db273f611e922f43cbc61c7b296eb88247d1c339994
NVS_RUNTIME phase=offline_loaded iteration=89 allocated_pages=56 free_erased_pages=8 live_entries=6913 erased_entries=0 stats_used=6913 stats_free=1151 write_bytes=226332 erase_ops=0 min_sector_erases=0 max_sector_erases=0
OFFLINE_FAULT_IO cut=127 units=673 calls=3 summary_result=ESP_ERR_FLASH_OP_FAIL checkpoint_result=ESP_ERR_FLASH_OP_FAIL final_result=ESP_ERR_FLASH_OP_FAIL frozen=1
OFFLINE_FAULT_RECOVERY cut=127 old_valid=1 new_valid=0
EMULATOR_IMAGE=/tmp/idf-partition-mQNo3V
EXIT=0
CASE={"scenario": "NORMAL", "profile": "mixed", "worst": true, "history_segments": 23, "cow_segments": 8, "protected_peak_bytes": 233472}
COMMAND=GS_DIAG_PAGES=64 /home/udaybhan/projects/Ghar_sajag_r1_storage/code/ParivarSathi_v1.5.4_PWA_BatteryAnalytics_v3_4_2/host/storage/nvs_runtime_probe/build/gs_nvs_runtime_probe.elf offline /tmp/gs-72h-nvs-2w9ryasv/fixture.txt fault 512
FIXTURE_SHA256=7cef1031fd425a01fa896db273f611e922f43cbc61c7b296eb88247d1c339994
NVS_RUNTIME phase=offline_loaded iteration=89 allocated_pages=56 free_erased_pages=8 live_entries=6913 erased_entries=0 stats_used=6913 stats_free=1151 write_bytes=226332 erase_ops=0 min_sector_erases=0 max_sector_erases=0
OFFLINE_FAULT_IO cut=512 units=673 calls=3 summary_result=ESP_ERR_FLASH_OP_FAIL checkpoint_result=ESP_ERR_FLASH_OP_FAIL final_result=ESP_ERR_FLASH_OP_FAIL frozen=1
OFFLINE_FAULT_RECOVERY cut=512 old_valid=1 new_valid=0
EMULATOR_IMAGE=/tmp/idf-partition-I3IwSy
EXIT=0
CASE={"scenario": "NORMAL", "profile": "mixed", "worst": true, "history_segments": 23, "cow_segments": 8, "protected_peak_bytes": 233472}
COMMAND=GS_DIAG_PAGES=64 /home/udaybhan/projects/Ghar_sajag_r1_storage/code/ParivarSathi_v1.5.4_PWA_BatteryAnalytics_v3_4_2/host/storage/nvs_runtime_probe/build/gs_nvs_runtime_probe.elf offline /tmp/gs-72h-nvs-2w9ryasv/fixture.txt fault 1023
FIXTURE_SHA256=7cef1031fd425a01fa896db273f611e922f43cbc61c7b296eb88247d1c339994
NVS_RUNTIME phase=offline_loaded iteration=89 allocated_pages=56 free_erased_pages=8 live_entries=6913 erased_entries=0 stats_used=6913 stats_free=1151 write_bytes=226332 erase_ops=0 min_sector_erases=0 max_sector_erases=0
OFFLINE_FAULT_IO cut=1023 units=1057 calls=14 summary_result=ESP_ERR_FLASH_OP_FAIL checkpoint_result=ESP_ERR_FLASH_OP_FAIL final_result=ESP_ERR_FLASH_OP_FAIL frozen=1
OFFLINE_FAULT_RECOVERY cut=1023 old_valid=1 new_valid=0
EMULATOR_IMAGE=/tmp/idf-partition-N25TCx
EXIT=0
CASE={"scenario": "NORMAL", "profile": "mixed", "worst": true, "history_segments": 23, "cow_segments": 8, "protected_peak_bytes": 233472}
COMMAND=GS_DIAG_PAGES=64 /home/udaybhan/projects/Ghar_sajag_r1_storage/code/ParivarSathi_v1.5.4_PWA_BatteryAnalytics_v3_4_2/host/storage/nvs_runtime_probe/build/gs_nvs_runtime_probe.elf offline /tmp/gs-72h-nvs-2w9ryasv/fixture.txt fault 1024
FIXTURE_SHA256=7cef1031fd425a01fa896db273f611e922f43cbc61c7b296eb88247d1c339994
NVS_RUNTIME phase=offline_loaded iteration=89 allocated_pages=56 free_erased_pages=8 live_entries=6913 erased_entries=0 stats_used=6913 stats_free=1151 write_bytes=226332 erase_ops=0 min_sector_erases=0 max_sector_erases=0
OFFLINE_FAULT_IO cut=1024 units=1057 calls=14 summary_result=ESP_ERR_FLASH_OP_FAIL checkpoint_result=ESP_ERR_FLASH_OP_FAIL final_result=ESP_ERR_FLASH_OP_FAIL frozen=1
OFFLINE_FAULT_RECOVERY cut=1024 old_valid=1 new_valid=0
EMULATOR_IMAGE=/tmp/idf-partition-2wDcm2
EXIT=0
CASE={"scenario": "NORMAL", "profile": "mixed", "worst": true, "history_segments": 23, "cow_segments": 8, "protected_peak_bytes": 233472}
COMMAND=GS_DIAG_PAGES=64 /home/udaybhan/projects/Ghar_sajag_r1_storage/code/ParivarSathi_v1.5.4_PWA_BatteryAnalytics_v3_4_2/host/storage/nvs_runtime_probe/build/gs_nvs_runtime_probe.elf offline /tmp/gs-72h-nvs-2w9ryasv/fixture.txt fault 1071
FIXTURE_SHA256=7cef1031fd425a01fa896db273f611e922f43cbc61c7b296eb88247d1c339994
NVS_RUNTIME phase=offline_loaded iteration=89 allocated_pages=56 free_erased_pages=8 live_entries=6913 erased_entries=0 stats_used=6913 stats_free=1151 write_bytes=226332 erase_ops=0 min_sector_erases=0 max_sector_erases=0
OFFLINE_FAULT_IO cut=1071 units=1077 calls=20 summary_result=ESP_OK checkpoint_result=ESP_ERR_FLASH_OP_FAIL final_result=ESP_ERR_FLASH_OP_FAIL frozen=1
OFFLINE_FAULT_RECOVERY cut=1071 old_valid=1 new_valid=0
EMULATOR_IMAGE=/tmp/idf-partition-Ph2Sii
EXIT=0
CASE={"scenario": "NORMAL", "profile": "mixed", "worst": true, "history_segments": 23, "cow_segments": 8, "protected_peak_bytes": 233472}
COMMAND=GS_DIAG_PAGES=64 /home/udaybhan/projects/Ghar_sajag_r1_storage/code/ParivarSathi_v1.5.4_PWA_BatteryAnalytics_v3_4_2/host/storage/nvs_runtime_probe/build/gs_nvs_runtime_probe.elf offline /tmp/gs-72h-nvs-2w9ryasv/fixture.txt fault 1072
FIXTURE_SHA256=7cef1031fd425a01fa896db273f611e922f43cbc61c7b296eb88247d1c339994
NVS_RUNTIME phase=offline_loaded iteration=89 allocated_pages=56 free_erased_pages=8 live_entries=6913 erased_entries=0 stats_used=6913 stats_free=1151 write_bytes=226332 erase_ops=0 min_sector_erases=0 max_sector_erases=0
OFFLINE_FAULT_IO cut=1072 units=1077 calls=20 summary_result=ESP_OK checkpoint_result=ESP_ERR_FLASH_OP_FAIL final_result=ESP_ERR_FLASH_OP_FAIL frozen=1
OFFLINE_FAULT_RECOVERY cut=1072 old_valid=1 new_valid=0
EMULATOR_IMAGE=/tmp/idf-partition-NQi0O7
EXIT=0
CASE={"scenario": "NORMAL", "profile": "mixed", "worst": true, "history_segments": 23, "cow_segments": 8, "protected_peak_bytes": 233472}
COMMAND=GS_DIAG_PAGES=64 /home/udaybhan/projects/Ghar_sajag_r1_storage/code/ParivarSathi_v1.5.4_PWA_BatteryAnalytics_v3_4_2/host/storage/nvs_runtime_probe/build/gs_nvs_runtime_probe.elf offline /tmp/gs-72h-nvs-2w9ryasv/fixture.txt fault 1073
FIXTURE_SHA256=7cef1031fd425a01fa896db273f611e922f43cbc61c7b296eb88247d1c339994
NVS_RUNTIME phase=offline_loaded iteration=89 allocated_pages=56 free_erased_pages=8 live_entries=6913 erased_entries=0 stats_used=6913 stats_free=1151 write_bytes=226332 erase_ops=0 min_sector_erases=0 max_sector_erases=0
OFFLINE_FAULT_IO cut=1073 units=1077 calls=20 summary_result=ESP_OK checkpoint_result=ESP_ERR_FLASH_OP_FAIL final_result=ESP_ERR_FLASH_OP_FAIL frozen=1
OFFLINE_FAULT_RECOVERY cut=1073 old_valid=1 new_valid=0
EMULATOR_IMAGE=/tmp/idf-partition-hbU3Rr
EXIT=0
CASE={"scenario": "NORMAL", "profile": "mixed", "worst": true, "history_segments": 23, "cow_segments": 8, "protected_peak_bytes": 233472}
COMMAND=GS_DIAG_PAGES=64 /home/udaybhan/projects/Ghar_sajag_r1_storage/code/ParivarSathi_v1.5.4_PWA_BatteryAnalytics_v3_4_2/host/storage/nvs_runtime_probe/build/gs_nvs_runtime_probe.elf offline /tmp/gs-72h-nvs-2w9ryasv/fixture.txt fault 1080
FIXTURE_SHA256=7cef1031fd425a01fa896db273f611e922f43cbc61c7b296eb88247d1c339994
NVS_RUNTIME phase=offline_loaded iteration=89 allocated_pages=56 free_erased_pages=8 live_entries=6913 erased_entries=0 stats_used=6913 stats_free=1151 write_bytes=226332 erase_ops=0 min_sector_erases=0 max_sector_erases=0
OFFLINE_FAULT_IO cut=1080 units=1702 calls=22 summary_result=ESP_OK checkpoint_result=ESP_ERR_FLASH_OP_FAIL final_result=ESP_ERR_FLASH_OP_FAIL frozen=1
OFFLINE_FAULT_RECOVERY cut=1080 old_valid=1 new_valid=0
EMULATOR_IMAGE=/tmp/idf-partition-DSbAxB
EXIT=0
CASE={"scenario": "NORMAL", "profile": "mixed", "worst": true, "history_segments": 23, "cow_segments": 8, "protected_peak_bytes": 233472}
COMMAND=GS_DIAG_PAGES=64 /home/udaybhan/projects/Ghar_sajag_r1_storage/code/ParivarSathi_v1.5.4_PWA_BatteryAnalytics_v3_4_2/host/storage/nvs_runtime_probe/build/gs_nvs_runtime_probe.elf offline /tmp/gs-72h-nvs-2w9ryasv/fixture.txt fault 1081
FIXTURE_SHA256=7cef1031fd425a01fa896db273f611e922f43cbc61c7b296eb88247d1c339994
NVS_RUNTIME phase=offline_loaded iteration=89 allocated_pages=56 free_erased_pages=8 live_entries=6913 erased_entries=0 stats_used=6913 stats_free=1151 write_bytes=226332 erase_ops=0 min_sector_erases=0 max_sector_erases=0
OFFLINE_FAULT_IO cut=1081 units=1702 calls=22 summary_result=ESP_OK checkpoint_result=ESP_ERR_FLASH_OP_FAIL final_result=ESP_ERR_FLASH_OP_FAIL frozen=1
OFFLINE_FAULT_RECOVERY cut=1081 old_valid=1 new_valid=0
EMULATOR_IMAGE=/tmp/idf-partition-sqCfRV
EXIT=0
CASE={"scenario": "NORMAL", "profile": "mixed", "worst": true, "history_segments": 23, "cow_segments": 8, "protected_peak_bytes": 233472}
COMMAND=GS_DIAG_PAGES=64 /home/udaybhan/projects/Ghar_sajag_r1_storage/code/ParivarSathi_v1.5.4_PWA_BatteryAnalytics_v3_4_2/host/storage/nvs_runtime_probe/build/gs_nvs_runtime_probe.elf offline /tmp/gs-72h-nvs-2w9ryasv/fixture.txt fault 1536
FIXTURE_SHA256=7cef1031fd425a01fa896db273f611e922f43cbc61c7b296eb88247d1c339994
NVS_RUNTIME phase=offline_loaded iteration=89 allocated_pages=56 free_erased_pages=8 live_entries=6913 erased_entries=0 stats_used=6913 stats_free=1151 write_bytes=226332 erase_ops=0 min_sector_erases=0 max_sector_erases=0
OFFLINE_FAULT_IO cut=1536 units=1702 calls=22 summary_result=ESP_OK checkpoint_result=ESP_ERR_FLASH_OP_FAIL final_result=ESP_ERR_FLASH_OP_FAIL frozen=1
OFFLINE_FAULT_RECOVERY cut=1536 old_valid=1 new_valid=0
EMULATOR_IMAGE=/tmp/idf-partition-kJ3HvQ
EXIT=0
CASE={"scenario": "NORMAL", "profile": "mixed", "worst": true, "history_segments": 23, "cow_segments": 8, "protected_peak_bytes": 233472}
COMMAND=GS_DIAG_PAGES=64 /home/udaybhan/projects/Ghar_sajag_r1_storage/code/ParivarSathi_v1.5.4_PWA_BatteryAnalytics_v3_4_2/host/storage/nvs_runtime_probe/build/gs_nvs_runtime_probe.elf offline /tmp/gs-72h-nvs-2w9ryasv/fixture.txt fault 2047
FIXTURE_SHA256=7cef1031fd425a01fa896db273f611e922f43cbc61c7b296eb88247d1c339994
NVS_RUNTIME phase=offline_loaded iteration=89 allocated_pages=56 free_erased_pages=8 live_entries=6913 erased_entries=0 stats_used=6913 stats_free=1151 write_bytes=226332 erase_ops=0 min_sector_erases=0 max_sector_erases=0
OFFLINE_FAULT_IO cut=2047 units=2637 calls=32 summary_result=ESP_OK checkpoint_result=ESP_ERR_FLASH_OP_FAIL final_result=ESP_ERR_FLASH_OP_FAIL frozen=1
OFFLINE_FAULT_RECOVERY cut=2047 old_valid=1 new_valid=0
EMULATOR_IMAGE=/tmp/idf-partition-s7POHr
EXIT=0
CASE={"scenario": "NORMAL", "profile": "mixed", "worst": true, "history_segments": 23, "cow_segments": 8, "protected_peak_bytes": 233472}
COMMAND=GS_DIAG_PAGES=64 /home/udaybhan/projects/Ghar_sajag_r1_storage/code/ParivarSathi_v1.5.4_PWA_BatteryAnalytics_v3_4_2/host/storage/nvs_runtime_probe/build/gs_nvs_runtime_probe.elf offline /tmp/gs-72h-nvs-2w9ryasv/fixture.txt fault 2048
FIXTURE_SHA256=7cef1031fd425a01fa896db273f611e922f43cbc61c7b296eb88247d1c339994
NVS_RUNTIME phase=offline_loaded iteration=89 allocated_pages=56 free_erased_pages=8 live_entries=6913 erased_entries=0 stats_used=6913 stats_free=1151 write_bytes=226332 erase_ops=0 min_sector_erases=0 max_sector_erases=0
OFFLINE_FAULT_IO cut=2048 units=2637 calls=32 summary_result=ESP_OK checkpoint_result=ESP_ERR_FLASH_OP_FAIL final_result=ESP_ERR_FLASH_OP_FAIL frozen=1
OFFLINE_FAULT_RECOVERY cut=2048 old_valid=1 new_valid=0
EMULATOR_IMAGE=/tmp/idf-partition-cbIN2r
EXIT=0
CASE={"scenario": "NORMAL", "profile": "mixed", "worst": true, "history_segments": 23, "cow_segments": 8, "protected_peak_bytes": 233472}
COMMAND=GS_DIAG_PAGES=64 /home/udaybhan/projects/Ghar_sajag_r1_storage/code/ParivarSathi_v1.5.4_PWA_BatteryAnalytics_v3_4_2/host/storage/nvs_runtime_probe/build/gs_nvs_runtime_probe.elf offline /tmp/gs-72h-nvs-2w9ryasv/fixture.txt fault 2560
FIXTURE_SHA256=7cef1031fd425a01fa896db273f611e922f43cbc61c7b296eb88247d1c339994
NVS_RUNTIME phase=offline_loaded iteration=89 allocated_pages=56 free_erased_pages=8 live_entries=6913 erased_entries=0 stats_used=6913 stats_free=1151 write_bytes=226332 erase_ops=0 min_sector_erases=0 max_sector_erases=0
OFFLINE_FAULT_IO cut=2560 units=2637 calls=32 summary_result=ESP_OK checkpoint_result=ESP_ERR_FLASH_OP_FAIL final_result=ESP_ERR_FLASH_OP_FAIL frozen=1
OFFLINE_FAULT_RECOVERY cut=2560 old_valid=1 new_valid=0
EMULATOR_IMAGE=/tmp/idf-partition-METccS
EXIT=0
CASE={"scenario": "NORMAL", "profile": "mixed", "worst": true, "history_segments": 23, "cow_segments": 8, "protected_peak_bytes": 233472}
COMMAND=GS_DIAG_PAGES=64 /home/udaybhan/projects/Ghar_sajag_r1_storage/code/ParivarSathi_v1.5.4_PWA_BatteryAnalytics_v3_4_2/host/storage/nvs_runtime_probe/build/gs_nvs_runtime_probe.elf offline /tmp/gs-72h-nvs-2w9ryasv/fixture.txt fault 2600
FIXTURE_SHA256=7cef1031fd425a01fa896db273f611e922f43cbc61c7b296eb88247d1c339994
NVS_RUNTIME phase=offline_loaded iteration=89 allocated_pages=56 free_erased_pages=8 live_entries=6913 erased_entries=0 stats_used=6913 stats_free=1151 write_bytes=226332 erase_ops=0 min_sector_erases=0 max_sector_erases=0
OFFLINE_FAULT_IO cut=2600 units=2637 calls=32 summary_result=ESP_OK checkpoint_result=ESP_ERR_FLASH_OP_FAIL final_result=ESP_ERR_FLASH_OP_FAIL frozen=1
OFFLINE_FAULT_RECOVERY cut=2600 old_valid=1 new_valid=0
EMULATOR_IMAGE=/tmp/idf-partition-LvzsBE
EXIT=0
CASE={"scenario": "NORMAL", "profile": "mixed", "worst": true, "history_segments": 23, "cow_segments": 8, "protected_peak_bytes": 233472}
COMMAND=GS_DIAG_PAGES=64 /home/udaybhan/projects/Ghar_sajag_r1_storage/code/ParivarSathi_v1.5.4_PWA_BatteryAnalytics_v3_4_2/host/storage/nvs_runtime_probe/build/gs_nvs_runtime_probe.elf offline /tmp/gs-72h-nvs-2w9ryasv/fixture.txt fault 2687
FIXTURE_SHA256=7cef1031fd425a01fa896db273f611e922f43cbc61c7b296eb88247d1c339994
NVS_RUNTIME phase=offline_loaded iteration=89 allocated_pages=56 free_erased_pages=8 live_entries=6913 erased_entries=0 stats_used=6913 stats_free=1151 write_bytes=226332 erase_ops=0 min_sector_erases=0 max_sector_erases=0
OFFLINE_FAULT_IO cut=2687 units=2800 calls=47 summary_result=ESP_OK checkpoint_result=ESP_OK final_result=ESP_ERR_FLASH_OP_FAIL frozen=1
OFFLINE_FAULT_RECOVERY cut=2687 old_valid=1 new_valid=0
EMULATOR_IMAGE=/tmp/idf-partition-BEDVBP
EXIT=0
CASE={"scenario": "NORMAL", "profile": "mixed", "worst": true, "history_segments": 23, "cow_segments": 8, "protected_peak_bytes": 233472}
COMMAND=GS_DIAG_PAGES=64 /home/udaybhan/projects/Ghar_sajag_r1_storage/code/ParivarSathi_v1.5.4_PWA_BatteryAnalytics_v3_4_2/host/storage/nvs_runtime_probe/build/gs_nvs_runtime_probe.elf offline /tmp/gs-72h-nvs-2w9ryasv/fixture.txt fault 2688
FIXTURE_SHA256=7cef1031fd425a01fa896db273f611e922f43cbc61c7b296eb88247d1c339994
NVS_RUNTIME phase=offline_loaded iteration=89 allocated_pages=56 free_erased_pages=8 live_entries=6913 erased_entries=0 stats_used=6913 stats_free=1151 write_bytes=226332 erase_ops=0 min_sector_erases=0 max_sector_erases=0
OFFLINE_FAULT_IO cut=2688 units=2800 calls=47 summary_result=ESP_OK checkpoint_result=ESP_OK final_result=ESP_ERR_FLASH_OP_FAIL frozen=1
OFFLINE_FAULT_RECOVERY cut=2688 old_valid=1 new_valid=0
EMULATOR_IMAGE=/tmp/idf-partition-rZiCD0
EXIT=0
CASE={"scenario": "NORMAL", "profile": "mixed", "worst": true, "history_segments": 23, "cow_segments": 8, "protected_peak_bytes": 233472}
COMMAND=GS_DIAG_PAGES=64 /home/udaybhan/projects/Ghar_sajag_r1_storage/code/ParivarSathi_v1.5.4_PWA_BatteryAnalytics_v3_4_2/host/storage/nvs_runtime_probe/build/gs_nvs_runtime_probe.elf offline /tmp/gs-72h-nvs-2w9ryasv/fixture.txt fault 2750
FIXTURE_SHA256=7cef1031fd425a01fa896db273f611e922f43cbc61c7b296eb88247d1c339994
NVS_RUNTIME phase=offline_loaded iteration=89 allocated_pages=56 free_erased_pages=8 live_entries=6913 erased_entries=0 stats_used=6913 stats_free=1151 write_bytes=226332 erase_ops=0 min_sector_erases=0 max_sector_erases=0
OFFLINE_FAULT_IO cut=2750 units=2800 calls=47 summary_result=ESP_OK checkpoint_result=ESP_OK final_result=ESP_ERR_FLASH_OP_FAIL frozen=1
OFFLINE_FAULT_RECOVERY cut=2750 old_valid=1 new_valid=0
EMULATOR_IMAGE=/tmp/idf-partition-WJ3lha
EXIT=0
CASE={"scenario": "NORMAL", "profile": "mixed", "worst": true, "history_segments": 23, "cow_segments": 8, "protected_peak_bytes": 233472}
COMMAND=GS_DIAG_PAGES=64 /home/udaybhan/projects/Ghar_sajag_r1_storage/code/ParivarSathi_v1.5.4_PWA_BatteryAnalytics_v3_4_2/host/storage/nvs_runtime_probe/build/gs_nvs_runtime_probe.elf offline /tmp/gs-72h-nvs-2w9ryasv/fixture.txt fault 3000
FIXTURE_SHA256=7cef1031fd425a01fa896db273f611e922f43cbc61c7b296eb88247d1c339994
NVS_RUNTIME phase=offline_loaded iteration=89 allocated_pages=56 free_erased_pages=8 live_entries=6913 erased_entries=0 stats_used=6913 stats_free=1151 write_bytes=226332 erase_ops=0 min_sector_erases=0 max_sector_erases=0
OFFLINE_FAULT_IO cut=3000 units=2816 calls=56 summary_result=ESP_OK checkpoint_result=ESP_OK final_result=ESP_OK frozen=0
OFFLINE_FAULT_RECOVERY cut=3000 old_valid=0 new_valid=1
EMULATOR_IMAGE=/tmp/idf-partition-tqMs1R
EXIT=0
CASE={"scenario": "NORMAL", "profile": "mixed", "worst": true, "history_segments": 23, "cow_segments": 8, "protected_peak_bytes": 233472}
COMMAND=GS_DIAG_PAGES=64 /home/udaybhan/projects/Ghar_sajag_r1_storage/code/ParivarSathi_v1.5.4_PWA_BatteryAnalytics_v3_4_2/host/storage/nvs_runtime_probe/build/gs_nvs_runtime_probe.elf offline /tmp/gs-72h-nvs-2w9ryasv/fixture.txt fault 4000
FIXTURE_SHA256=7cef1031fd425a01fa896db273f611e922f43cbc61c7b296eb88247d1c339994
NVS_RUNTIME phase=offline_loaded iteration=89 allocated_pages=56 free_erased_pages=8 live_entries=6913 erased_entries=0 stats_used=6913 stats_free=1151 write_bytes=226332 erase_ops=0 min_sector_erases=0 max_sector_erases=0
OFFLINE_FAULT_IO cut=4000 units=2816 calls=56 summary_result=ESP_OK checkpoint_result=ESP_OK final_result=ESP_OK frozen=0
OFFLINE_FAULT_RECOVERY cut=4000 old_valid=0 new_valid=1
EMULATOR_IMAGE=/tmp/idf-partition-aIXF1V
EXIT=0
CASE={"scenario": "HIGH", "profile": "ordinary", "worst": true, "history_segments": 26, "cow_segments": 8, "protected_peak_bytes": 245760}
COMMAND=GS_DIAG_PAGES=64 /home/udaybhan/projects/Ghar_sajag_r1_storage/code/ParivarSathi_v1.5.4_PWA_BatteryAnalytics_v3_4_2/host/storage/nvs_runtime_probe/build/gs_nvs_runtime_probe.elf offline /tmp/gs-72h-nvs-2w9ryasv/fixture.txt fault 0
FIXTURE_SHA256=2380ddfdc176722f611067858e0b3cd6ee344d292cce4ea99f170c2ba3512e62
NVS_RUNTIME phase=offline_loaded iteration=92 allocated_pages=59 free_erased_pages=5 live_entries=7304 erased_entries=0 stats_used=7304 stats_free=760 write_bytes=239092 erase_ops=0 min_sector_erases=0 max_sector_erases=0
OFFLINE_FAULT_IO cut=0 units=8 calls=1 summary_result=ESP_ERR_FLASH_OP_FAIL checkpoint_result=ESP_ERR_FLASH_OP_FAIL final_result=ESP_ERR_FLASH_OP_FAIL frozen=1
OFFLINE_FAULT_RECOVERY cut=0 old_valid=1 new_valid=0
EMULATOR_IMAGE=/tmp/idf-partition-A2lk86
EXIT=0
CASE={"scenario": "HIGH", "profile": "ordinary", "worst": true, "history_segments": 26, "cow_segments": 8, "protected_peak_bytes": 245760}
COMMAND=GS_DIAG_PAGES=64 /home/udaybhan/projects/Ghar_sajag_r1_storage/code/ParivarSathi_v1.5.4_PWA_BatteryAnalytics_v3_4_2/host/storage/nvs_runtime_probe/build/gs_nvs_runtime_probe.elf offline /tmp/gs-72h-nvs-2w9ryasv/fixture.txt fault 1
FIXTURE_SHA256=2380ddfdc176722f611067858e0b3cd6ee344d292cce4ea99f170c2ba3512e62
NVS_RUNTIME phase=offline_loaded iteration=92 allocated_pages=59 free_erased_pages=5 live_entries=7304 erased_entries=0 stats_used=7304 stats_free=760 write_bytes=239092 erase_ops=0 min_sector_erases=0 max_sector_erases=0
OFFLINE_FAULT_IO cut=1 units=8 calls=1 summary_result=ESP_ERR_FLASH_OP_FAIL checkpoint_result=ESP_ERR_FLASH_OP_FAIL final_result=ESP_ERR_FLASH_OP_FAIL frozen=1
OFFLINE_FAULT_RECOVERY cut=1 old_valid=1 new_valid=0
EMULATOR_IMAGE=/tmp/idf-partition-zNKvZO
EXIT=0
CASE={"scenario": "HIGH", "profile": "ordinary", "worst": true, "history_segments": 26, "cow_segments": 8, "protected_peak_bytes": 245760}
COMMAND=GS_DIAG_PAGES=64 /home/udaybhan/projects/Ghar_sajag_r1_storage/code/ParivarSathi_v1.5.4_PWA_BatteryAnalytics_v3_4_2/host/storage/nvs_runtime_probe/build/gs_nvs_runtime_probe.elf offline /tmp/gs-72h-nvs-2w9ryasv/fixture.txt fault 8
FIXTURE_SHA256=2380ddfdc176722f611067858e0b3cd6ee344d292cce4ea99f170c2ba3512e62
NVS_RUNTIME phase=offline_loaded iteration=92 allocated_pages=59 free_erased_pages=5 live_entries=7304 erased_entries=0 stats_used=7304 stats_free=760 write_bytes=239092 erase_ops=0 min_sector_erases=0 max_sector_erases=0
OFFLINE_FAULT_IO cut=8 units=8 calls=1 summary_result=ESP_ERR_FLASH_OP_FAIL checkpoint_result=ESP_ERR_FLASH_OP_FAIL final_result=ESP_ERR_FLASH_OP_FAIL frozen=1
OFFLINE_FAULT_RECOVERY cut=8 old_valid=1 new_valid=0
EMULATOR_IMAGE=/tmp/idf-partition-1iNHXq
EXIT=0
CASE={"scenario": "HIGH", "profile": "ordinary", "worst": true, "history_segments": 26, "cow_segments": 8, "protected_peak_bytes": 245760}
COMMAND=GS_DIAG_PAGES=64 /home/udaybhan/projects/Ghar_sajag_r1_storage/code/ParivarSathi_v1.5.4_PWA_BatteryAnalytics_v3_4_2/host/storage/nvs_runtime_probe/build/gs_nvs_runtime_probe.elf offline /tmp/gs-72h-nvs-2w9ryasv/fixture.txt fault 16
FIXTURE_SHA256=2380ddfdc176722f611067858e0b3cd6ee344d292cce4ea99f170c2ba3512e62
NVS_RUNTIME phase=offline_loaded iteration=92 allocated_pages=59 free_erased_pages=5 live_entries=7304 erased_entries=0 stats_used=7304 stats_free=760 write_bytes=239092 erase_ops=0 min_sector_erases=0 max_sector_erases=0
OFFLINE_FAULT_IO cut=16 units=433 calls=3 summary_result=ESP_ERR_FLASH_OP_FAIL checkpoint_result=ESP_ERR_FLASH_OP_FAIL final_result=ESP_ERR_FLASH_OP_FAIL frozen=1
OFFLINE_FAULT_RECOVERY cut=16 old_valid=1 new_valid=0
EMULATOR_IMAGE=/tmp/idf-partition-T5EXQn
EXIT=0
CASE={"scenario": "HIGH", "profile": "ordinary", "worst": true, "history_segments": 26, "cow_segments": 8, "protected_peak_bytes": 245760}
COMMAND=GS_DIAG_PAGES=64 /home/udaybhan/projects/Ghar_sajag_r1_storage/code/ParivarSathi_v1.5.4_PWA_BatteryAnalytics_v3_4_2/host/storage/nvs_runtime_probe/build/gs_nvs_runtime_probe.elf offline /tmp/gs-72h-nvs-2w9ryasv/fixture.txt fault 31
FIXTURE_SHA256=2380ddfdc176722f611067858e0b3cd6ee344d292cce4ea99f170c2ba3512e62
NVS_RUNTIME phase=offline_loaded iteration=92 allocated_pages=59 free_erased_pages=5 live_entries=7304 erased_entries=0 stats_used=7304 stats_free=760 write_bytes=239092 erase_ops=0 min_sector_erases=0 max_sector_erases=0
OFFLINE_FAULT_IO cut=31 units=433 calls=3 summary_result=ESP_ERR_FLASH_OP_FAIL checkpoint_result=ESP_ERR_FLASH_OP_FAIL final_result=ESP_ERR_FLASH_OP_FAIL frozen=1
OFFLINE_FAULT_RECOVERY cut=31 old_valid=1 new_valid=0
EMULATOR_IMAGE=/tmp/idf-partition-Vq4gVV
EXIT=0
CASE={"scenario": "HIGH", "profile": "ordinary", "worst": true, "history_segments": 26, "cow_segments": 8, "protected_peak_bytes": 245760}
COMMAND=GS_DIAG_PAGES=64 /home/udaybhan/projects/Ghar_sajag_r1_storage/code/ParivarSathi_v1.5.4_PWA_BatteryAnalytics_v3_4_2/host/storage/nvs_runtime_probe/build/gs_nvs_runtime_probe.elf offline /tmp/gs-72h-nvs-2w9ryasv/fixture.txt fault 32
FIXTURE_SHA256=2380ddfdc176722f611067858e0b3cd6ee344d292cce4ea99f170c2ba3512e62
NVS_RUNTIME phase=offline_loaded iteration=92 allocated_pages=59 free_erased_pages=5 live_entries=7304 erased_entries=0 stats_used=7304 stats_free=760 write_bytes=239092 erase_ops=0 min_sector_erases=0 max_sector_erases=0
OFFLINE_FAULT_IO cut=32 units=433 calls=3 summary_result=ESP_ERR_FLASH_OP_FAIL checkpoint_result=ESP_ERR_FLASH_OP_FAIL final_result=ESP_ERR_FLASH_OP_FAIL frozen=1
OFFLINE_FAULT_RECOVERY cut=32 old_valid=1 new_valid=0
EMULATOR_IMAGE=/tmp/idf-partition-8KjbKT
EXIT=0
CASE={"scenario": "HIGH", "profile": "ordinary", "worst": true, "history_segments": 26, "cow_segments": 8, "protected_peak_bytes": 245760}
COMMAND=GS_DIAG_PAGES=64 /home/udaybhan/projects/Ghar_sajag_r1_storage/code/ParivarSathi_v1.5.4_PWA_BatteryAnalytics_v3_4_2/host/storage/nvs_runtime_probe/build/gs_nvs_runtime_probe.elf offline /tmp/gs-72h-nvs-2w9ryasv/fixture.txt fault 63
FIXTURE_SHA256=2380ddfdc176722f611067858e0b3cd6ee344d292cce4ea99f170c2ba3512e62
NVS_RUNTIME phase=offline_loaded iteration=92 allocated_pages=59 free_erased_pages=5 live_entries=7304 erased_entries=0 stats_used=7304 stats_free=760 write_bytes=239092 erase_ops=0 min_sector_erases=0 max_sector_erases=0
OFFLINE_FAULT_IO cut=63 units=433 calls=3 summary_result=ESP_ERR_FLASH_OP_FAIL checkpoint_result=ESP_ERR_FLASH_OP_FAIL final_result=ESP_ERR_FLASH_OP_FAIL frozen=1
OFFLINE_FAULT_RECOVERY cut=63 old_valid=1 new_valid=0
EMULATOR_IMAGE=/tmp/idf-partition-doYRDv
EXIT=0
CASE={"scenario": "HIGH", "profile": "ordinary", "worst": true, "history_segments": 26, "cow_segments": 8, "protected_peak_bytes": 245760}
COMMAND=GS_DIAG_PAGES=64 /home/udaybhan/projects/Ghar_sajag_r1_storage/code/ParivarSathi_v1.5.4_PWA_BatteryAnalytics_v3_4_2/host/storage/nvs_runtime_probe/build/gs_nvs_runtime_probe.elf offline /tmp/gs-72h-nvs-2w9ryasv/fixture.txt fault 64
FIXTURE_SHA256=2380ddfdc176722f611067858e0b3cd6ee344d292cce4ea99f170c2ba3512e62
NVS_RUNTIME phase=offline_loaded iteration=92 allocated_pages=59 free_erased_pages=5 live_entries=7304 erased_entries=0 stats_used=7304 stats_free=760 write_bytes=239092 erase_ops=0 min_sector_erases=0 max_sector_erases=0
OFFLINE_FAULT_IO cut=64 units=433 calls=3 summary_result=ESP_ERR_FLASH_OP_FAIL checkpoint_result=ESP_ERR_FLASH_OP_FAIL final_result=ESP_ERR_FLASH_OP_FAIL frozen=1
OFFLINE_FAULT_RECOVERY cut=64 old_valid=1 new_valid=0
EMULATOR_IMAGE=/tmp/idf-partition-J7flgb
EXIT=0
CASE={"scenario": "HIGH", "profile": "ordinary", "worst": true, "history_segments": 26, "cow_segments": 8, "protected_peak_bytes": 245760}
COMMAND=GS_DIAG_PAGES=64 /home/udaybhan/projects/Ghar_sajag_r1_storage/code/ParivarSathi_v1.5.4_PWA_BatteryAnalytics_v3_4_2/host/storage/nvs_runtime_probe/build/gs_nvs_runtime_probe.elf offline /tmp/gs-72h-nvs-2w9ryasv/fixture.txt fault 127
FIXTURE_SHA256=2380ddfdc176722f611067858e0b3cd6ee344d292cce4ea99f170c2ba3512e62
NVS_RUNTIME phase=offline_loaded iteration=92 allocated_pages=59 free_erased_pages=5 live_entries=7304 erased_entries=0 stats_used=7304 stats_free=760 write_bytes=239092 erase_ops=0 min_sector_erases=0 max_sector_erases=0
OFFLINE_FAULT_IO cut=127 units=433 calls=3 summary_result=ESP_ERR_FLASH_OP_FAIL checkpoint_result=ESP_ERR_FLASH_OP_FAIL final_result=ESP_ERR_FLASH_OP_FAIL frozen=1
OFFLINE_FAULT_RECOVERY cut=127 old_valid=1 new_valid=0
EMULATOR_IMAGE=/tmp/idf-partition-0HfgoA
EXIT=0
CASE={"scenario": "HIGH", "profile": "ordinary", "worst": true, "history_segments": 26, "cow_segments": 8, "protected_peak_bytes": 245760}
COMMAND=GS_DIAG_PAGES=64 /home/udaybhan/projects/Ghar_sajag_r1_storage/code/ParivarSathi_v1.5.4_PWA_BatteryAnalytics_v3_4_2/host/storage/nvs_runtime_probe/build/gs_nvs_runtime_probe.elf offline /tmp/gs-72h-nvs-2w9ryasv/fixture.txt fault 512
FIXTURE_SHA256=2380ddfdc176722f611067858e0b3cd6ee344d292cce4ea99f170c2ba3512e62
NVS_RUNTIME phase=offline_loaded iteration=92 allocated_pages=59 free_erased_pages=5 live_entries=7304 erased_entries=0 stats_used=7304 stats_free=760 write_bytes=239092 erase_ops=0 min_sector_erases=0 max_sector_erases=0
OFFLINE_FAULT_IO cut=512 units=1055 calls=12 summary_result=ESP_ERR_FLASH_OP_FAIL checkpoint_result=ESP_ERR_FLASH_OP_FAIL final_result=ESP_ERR_FLASH_OP_FAIL frozen=1
OFFLINE_FAULT_RECOVERY cut=512 old_valid=1 new_valid=0
EMULATOR_IMAGE=/tmp/idf-partition-tkoINa
EXIT=0
CASE={"scenario": "HIGH", "profile": "ordinary", "worst": true, "history_segments": 26, "cow_segments": 8, "protected_peak_bytes": 245760}
COMMAND=GS_DIAG_PAGES=64 /home/udaybhan/projects/Ghar_sajag_r1_storage/code/ParivarSathi_v1.5.4_PWA_BatteryAnalytics_v3_4_2/host/storage/nvs_runtime_probe/build/gs_nvs_runtime_probe.elf offline /tmp/gs-72h-nvs-2w9ryasv/fixture.txt fault 1023
FIXTURE_SHA256=2380ddfdc176722f611067858e0b3cd6ee344d292cce4ea99f170c2ba3512e62
NVS_RUNTIME phase=offline_loaded iteration=92 allocated_pages=59 free_erased_pages=5 live_entries=7304 erased_entries=0 stats_used=7304 stats_free=760 write_bytes=239092 erase_ops=0 min_sector_erases=0 max_sector_erases=0
OFFLINE_FAULT_IO cut=1023 units=1055 calls=12 summary_result=ESP_ERR_FLASH_OP_FAIL checkpoint_result=ESP_ERR_FLASH_OP_FAIL final_result=ESP_ERR_FLASH_OP_FAIL frozen=1
OFFLINE_FAULT_RECOVERY cut=1023 old_valid=1 new_valid=0
EMULATOR_IMAGE=/tmp/idf-partition-JK5vkC
EXIT=0
CASE={"scenario": "HIGH", "profile": "ordinary", "worst": true, "history_segments": 26, "cow_segments": 8, "protected_peak_bytes": 245760}
COMMAND=GS_DIAG_PAGES=64 /home/udaybhan/projects/Ghar_sajag_r1_storage/code/ParivarSathi_v1.5.4_PWA_BatteryAnalytics_v3_4_2/host/storage/nvs_runtime_probe/build/gs_nvs_runtime_probe.elf offline /tmp/gs-72h-nvs-2w9ryasv/fixture.txt fault 1024
FIXTURE_SHA256=2380ddfdc176722f611067858e0b3cd6ee344d292cce4ea99f170c2ba3512e62
NVS_RUNTIME phase=offline_loaded iteration=92 allocated_pages=59 free_erased_pages=5 live_entries=7304 erased_entries=0 stats_used=7304 stats_free=760 write_bytes=239092 erase_ops=0 min_sector_erases=0 max_sector_erases=0
OFFLINE_FAULT_IO cut=1024 units=1055 calls=12 summary_result=ESP_ERR_FLASH_OP_FAIL checkpoint_result=ESP_ERR_FLASH_OP_FAIL final_result=ESP_ERR_FLASH_OP_FAIL frozen=1
OFFLINE_FAULT_RECOVERY cut=1024 old_valid=1 new_valid=0
EMULATOR_IMAGE=/tmp/idf-partition-c7u0pQ
EXIT=0
CASE={"scenario": "HIGH", "profile": "ordinary", "worst": true, "history_segments": 26, "cow_segments": 8, "protected_peak_bytes": 245760}
COMMAND=GS_DIAG_PAGES=64 /home/udaybhan/projects/Ghar_sajag_r1_storage/code/ParivarSathi_v1.5.4_PWA_BatteryAnalytics_v3_4_2/host/storage/nvs_runtime_probe/build/gs_nvs_runtime_probe.elf offline /tmp/gs-72h-nvs-2w9ryasv/fixture.txt fault 1071
FIXTURE_SHA256=2380ddfdc176722f611067858e0b3cd6ee344d292cce4ea99f170c2ba3512e62
NVS_RUNTIME phase=offline_loaded iteration=92 allocated_pages=59 free_erased_pages=5 live_entries=7304 erased_entries=0 stats_used=7304 stats_free=760 write_bytes=239092 erase_ops=0 min_sector_erases=0 max_sector_erases=0
OFFLINE_FAULT_IO cut=1071 units=1077 calls=20 summary_result=ESP_OK checkpoint_result=ESP_ERR_FLASH_OP_FAIL final_result=ESP_ERR_FLASH_OP_FAIL frozen=1
OFFLINE_FAULT_RECOVERY cut=1071 old_valid=1 new_valid=0
EMULATOR_IMAGE=/tmp/idf-partition-3OLx5N
EXIT=0
CASE={"scenario": "HIGH", "profile": "ordinary", "worst": true, "history_segments": 26, "cow_segments": 8, "protected_peak_bytes": 245760}
COMMAND=GS_DIAG_PAGES=64 /home/udaybhan/projects/Ghar_sajag_r1_storage/code/ParivarSathi_v1.5.4_PWA_BatteryAnalytics_v3_4_2/host/storage/nvs_runtime_probe/build/gs_nvs_runtime_probe.elf offline /tmp/gs-72h-nvs-2w9ryasv/fixture.txt fault 1072
FIXTURE_SHA256=2380ddfdc176722f611067858e0b3cd6ee344d292cce4ea99f170c2ba3512e62
NVS_RUNTIME phase=offline_loaded iteration=92 allocated_pages=59 free_erased_pages=5 live_entries=7304 erased_entries=0 stats_used=7304 stats_free=760 write_bytes=239092 erase_ops=0 min_sector_erases=0 max_sector_erases=0
OFFLINE_FAULT_IO cut=1072 units=1077 calls=20 summary_result=ESP_OK checkpoint_result=ESP_ERR_FLASH_OP_FAIL final_result=ESP_ERR_FLASH_OP_FAIL frozen=1
OFFLINE_FAULT_RECOVERY cut=1072 old_valid=1 new_valid=0
EMULATOR_IMAGE=/tmp/idf-partition-wUasXm
EXIT=0
CASE={"scenario": "HIGH", "profile": "ordinary", "worst": true, "history_segments": 26, "cow_segments": 8, "protected_peak_bytes": 245760}
COMMAND=GS_DIAG_PAGES=64 /home/udaybhan/projects/Ghar_sajag_r1_storage/code/ParivarSathi_v1.5.4_PWA_BatteryAnalytics_v3_4_2/host/storage/nvs_runtime_probe/build/gs_nvs_runtime_probe.elf offline /tmp/gs-72h-nvs-2w9ryasv/fixture.txt fault 1073
FIXTURE_SHA256=2380ddfdc176722f611067858e0b3cd6ee344d292cce4ea99f170c2ba3512e62
NVS_RUNTIME phase=offline_loaded iteration=92 allocated_pages=59 free_erased_pages=5 live_entries=7304 erased_entries=0 stats_used=7304 stats_free=760 write_bytes=239092 erase_ops=0 min_sector_erases=0 max_sector_erases=0
OFFLINE_FAULT_IO cut=1073 units=1077 calls=20 summary_result=ESP_OK checkpoint_result=ESP_ERR_FLASH_OP_FAIL final_result=ESP_ERR_FLASH_OP_FAIL frozen=1
OFFLINE_FAULT_RECOVERY cut=1073 old_valid=1 new_valid=0
EMULATOR_IMAGE=/tmp/idf-partition-M5yPD7
EXIT=0
CASE={"scenario": "HIGH", "profile": "ordinary", "worst": true, "history_segments": 26, "cow_segments": 8, "protected_peak_bytes": 245760}
COMMAND=GS_DIAG_PAGES=64 /home/udaybhan/projects/Ghar_sajag_r1_storage/code/ParivarSathi_v1.5.4_PWA_BatteryAnalytics_v3_4_2/host/storage/nvs_runtime_probe/build/gs_nvs_runtime_probe.elf offline /tmp/gs-72h-nvs-2w9ryasv/fixture.txt fault 1080
FIXTURE_SHA256=2380ddfdc176722f611067858e0b3cd6ee344d292cce4ea99f170c2ba3512e62
NVS_RUNTIME phase=offline_loaded iteration=92 allocated_pages=59 free_erased_pages=5 live_entries=7304 erased_entries=0 stats_used=7304 stats_free=760 write_bytes=239092 erase_ops=0 min_sector_erases=0 max_sector_erases=0
OFFLINE_FAULT_IO cut=1080 units=1462 calls=22 summary_result=ESP_OK checkpoint_result=ESP_ERR_FLASH_OP_FAIL final_result=ESP_ERR_FLASH_OP_FAIL frozen=1
OFFLINE_FAULT_RECOVERY cut=1080 old_valid=1 new_valid=0
EMULATOR_IMAGE=/tmp/idf-partition-HcRVJS
EXIT=0
CASE={"scenario": "HIGH", "profile": "ordinary", "worst": true, "history_segments": 26, "cow_segments": 8, "protected_peak_bytes": 245760}
COMMAND=GS_DIAG_PAGES=64 /home/udaybhan/projects/Ghar_sajag_r1_storage/code/ParivarSathi_v1.5.4_PWA_BatteryAnalytics_v3_4_2/host/storage/nvs_runtime_probe/build/gs_nvs_runtime_probe.elf offline /tmp/gs-72h-nvs-2w9ryasv/fixture.txt fault 1081
FIXTURE_SHA256=2380ddfdc176722f611067858e0b3cd6ee344d292cce4ea99f170c2ba3512e62
NVS_RUNTIME phase=offline_loaded iteration=92 allocated_pages=59 free_erased_pages=5 live_entries=7304 erased_entries=0 stats_used=7304 stats_free=760 write_bytes=239092 erase_ops=0 min_sector_erases=0 max_sector_erases=0
OFFLINE_FAULT_IO cut=1081 units=1462 calls=22 summary_result=ESP_OK checkpoint_result=ESP_ERR_FLASH_OP_FAIL final_result=ESP_ERR_FLASH_OP_FAIL frozen=1
OFFLINE_FAULT_RECOVERY cut=1081 old_valid=1 new_valid=0
EMULATOR_IMAGE=/tmp/idf-partition-1AoyH5
EXIT=0
CASE={"scenario": "HIGH", "profile": "ordinary", "worst": true, "history_segments": 26, "cow_segments": 8, "protected_peak_bytes": 245760}
COMMAND=GS_DIAG_PAGES=64 /home/udaybhan/projects/Ghar_sajag_r1_storage/code/ParivarSathi_v1.5.4_PWA_BatteryAnalytics_v3_4_2/host/storage/nvs_runtime_probe/build/gs_nvs_runtime_probe.elf offline /tmp/gs-72h-nvs-2w9ryasv/fixture.txt fault 1536
FIXTURE_SHA256=2380ddfdc176722f611067858e0b3cd6ee344d292cce4ea99f170c2ba3512e62
NVS_RUNTIME phase=offline_loaded iteration=92 allocated_pages=59 free_erased_pages=5 live_entries=7304 erased_entries=0 stats_used=7304 stats_free=760 write_bytes=239092 erase_ops=0 min_sector_erases=0 max_sector_erases=0
OFFLINE_FAULT_IO cut=1536 units=2484 calls=31 summary_result=ESP_OK checkpoint_result=ESP_ERR_FLASH_OP_FAIL final_result=ESP_ERR_FLASH_OP_FAIL frozen=1
OFFLINE_FAULT_RECOVERY cut=1536 old_valid=1 new_valid=0
EMULATOR_IMAGE=/tmp/idf-partition-RkdDSL
EXIT=0
CASE={"scenario": "HIGH", "profile": "ordinary", "worst": true, "history_segments": 26, "cow_segments": 8, "protected_peak_bytes": 245760}
COMMAND=GS_DIAG_PAGES=64 /home/udaybhan/projects/Ghar_sajag_r1_storage/code/ParivarSathi_v1.5.4_PWA_BatteryAnalytics_v3_4_2/host/storage/nvs_runtime_probe/build/gs_nvs_runtime_probe.elf offline /tmp/gs-72h-nvs-2w9ryasv/fixture.txt fault 2047
FIXTURE_SHA256=2380ddfdc176722f611067858e0b3cd6ee344d292cce4ea99f170c2ba3512e62
NVS_RUNTIME phase=offline_loaded iteration=92 allocated_pages=59 free_erased_pages=5 live_entries=7304 erased_entries=0 stats_used=7304 stats_free=760 write_bytes=239092 erase_ops=0 min_sector_erases=0 max_sector_erases=0
OFFLINE_FAULT_IO cut=2047 units=2484 calls=31 summary_result=ESP_OK checkpoint_result=ESP_ERR_FLASH_OP_FAIL final_result=ESP_ERR_FLASH_OP_FAIL frozen=1
OFFLINE_FAULT_RECOVERY cut=2047 old_valid=1 new_valid=0
EMULATOR_IMAGE=/tmp/idf-partition-hygGF1
EXIT=0
CASE={"scenario": "HIGH", "profile": "ordinary", "worst": true, "history_segments": 26, "cow_segments": 8, "protected_peak_bytes": 245760}
COMMAND=GS_DIAG_PAGES=64 /home/udaybhan/projects/Ghar_sajag_r1_storage/code/ParivarSathi_v1.5.4_PWA_BatteryAnalytics_v3_4_2/host/storage/nvs_runtime_probe/build/gs_nvs_runtime_probe.elf offline /tmp/gs-72h-nvs-2w9ryasv/fixture.txt fault 2048
FIXTURE_SHA256=2380ddfdc176722f611067858e0b3cd6ee344d292cce4ea99f170c2ba3512e62
NVS_RUNTIME phase=offline_loaded iteration=92 allocated_pages=59 free_erased_pages=5 live_entries=7304 erased_entries=0 stats_used=7304 stats_free=760 write_bytes=239092 erase_ops=0 min_sector_erases=0 max_sector_erases=0
OFFLINE_FAULT_IO cut=2048 units=2484 calls=31 summary_result=ESP_OK checkpoint_result=ESP_ERR_FLASH_OP_FAIL final_result=ESP_ERR_FLASH_OP_FAIL frozen=1
OFFLINE_FAULT_RECOVERY cut=2048 old_valid=1 new_valid=0
EMULATOR_IMAGE=/tmp/idf-partition-awblQX
EXIT=0
CASE={"scenario": "HIGH", "profile": "ordinary", "worst": true, "history_segments": 26, "cow_segments": 8, "protected_peak_bytes": 245760}
COMMAND=GS_DIAG_PAGES=64 /home/udaybhan/projects/Ghar_sajag_r1_storage/code/ParivarSathi_v1.5.4_PWA_BatteryAnalytics_v3_4_2/host/storage/nvs_runtime_probe/build/gs_nvs_runtime_probe.elf offline /tmp/gs-72h-nvs-2w9ryasv/fixture.txt fault 2560
FIXTURE_SHA256=2380ddfdc176722f611067858e0b3cd6ee344d292cce4ea99f170c2ba3512e62
NVS_RUNTIME phase=offline_loaded iteration=92 allocated_pages=59 free_erased_pages=5 live_entries=7304 erased_entries=0 stats_used=7304 stats_free=760 write_bytes=239092 erase_ops=0 min_sector_erases=0 max_sector_erases=0
OFFLINE_FAULT_IO cut=2560 units=2662 calls=44 summary_result=ESP_OK checkpoint_result=ESP_ERR_FLASH_OP_FAIL final_result=ESP_ERR_FLASH_OP_FAIL frozen=1
OFFLINE_FAULT_RECOVERY cut=2560 old_valid=1 new_valid=0
EMULATOR_IMAGE=/tmp/idf-partition-yuxy4V
EXIT=0
CASE={"scenario": "HIGH", "profile": "ordinary", "worst": true, "history_segments": 26, "cow_segments": 8, "protected_peak_bytes": 245760}
COMMAND=GS_DIAG_PAGES=64 /home/udaybhan/projects/Ghar_sajag_r1_storage/code/ParivarSathi_v1.5.4_PWA_BatteryAnalytics_v3_4_2/host/storage/nvs_runtime_probe/build/gs_nvs_runtime_probe.elf offline /tmp/gs-72h-nvs-2w9ryasv/fixture.txt fault 2600
FIXTURE_SHA256=2380ddfdc176722f611067858e0b3cd6ee344d292cce4ea99f170c2ba3512e62
NVS_RUNTIME phase=offline_loaded iteration=92 allocated_pages=59 free_erased_pages=5 live_entries=7304 erased_entries=0 stats_used=7304 stats_free=760 write_bytes=239092 erase_ops=0 min_sector_erases=0 max_sector_erases=0
OFFLINE_FAULT_IO cut=2600 units=2662 calls=44 summary_result=ESP_OK checkpoint_result=ESP_ERR_FLASH_OP_FAIL final_result=ESP_ERR_FLASH_OP_FAIL frozen=1
OFFLINE_FAULT_RECOVERY cut=2600 old_valid=1 new_valid=0
EMULATOR_IMAGE=/tmp/idf-partition-jgEINI
EXIT=0
CASE={"scenario": "HIGH", "profile": "ordinary", "worst": true, "history_segments": 26, "cow_segments": 8, "protected_peak_bytes": 245760}
COMMAND=GS_DIAG_PAGES=64 /home/udaybhan/projects/Ghar_sajag_r1_storage/code/ParivarSathi_v1.5.4_PWA_BatteryAnalytics_v3_4_2/host/storage/nvs_runtime_probe/build/gs_nvs_runtime_probe.elf offline /tmp/gs-72h-nvs-2w9ryasv/fixture.txt fault 2687
FIXTURE_SHA256=2380ddfdc176722f611067858e0b3cd6ee344d292cce4ea99f170c2ba3512e62
NVS_RUNTIME phase=offline_loaded iteration=92 allocated_pages=59 free_erased_pages=5 live_entries=7304 erased_entries=0 stats_used=7304 stats_free=760 write_bytes=239092 erase_ops=0 min_sector_erases=0 max_sector_erases=0
OFFLINE_FAULT_IO cut=2687 units=2810 calls=51 summary_result=ESP_OK checkpoint_result=ESP_OK final_result=ESP_ERR_FLASH_OP_FAIL frozen=1
OFFLINE_FAULT_RECOVERY cut=2687 old_valid=1 new_valid=0
EMULATOR_IMAGE=/tmp/idf-partition-JyJGdK
EXIT=0
CASE={"scenario": "HIGH", "profile": "ordinary", "worst": true, "history_segments": 26, "cow_segments": 8, "protected_peak_bytes": 245760}
COMMAND=GS_DIAG_PAGES=64 /home/udaybhan/projects/Ghar_sajag_r1_storage/code/ParivarSathi_v1.5.4_PWA_BatteryAnalytics_v3_4_2/host/storage/nvs_runtime_probe/build/gs_nvs_runtime_probe.elf offline /tmp/gs-72h-nvs-2w9ryasv/fixture.txt fault 2688
FIXTURE_SHA256=2380ddfdc176722f611067858e0b3cd6ee344d292cce4ea99f170c2ba3512e62
NVS_RUNTIME phase=offline_loaded iteration=92 allocated_pages=59 free_erased_pages=5 live_entries=7304 erased_entries=0 stats_used=7304 stats_free=760 write_bytes=239092 erase_ops=0 min_sector_erases=0 max_sector_erases=0
OFFLINE_FAULT_IO cut=2688 units=2810 calls=51 summary_result=ESP_OK checkpoint_result=ESP_OK final_result=ESP_ERR_FLASH_OP_FAIL frozen=1
OFFLINE_FAULT_RECOVERY cut=2688 old_valid=1 new_valid=0
EMULATOR_IMAGE=/tmp/idf-partition-QTjPsb
EXIT=0
CASE={"scenario": "HIGH", "profile": "ordinary", "worst": true, "history_segments": 26, "cow_segments": 8, "protected_peak_bytes": 245760}
COMMAND=GS_DIAG_PAGES=64 /home/udaybhan/projects/Ghar_sajag_r1_storage/code/ParivarSathi_v1.5.4_PWA_BatteryAnalytics_v3_4_2/host/storage/nvs_runtime_probe/build/gs_nvs_runtime_probe.elf offline /tmp/gs-72h-nvs-2w9ryasv/fixture.txt fault 2750
FIXTURE_SHA256=2380ddfdc176722f611067858e0b3cd6ee344d292cce4ea99f170c2ba3512e62
NVS_RUNTIME phase=offline_loaded iteration=92 allocated_pages=59 free_erased_pages=5 live_entries=7304 erased_entries=0 stats_used=7304 stats_free=760 write_bytes=239092 erase_ops=0 min_sector_erases=0 max_sector_erases=0
OFFLINE_FAULT_IO cut=2750 units=2810 calls=51 summary_result=ESP_OK checkpoint_result=ESP_OK final_result=ESP_ERR_FLASH_OP_FAIL frozen=1
OFFLINE_FAULT_RECOVERY cut=2750 old_valid=1 new_valid=0
EMULATOR_IMAGE=/tmp/idf-partition-N40khV
EXIT=0
CASE={"scenario": "HIGH", "profile": "ordinary", "worst": true, "history_segments": 26, "cow_segments": 8, "protected_peak_bytes": 245760}
COMMAND=GS_DIAG_PAGES=64 /home/udaybhan/projects/Ghar_sajag_r1_storage/code/ParivarSathi_v1.5.4_PWA_BatteryAnalytics_v3_4_2/host/storage/nvs_runtime_probe/build/gs_nvs_runtime_probe.elf offline /tmp/gs-72h-nvs-2w9ryasv/fixture.txt fault 3000
FIXTURE_SHA256=2380ddfdc176722f611067858e0b3cd6ee344d292cce4ea99f170c2ba3512e62
NVS_RUNTIME phase=offline_loaded iteration=92 allocated_pages=59 free_erased_pages=5 live_entries=7304 erased_entries=0 stats_used=7304 stats_free=760 write_bytes=239092 erase_ops=0 min_sector_erases=0 max_sector_erases=0
OFFLINE_FAULT_IO cut=3000 units=2826 calls=60 summary_result=ESP_OK checkpoint_result=ESP_OK final_result=ESP_OK frozen=0
OFFLINE_FAULT_RECOVERY cut=3000 old_valid=0 new_valid=1
EMULATOR_IMAGE=/tmp/idf-partition-GjZNPF
EXIT=0
CASE={"scenario": "HIGH", "profile": "ordinary", "worst": true, "history_segments": 26, "cow_segments": 8, "protected_peak_bytes": 245760}
COMMAND=GS_DIAG_PAGES=64 /home/udaybhan/projects/Ghar_sajag_r1_storage/code/ParivarSathi_v1.5.4_PWA_BatteryAnalytics_v3_4_2/host/storage/nvs_runtime_probe/build/gs_nvs_runtime_probe.elf offline /tmp/gs-72h-nvs-2w9ryasv/fixture.txt fault 4000
FIXTURE_SHA256=2380ddfdc176722f611067858e0b3cd6ee344d292cce4ea99f170c2ba3512e62
NVS_RUNTIME phase=offline_loaded iteration=92 allocated_pages=59 free_erased_pages=5 live_entries=7304 erased_entries=0 stats_used=7304 stats_free=760 write_bytes=239092 erase_ops=0 min_sector_erases=0 max_sector_erases=0
OFFLINE_FAULT_IO cut=4000 units=2826 calls=60 summary_result=ESP_OK checkpoint_result=ESP_OK final_result=ESP_OK frozen=0
OFFLINE_FAULT_RECOVERY cut=4000 old_valid=0 new_valid=1
EMULATOR_IMAGE=/tmp/idf-partition-YwOCGY
EXIT=0
RUNNER_RESULT={"runs": 54, "passes": 54, "capacity_stops": 0}
BOUNDARY=SDK NVS EMULATED; dummy bodies/selectors; TARGET HARDWARE UNPROVEN
