BINARY_SHA256=18678db3a7d8d73c5a638bfbd9b48d735e469987164f6a244755aad7bb8537ce
PROBE_SHA256=55fe9072dcabe53dc5d01f319404526a96c36559a2915ce79ca603ad280837e6
COMMAND=/home/udaybhan/projects/Ghar_sajag_r1_storage/code/ParivarSathi_v1.5.4_PWA_BatteryAnalytics_v3_4_2/host/storage/nvs_runtime_probe/build/gs_nvs_runtime_probe.elf 9 50 20 fault 0 freeze ENV={} EXIT=0
DIAG_OPERATION mode=inplace calls=1 units=8 latch=1
NVS_RUNTIME_FAULT cut=0 write=ESP_ERR_FLASH_OP_FAIL old=49 new=127 recovered=49
COMMAND=/home/udaybhan/projects/Ghar_sajag_r1_storage/code/ParivarSathi_v1.5.4_PWA_BatteryAnalytics_v3_4_2/host/storage/nvs_runtime_probe/build/gs_nvs_runtime_probe.elf 9 50 20 fault 1 freeze ENV={} EXIT=0
DIAG_OPERATION mode=inplace calls=1 units=8 latch=1
NVS_RUNTIME_FAULT cut=1 write=ESP_ERR_FLASH_OP_FAIL old=49 new=127 recovered=49
COMMAND=/home/udaybhan/projects/Ghar_sajag_r1_storage/code/ParivarSathi_v1.5.4_PWA_BatteryAnalytics_v3_4_2/host/storage/nvs_runtime_probe/build/gs_nvs_runtime_probe.elf 9 50 20 fault 2 freeze ENV={} EXIT=0
DIAG_OPERATION mode=inplace calls=1 units=8 latch=1
NVS_RUNTIME_FAULT cut=2 write=ESP_ERR_FLASH_OP_FAIL old=49 new=127 recovered=49
COMMAND=/home/udaybhan/projects/Ghar_sajag_r1_storage/code/ParivarSathi_v1.5.4_PWA_BatteryAnalytics_v3_4_2/host/storage/nvs_runtime_probe/build/gs_nvs_runtime_probe.elf 9 50 20 fault 3 freeze ENV={} EXIT=0
DIAG_OPERATION mode=inplace calls=1 units=8 latch=1
NVS_RUNTIME_FAULT cut=3 write=ESP_ERR_FLASH_OP_FAIL old=49 new=127 recovered=49
COMMAND=/home/udaybhan/projects/Ghar_sajag_r1_storage/code/ParivarSathi_v1.5.4_PWA_BatteryAnalytics_v3_4_2/host/storage/nvs_runtime_probe/build/gs_nvs_runtime_probe.elf 9 50 20 fault 4 freeze ENV={} EXIT=0
DIAG_OPERATION mode=inplace calls=1 units=8 latch=1
NVS_RUNTIME_FAULT cut=4 write=ESP_ERR_FLASH_OP_FAIL old=49 new=127 recovered=49
COMMAND=/home/udaybhan/projects/Ghar_sajag_r1_storage/code/ParivarSathi_v1.5.4_PWA_BatteryAnalytics_v3_4_2/host/storage/nvs_runtime_probe/build/gs_nvs_runtime_probe.elf 9 50 20 fault 5 freeze ENV={} EXIT=0
DIAG_OPERATION mode=inplace calls=1 units=8 latch=1
NVS_RUNTIME_FAULT cut=5 write=ESP_ERR_FLASH_OP_FAIL old=49 new=127 recovered=49
COMMAND=/home/udaybhan/projects/Ghar_sajag_r1_storage/code/ParivarSathi_v1.5.4_PWA_BatteryAnalytics_v3_4_2/host/storage/nvs_runtime_probe/build/gs_nvs_runtime_probe.elf 9 50 20 fault 6 freeze ENV={} EXIT=0
DIAG_OPERATION mode=inplace calls=1 units=8 latch=1
NVS_RUNTIME_FAULT cut=6 write=ESP_ERR_FLASH_OP_FAIL old=49 new=127 recovered=49
COMMAND=/home/udaybhan/projects/Ghar_sajag_r1_storage/code/ParivarSathi_v1.5.4_PWA_BatteryAnalytics_v3_4_2/host/storage/nvs_runtime_probe/build/gs_nvs_runtime_probe.elf 9 50 20 fault 7 freeze ENV={} EXIT=0
DIAG_OPERATION mode=inplace calls=1 units=8 latch=1
NVS_RUNTIME_FAULT cut=7 write=ESP_ERR_FLASH_OP_FAIL old=49 new=127 recovered=49
COMMAND=/home/udaybhan/projects/Ghar_sajag_r1_storage/code/ParivarSathi_v1.5.4_PWA_BatteryAnalytics_v3_4_2/host/storage/nvs_runtime_probe/build/gs_nvs_runtime_probe.elf 9 50 20 fault 8 freeze ENV={} EXIT=0
DIAG_OPERATION mode=inplace calls=1 units=8 latch=1
NVS_RUNTIME_FAULT cut=8 write=ESP_ERR_FLASH_OP_FAIL old=49 new=127 recovered=49
COMMAND=/home/udaybhan/projects/Ghar_sajag_r1_storage/code/ParivarSathi_v1.5.4_PWA_BatteryAnalytics_v3_4_2/host/storage/nvs_runtime_probe/build/gs_nvs_runtime_probe.elf 9 50 20 fault 9 freeze ENV={} EXIT=0
DIAG_OPERATION mode=inplace calls=2 units=9 latch=1
NVS_RUNTIME_FAULT cut=9 write=ESP_ERR_FLASH_OP_FAIL old=49 new=127 recovered=49
COMMAND=/home/udaybhan/projects/Ghar_sajag_r1_storage/code/ParivarSathi_v1.5.4_PWA_BatteryAnalytics_v3_4_2/host/storage/nvs_runtime_probe/build/gs_nvs_runtime_probe.elf 9 50 20 fault 10 freeze ENV={} EXIT=0
DIAG_OPERATION mode=inplace calls=3 units=345 latch=1
NVS_RUNTIME_FAULT cut=10 write=ESP_ERR_FLASH_OP_FAIL old=49 new=127 recovered=49
COMMAND=/home/udaybhan/projects/Ghar_sajag_r1_storage/code/ParivarSathi_v1.5.4_PWA_BatteryAnalytics_v3_4_2/host/storage/nvs_runtime_probe/build/gs_nvs_runtime_probe.elf 9 50 20 fault 11 freeze ENV={} EXIT=0
DIAG_OPERATION mode=inplace calls=3 units=345 latch=1
NVS_RUNTIME_FAULT cut=11 write=ESP_ERR_FLASH_OP_FAIL old=49 new=127 recovered=49
COMMAND=/home/udaybhan/projects/Ghar_sajag_r1_storage/code/ParivarSathi_v1.5.4_PWA_BatteryAnalytics_v3_4_2/host/storage/nvs_runtime_probe/build/gs_nvs_runtime_probe.elf 9 50 20 fault 12 freeze ENV={} EXIT=0
DIAG_OPERATION mode=inplace calls=3 units=345 latch=1
NVS_RUNTIME_FAULT cut=12 write=ESP_ERR_FLASH_OP_FAIL old=49 new=127 recovered=49
COMMAND=/home/udaybhan/projects/Ghar_sajag_r1_storage/code/ParivarSathi_v1.5.4_PWA_BatteryAnalytics_v3_4_2/host/storage/nvs_runtime_probe/build/gs_nvs_runtime_probe.elf 9 50 20 fault 13 freeze ENV={} EXIT=0
DIAG_OPERATION mode=inplace calls=3 units=345 latch=1
NVS_RUNTIME_FAULT cut=13 write=ESP_ERR_FLASH_OP_FAIL old=49 new=127 recovered=49
COMMAND=/home/udaybhan/projects/Ghar_sajag_r1_storage/code/ParivarSathi_v1.5.4_PWA_BatteryAnalytics_v3_4_2/host/storage/nvs_runtime_probe/build/gs_nvs_runtime_probe.elf 9 50 20 fault 14 freeze ENV={} EXIT=0
DIAG_OPERATION mode=inplace calls=3 units=345 latch=1
NVS_RUNTIME_FAULT cut=14 write=ESP_ERR_FLASH_OP_FAIL old=49 new=127 recovered=49
COMMAND=/home/udaybhan/projects/Ghar_sajag_r1_storage/code/ParivarSathi_v1.5.4_PWA_BatteryAnalytics_v3_4_2/host/storage/nvs_runtime_probe/build/gs_nvs_runtime_probe.elf 9 50 20 fault 15 freeze ENV={} EXIT=0
DIAG_OPERATION mode=inplace calls=3 units=345 latch=1
NVS_RUNTIME_FAULT cut=15 write=ESP_ERR_FLASH_OP_FAIL old=49 new=127 recovered=49
COMMAND=/home/udaybhan/projects/Ghar_sajag_r1_storage/code/ParivarSathi_v1.5.4_PWA_BatteryAnalytics_v3_4_2/host/storage/nvs_runtime_probe/build/gs_nvs_runtime_probe.elf 9 50 20 fault 16 freeze ENV={} EXIT=0
DIAG_OPERATION mode=inplace calls=3 units=345 latch=1
NVS_RUNTIME_FAULT cut=16 write=ESP_ERR_FLASH_OP_FAIL old=49 new=127 recovered=49
COMMAND=/home/udaybhan/projects/Ghar_sajag_r1_storage/code/ParivarSathi_v1.5.4_PWA_BatteryAnalytics_v3_4_2/host/storage/nvs_runtime_probe/build/gs_nvs_runtime_probe.elf 9 50 20 fault 17 freeze ENV={} EXIT=0
DIAG_OPERATION mode=inplace calls=3 units=345 latch=1
NVS_RUNTIME_FAULT cut=17 write=ESP_ERR_FLASH_OP_FAIL old=49 new=127 recovered=49
COMMAND=/home/udaybhan/projects/Ghar_sajag_r1_storage/code/ParivarSathi_v1.5.4_PWA_BatteryAnalytics_v3_4_2/host/storage/nvs_runtime_probe/build/gs_nvs_runtime_probe.elf 9 50 20 fault 18 freeze ENV={} EXIT=0
DIAG_OPERATION mode=inplace calls=3 units=345 latch=1
NVS_RUNTIME_FAULT cut=18 write=ESP_ERR_FLASH_OP_FAIL old=49 new=127 recovered=49
COMMAND=/home/udaybhan/projects/Ghar_sajag_r1_storage/code/ParivarSathi_v1.5.4_PWA_BatteryAnalytics_v3_4_2/host/storage/nvs_runtime_probe/build/gs_nvs_runtime_probe.elf 9 50 20 fault 19 freeze ENV={} EXIT=0
DIAG_OPERATION mode=inplace calls=3 units=345 latch=1
NVS_RUNTIME_FAULT cut=19 write=ESP_ERR_FLASH_OP_FAIL old=49 new=127 recovered=49
COMMAND=/home/udaybhan/projects/Ghar_sajag_r1_storage/code/ParivarSathi_v1.5.4_PWA_BatteryAnalytics_v3_4_2/host/storage/nvs_runtime_probe/build/gs_nvs_runtime_probe.elf 9 50 20 fault 20 freeze ENV={} EXIT=0
DIAG_OPERATION mode=inplace calls=3 units=345 latch=1
NVS_RUNTIME_FAULT cut=20 write=ESP_ERR_FLASH_OP_FAIL old=49 new=127 recovered=49
COMMAND=/home/udaybhan/projects/Ghar_sajag_r1_storage/code/ParivarSathi_v1.5.4_PWA_BatteryAnalytics_v3_4_2/host/storage/nvs_runtime_probe/build/gs_nvs_runtime_probe.elf 9 50 20 fault 21 freeze ENV={} EXIT=0
DIAG_OPERATION mode=inplace calls=3 units=345 latch=1
NVS_RUNTIME_FAULT cut=21 write=ESP_ERR_FLASH_OP_FAIL old=49 new=127 recovered=49
COMMAND=/home/udaybhan/projects/Ghar_sajag_r1_storage/code/ParivarSathi_v1.5.4_PWA_BatteryAnalytics_v3_4_2/host/storage/nvs_runtime_probe/build/gs_nvs_runtime_probe.elf 9 50 20 fault 22 freeze ENV={} EXIT=0
DIAG_OPERATION mode=inplace calls=3 units=345 latch=1
NVS_RUNTIME_FAULT cut=22 write=ESP_ERR_FLASH_OP_FAIL old=49 new=127 recovered=49
COMMAND=/home/udaybhan/projects/Ghar_sajag_r1_storage/code/ParivarSathi_v1.5.4_PWA_BatteryAnalytics_v3_4_2/host/storage/nvs_runtime_probe/build/gs_nvs_runtime_probe.elf 9 50 20 fault 23 freeze ENV={} EXIT=0
DIAG_OPERATION mode=inplace calls=3 units=345 latch=1
NVS_RUNTIME_FAULT cut=23 write=ESP_ERR_FLASH_OP_FAIL old=49 new=127 recovered=49
COMMAND=/home/udaybhan/projects/Ghar_sajag_r1_storage/code/ParivarSathi_v1.5.4_PWA_BatteryAnalytics_v3_4_2/host/storage/nvs_runtime_probe/build/gs_nvs_runtime_probe.elf 9 50 20 fault 24 freeze ENV={} EXIT=0
DIAG_OPERATION mode=inplace calls=3 units=345 latch=1
NVS_RUNTIME_FAULT cut=24 write=ESP_ERR_FLASH_OP_FAIL old=49 new=127 recovered=49
COMMAND=/home/udaybhan/projects/Ghar_sajag_r1_storage/code/ParivarSathi_v1.5.4_PWA_BatteryAnalytics_v3_4_2/host/storage/nvs_runtime_probe/build/gs_nvs_runtime_probe.elf 9 50 20 fault 25 freeze ENV={} EXIT=0
DIAG_OPERATION mode=inplace calls=3 units=345 latch=1
NVS_RUNTIME_FAULT cut=25 write=ESP_ERR_FLASH_OP_FAIL old=49 new=127 recovered=49
COMMAND=/home/udaybhan/projects/Ghar_sajag_r1_storage/code/ParivarSathi_v1.5.4_PWA_BatteryAnalytics_v3_4_2/host/storage/nvs_runtime_probe/build/gs_nvs_runtime_probe.elf 9 50 20 fault 26 freeze ENV={} EXIT=0
DIAG_OPERATION mode=inplace calls=3 units=345 latch=1
NVS_RUNTIME_FAULT cut=26 write=ESP_ERR_FLASH_OP_FAIL old=49 new=127 recovered=49
COMMAND=/home/udaybhan/projects/Ghar_sajag_r1_storage/code/ParivarSathi_v1.5.4_PWA_BatteryAnalytics_v3_4_2/host/storage/nvs_runtime_probe/build/gs_nvs_runtime_probe.elf 9 50 20 fault 27 freeze ENV={} EXIT=0
DIAG_OPERATION mode=inplace calls=3 units=345 latch=1
NVS_RUNTIME_FAULT cut=27 write=ESP_ERR_FLASH_OP_FAIL old=49 new=127 recovered=49
COMMAND=/home/udaybhan/projects/Ghar_sajag_r1_storage/code/ParivarSathi_v1.5.4_PWA_BatteryAnalytics_v3_4_2/host/storage/nvs_runtime_probe/build/gs_nvs_runtime_probe.elf 9 50 20 fault 28 freeze ENV={} EXIT=0
DIAG_OPERATION mode=inplace calls=3 units=345 latch=1
NVS_RUNTIME_FAULT cut=28 write=ESP_ERR_FLASH_OP_FAIL old=49 new=127 recovered=49
COMMAND=/home/udaybhan/projects/Ghar_sajag_r1_storage/code/ParivarSathi_v1.5.4_PWA_BatteryAnalytics_v3_4_2/host/storage/nvs_runtime_probe/build/gs_nvs_runtime_probe.elf 9 50 20 fault 29 freeze ENV={} EXIT=0
DIAG_OPERATION mode=inplace calls=3 units=345 latch=1
NVS_RUNTIME_FAULT cut=29 write=ESP_ERR_FLASH_OP_FAIL old=49 new=127 recovered=49
COMMAND=/home/udaybhan/projects/Ghar_sajag_r1_storage/code/ParivarSathi_v1.5.4_PWA_BatteryAnalytics_v3_4_2/host/storage/nvs_runtime_probe/build/gs_nvs_runtime_probe.elf 9 50 20 fault 30 freeze ENV={} EXIT=0
DIAG_OPERATION mode=inplace calls=3 units=345 latch=1
NVS_RUNTIME_FAULT cut=30 write=ESP_ERR_FLASH_OP_FAIL old=49 new=127 recovered=49
COMMAND=/home/udaybhan/projects/Ghar_sajag_r1_storage/code/ParivarSathi_v1.5.4_PWA_BatteryAnalytics_v3_4_2/host/storage/nvs_runtime_probe/build/gs_nvs_runtime_probe.elf 9 50 20 fault 31 freeze ENV={} EXIT=0
DIAG_OPERATION mode=inplace calls=3 units=345 latch=1
NVS_RUNTIME_FAULT cut=31 write=ESP_ERR_FLASH_OP_FAIL old=49 new=127 recovered=49
COMMAND=/home/udaybhan/projects/Ghar_sajag_r1_storage/code/ParivarSathi_v1.5.4_PWA_BatteryAnalytics_v3_4_2/host/storage/nvs_runtime_probe/build/gs_nvs_runtime_probe.elf 9 50 20 fault 32 freeze ENV={} EXIT=0
DIAG_OPERATION mode=inplace calls=3 units=345 latch=1
NVS_RUNTIME_FAULT cut=32 write=ESP_ERR_FLASH_OP_FAIL old=49 new=127 recovered=49
COMMAND=/home/udaybhan/projects/Ghar_sajag_r1_storage/code/ParivarSathi_v1.5.4_PWA_BatteryAnalytics_v3_4_2/host/storage/nvs_runtime_probe/build/gs_nvs_runtime_probe.elf 9 50 20 fault 33 freeze ENV={} EXIT=0
DIAG_OPERATION mode=inplace calls=3 units=345 latch=1
NVS_RUNTIME_FAULT cut=33 write=ESP_ERR_FLASH_OP_FAIL old=49 new=127 recovered=49
COMMAND=/home/udaybhan/projects/Ghar_sajag_r1_storage/code/ParivarSathi_v1.5.4_PWA_BatteryAnalytics_v3_4_2/host/storage/nvs_runtime_probe/build/gs_nvs_runtime_probe.elf 9 50 20 fault 34 freeze ENV={} EXIT=0
DIAG_OPERATION mode=inplace calls=3 units=345 latch=1
NVS_RUNTIME_FAULT cut=34 write=ESP_ERR_FLASH_OP_FAIL old=49 new=127 recovered=49
COMMAND=/home/udaybhan/projects/Ghar_sajag_r1_storage/code/ParivarSathi_v1.5.4_PWA_BatteryAnalytics_v3_4_2/host/storage/nvs_runtime_probe/build/gs_nvs_runtime_probe.elf 9 50 20 fault 35 freeze ENV={} EXIT=0
DIAG_OPERATION mode=inplace calls=3 units=345 latch=1
NVS_RUNTIME_FAULT cut=35 write=ESP_ERR_FLASH_OP_FAIL old=49 new=127 recovered=49
COMMAND=/home/udaybhan/projects/Ghar_sajag_r1_storage/code/ParivarSathi_v1.5.4_PWA_BatteryAnalytics_v3_4_2/host/storage/nvs_runtime_probe/build/gs_nvs_runtime_probe.elf 9 50 20 fault 36 freeze ENV={} EXIT=0
DIAG_OPERATION mode=inplace calls=3 units=345 latch=1
NVS_RUNTIME_FAULT cut=36 write=ESP_ERR_FLASH_OP_FAIL old=49 new=127 recovered=49
COMMAND=/home/udaybhan/projects/Ghar_sajag_r1_storage/code/ParivarSathi_v1.5.4_PWA_BatteryAnalytics_v3_4_2/host/storage/nvs_runtime_probe/build/gs_nvs_runtime_probe.elf 9 50 20 fault 37 freeze ENV={} EXIT=0
DIAG_OPERATION mode=inplace calls=3 units=345 latch=1
NVS_RUNTIME_FAULT cut=37 write=ESP_ERR_FLASH_OP_FAIL old=49 new=127 recovered=49
COMMAND=/home/udaybhan/projects/Ghar_sajag_r1_storage/code/ParivarSathi_v1.5.4_PWA_BatteryAnalytics_v3_4_2/host/storage/nvs_runtime_probe/build/gs_nvs_runtime_probe.elf 9 50 20 fault 38 freeze ENV={} EXIT=0
DIAG_OPERATION mode=inplace calls=3 units=345 latch=1
NVS_RUNTIME_FAULT cut=38 write=ESP_ERR_FLASH_OP_FAIL old=49 new=127 recovered=49
COMMAND=/home/udaybhan/projects/Ghar_sajag_r1_storage/code/ParivarSathi_v1.5.4_PWA_BatteryAnalytics_v3_4_2/host/storage/nvs_runtime_probe/build/gs_nvs_runtime_probe.elf 9 50 20 fault 39 freeze ENV={} EXIT=0
DIAG_OPERATION mode=inplace calls=3 units=345 latch=1
NVS_RUNTIME_FAULT cut=39 write=ESP_ERR_FLASH_OP_FAIL old=49 new=127 recovered=49
COMMAND=/home/udaybhan/projects/Ghar_sajag_r1_storage/code/ParivarSathi_v1.5.4_PWA_BatteryAnalytics_v3_4_2/host/storage/nvs_runtime_probe/build/gs_nvs_runtime_probe.elf 9 50 20 fault 40 freeze ENV={} EXIT=0
DIAG_OPERATION mode=inplace calls=3 units=345 latch=1
NVS_RUNTIME_FAULT cut=40 write=ESP_ERR_FLASH_OP_FAIL old=49 new=127 recovered=49
COMMAND=/home/udaybhan/projects/Ghar_sajag_r1_storage/code/ParivarSathi_v1.5.4_PWA_BatteryAnalytics_v3_4_2/host/storage/nvs_runtime_probe/build/gs_nvs_runtime_probe.elf 9 50 20 fault 41 freeze ENV={} EXIT=0
DIAG_OPERATION mode=inplace calls=3 units=345 latch=1
NVS_RUNTIME_FAULT cut=41 write=ESP_ERR_FLASH_OP_FAIL old=49 new=127 recovered=49
COMMAND=/home/udaybhan/projects/Ghar_sajag_r1_storage/code/ParivarSathi_v1.5.4_PWA_BatteryAnalytics_v3_4_2/host/storage/nvs_runtime_probe/build/gs_nvs_runtime_probe.elf 9 50 20 fault 42 freeze ENV={} EXIT=0
DIAG_OPERATION mode=inplace calls=3 units=345 latch=1
NVS_RUNTIME_FAULT cut=42 write=ESP_ERR_FLASH_OP_FAIL old=49 new=127 recovered=49
COMMAND=/home/udaybhan/projects/Ghar_sajag_r1_storage/code/ParivarSathi_v1.5.4_PWA_BatteryAnalytics_v3_4_2/host/storage/nvs_runtime_probe/build/gs_nvs_runtime_probe.elf 9 50 20 fault 43 freeze ENV={} EXIT=0
DIAG_OPERATION mode=inplace calls=3 units=345 latch=1
NVS_RUNTIME_FAULT cut=43 write=ESP_ERR_FLASH_OP_FAIL old=49 new=127 recovered=49
COMMAND=/home/udaybhan/projects/Ghar_sajag_r1_storage/code/ParivarSathi_v1.5.4_PWA_BatteryAnalytics_v3_4_2/host/storage/nvs_runtime_probe/build/gs_nvs_runtime_probe.elf 9 50 20 fault 44 freeze ENV={} EXIT=0
DIAG_OPERATION mode=inplace calls=3 units=345 latch=1
NVS_RUNTIME_FAULT cut=44 write=ESP_ERR_FLASH_OP_FAIL old=49 new=127 recovered=49
COMMAND=/home/udaybhan/projects/Ghar_sajag_r1_storage/code/ParivarSathi_v1.5.4_PWA_BatteryAnalytics_v3_4_2/host/storage/nvs_runtime_probe/build/gs_nvs_runtime_probe.elf 9 50 20 fault 45 freeze ENV={} EXIT=0
DIAG_OPERATION mode=inplace calls=3 units=345 latch=1
NVS_RUNTIME_FAULT cut=45 write=ESP_ERR_FLASH_OP_FAIL old=49 new=127 recovered=49
COMMAND=/home/udaybhan/projects/Ghar_sajag_r1_storage/code/ParivarSathi_v1.5.4_PWA_BatteryAnalytics_v3_4_2/host/storage/nvs_runtime_probe/build/gs_nvs_runtime_probe.elf 9 50 20 fault 46 freeze ENV={} EXIT=0
DIAG_OPERATION mode=inplace calls=3 units=345 latch=1
NVS_RUNTIME_FAULT cut=46 write=ESP_ERR_FLASH_OP_FAIL old=49 new=127 recovered=49
COMMAND=/home/udaybhan/projects/Ghar_sajag_r1_storage/code/ParivarSathi_v1.5.4_PWA_BatteryAnalytics_v3_4_2/host/storage/nvs_runtime_probe/build/gs_nvs_runtime_probe.elf 9 50 20 fault 47 freeze ENV={} EXIT=0
DIAG_OPERATION mode=inplace calls=3 units=345 latch=1
NVS_RUNTIME_FAULT cut=47 write=ESP_ERR_FLASH_OP_FAIL old=49 new=127 recovered=49
COMMAND=/home/udaybhan/projects/Ghar_sajag_r1_storage/code/ParivarSathi_v1.5.4_PWA_BatteryAnalytics_v3_4_2/host/storage/nvs_runtime_probe/build/gs_nvs_runtime_probe.elf 9 50 20 fault 48 freeze ENV={} EXIT=0
DIAG_OPERATION mode=inplace calls=3 units=345 latch=1
NVS_RUNTIME_FAULT cut=48 write=ESP_ERR_FLASH_OP_FAIL old=49 new=127 recovered=49
COMMAND=/home/udaybhan/projects/Ghar_sajag_r1_storage/code/ParivarSathi_v1.5.4_PWA_BatteryAnalytics_v3_4_2/host/storage/nvs_runtime_probe/build/gs_nvs_runtime_probe.elf 9 50 20 fault 49 freeze ENV={} EXIT=0
DIAG_OPERATION mode=inplace calls=3 units=345 latch=1
NVS_RUNTIME_FAULT cut=49 write=ESP_ERR_FLASH_OP_FAIL old=49 new=127 recovered=49
COMMAND=/home/udaybhan/projects/Ghar_sajag_r1_storage/code/ParivarSathi_v1.5.4_PWA_BatteryAnalytics_v3_4_2/host/storage/nvs_runtime_probe/build/gs_nvs_runtime_probe.elf 9 50 20 fault 50 freeze ENV={} EXIT=0
DIAG_OPERATION mode=inplace calls=3 units=345 latch=1
NVS_RUNTIME_FAULT cut=50 write=ESP_ERR_FLASH_OP_FAIL old=49 new=127 recovered=49
COMMAND=/home/udaybhan/projects/Ghar_sajag_r1_storage/code/ParivarSathi_v1.5.4_PWA_BatteryAnalytics_v3_4_2/host/storage/nvs_runtime_probe/build/gs_nvs_runtime_probe.elf 9 50 20 fault 51 freeze ENV={} EXIT=0
DIAG_OPERATION mode=inplace calls=3 units=345 latch=1
NVS_RUNTIME_FAULT cut=51 write=ESP_ERR_FLASH_OP_FAIL old=49 new=127 recovered=49
COMMAND=/home/udaybhan/projects/Ghar_sajag_r1_storage/code/ParivarSathi_v1.5.4_PWA_BatteryAnalytics_v3_4_2/host/storage/nvs_runtime_probe/build/gs_nvs_runtime_probe.elf 9 50 20 fault 52 freeze ENV={} EXIT=0
DIAG_OPERATION mode=inplace calls=3 units=345 latch=1
NVS_RUNTIME_FAULT cut=52 write=ESP_ERR_FLASH_OP_FAIL old=49 new=127 recovered=49
COMMAND=/home/udaybhan/projects/Ghar_sajag_r1_storage/code/ParivarSathi_v1.5.4_PWA_BatteryAnalytics_v3_4_2/host/storage/nvs_runtime_probe/build/gs_nvs_runtime_probe.elf 9 50 20 fault 53 freeze ENV={} EXIT=0
DIAG_OPERATION mode=inplace calls=3 units=345 latch=1
NVS_RUNTIME_FAULT cut=53 write=ESP_ERR_FLASH_OP_FAIL old=49 new=127 recovered=49
COMMAND=/home/udaybhan/projects/Ghar_sajag_r1_storage/code/ParivarSathi_v1.5.4_PWA_BatteryAnalytics_v3_4_2/host/storage/nvs_runtime_probe/build/gs_nvs_runtime_probe.elf 9 50 20 fault 54 freeze ENV={} EXIT=0
DIAG_OPERATION mode=inplace calls=3 units=345 latch=1
NVS_RUNTIME_FAULT cut=54 write=ESP_ERR_FLASH_OP_FAIL old=49 new=127 recovered=49
COMMAND=/home/udaybhan/projects/Ghar_sajag_r1_storage/code/ParivarSathi_v1.5.4_PWA_BatteryAnalytics_v3_4_2/host/storage/nvs_runtime_probe/build/gs_nvs_runtime_probe.elf 9 50 20 fault 55 freeze ENV={} EXIT=0
DIAG_OPERATION mode=inplace calls=3 units=345 latch=1
NVS_RUNTIME_FAULT cut=55 write=ESP_ERR_FLASH_OP_FAIL old=49 new=127 recovered=49
COMMAND=/home/udaybhan/projects/Ghar_sajag_r1_storage/code/ParivarSathi_v1.5.4_PWA_BatteryAnalytics_v3_4_2/host/storage/nvs_runtime_probe/build/gs_nvs_runtime_probe.elf 9 50 20 fault 56 freeze ENV={} EXIT=0
DIAG_OPERATION mode=inplace calls=3 units=345 latch=1
NVS_RUNTIME_FAULT cut=56 write=ESP_ERR_FLASH_OP_FAIL old=49 new=127 recovered=49
COMMAND=/home/udaybhan/projects/Ghar_sajag_r1_storage/code/ParivarSathi_v1.5.4_PWA_BatteryAnalytics_v3_4_2/host/storage/nvs_runtime_probe/build/gs_nvs_runtime_probe.elf 9 50 20 fault 57 freeze ENV={} EXIT=0
DIAG_OPERATION mode=inplace calls=3 units=345 latch=1
NVS_RUNTIME_FAULT cut=57 write=ESP_ERR_FLASH_OP_FAIL old=49 new=127 recovered=49
COMMAND=/home/udaybhan/projects/Ghar_sajag_r1_storage/code/ParivarSathi_v1.5.4_PWA_BatteryAnalytics_v3_4_2/host/storage/nvs_runtime_probe/build/gs_nvs_runtime_probe.elf 9 50 20 fault 58 freeze ENV={} EXIT=0
DIAG_OPERATION mode=inplace calls=3 units=345 latch=1
NVS_RUNTIME_FAULT cut=58 write=ESP_ERR_FLASH_OP_FAIL old=49 new=127 recovered=49
COMMAND=/home/udaybhan/projects/Ghar_sajag_r1_storage/code/ParivarSathi_v1.5.4_PWA_BatteryAnalytics_v3_4_2/host/storage/nvs_runtime_probe/build/gs_nvs_runtime_probe.elf 9 50 20 fault 59 freeze ENV={} EXIT=0
DIAG_OPERATION mode=inplace calls=3 units=345 latch=1
NVS_RUNTIME_FAULT cut=59 write=ESP_ERR_FLASH_OP_FAIL old=49 new=127 recovered=49
COMMAND=/home/udaybhan/projects/Ghar_sajag_r1_storage/code/ParivarSathi_v1.5.4_PWA_BatteryAnalytics_v3_4_2/host/storage/nvs_runtime_probe/build/gs_nvs_runtime_probe.elf 9 50 20 fault 60 freeze ENV={} EXIT=0
DIAG_OPERATION mode=inplace calls=3 units=345 latch=1
NVS_RUNTIME_FAULT cut=60 write=ESP_ERR_FLASH_OP_FAIL old=49 new=127 recovered=49
COMMAND=/home/udaybhan/projects/Ghar_sajag_r1_storage/code/ParivarSathi_v1.5.4_PWA_BatteryAnalytics_v3_4_2/host/storage/nvs_runtime_probe/build/gs_nvs_runtime_probe.elf 9 50 20 fault 61 freeze ENV={} EXIT=0
DIAG_OPERATION mode=inplace calls=3 units=345 latch=1
NVS_RUNTIME_FAULT cut=61 write=ESP_ERR_FLASH_OP_FAIL old=49 new=127 recovered=49
COMMAND=/home/udaybhan/projects/Ghar_sajag_r1_storage/code/ParivarSathi_v1.5.4_PWA_BatteryAnalytics_v3_4_2/host/storage/nvs_runtime_probe/build/gs_nvs_runtime_probe.elf 9 50 20 fault 62 freeze ENV={} EXIT=0
DIAG_OPERATION mode=inplace calls=3 units=345 latch=1
NVS_RUNTIME_FAULT cut=62 write=ESP_ERR_FLASH_OP_FAIL old=49 new=127 recovered=49
COMMAND=/home/udaybhan/projects/Ghar_sajag_r1_storage/code/ParivarSathi_v1.5.4_PWA_BatteryAnalytics_v3_4_2/host/storage/nvs_runtime_probe/build/gs_nvs_runtime_probe.elf 9 50 20 fault 63 freeze ENV={} EXIT=0
DIAG_OPERATION mode=inplace calls=3 units=345 latch=1
NVS_RUNTIME_FAULT cut=63 write=ESP_ERR_FLASH_OP_FAIL old=49 new=127 recovered=49
COMMAND=/home/udaybhan/projects/Ghar_sajag_r1_storage/code/ParivarSathi_v1.5.4_PWA_BatteryAnalytics_v3_4_2/host/storage/nvs_runtime_probe/build/gs_nvs_runtime_probe.elf 9 50 20 fault 64 freeze ENV={} EXIT=0
DIAG_OPERATION mode=inplace calls=3 units=345 latch=1
NVS_RUNTIME_FAULT cut=64 write=ESP_ERR_FLASH_OP_FAIL old=49 new=127 recovered=49
COMMAND=/home/udaybhan/projects/Ghar_sajag_r1_storage/code/ParivarSathi_v1.5.4_PWA_BatteryAnalytics_v3_4_2/host/storage/nvs_runtime_probe/build/gs_nvs_runtime_probe.elf 9 50 20 fault 65 freeze ENV={} EXIT=0
DIAG_OPERATION mode=inplace calls=3 units=345 latch=1
NVS_RUNTIME_FAULT cut=65 write=ESP_ERR_FLASH_OP_FAIL old=49 new=127 recovered=49
COMMAND=/home/udaybhan/projects/Ghar_sajag_r1_storage/code/ParivarSathi_v1.5.4_PWA_BatteryAnalytics_v3_4_2/host/storage/nvs_runtime_probe/build/gs_nvs_runtime_probe.elf 9 50 20 fault 66 freeze ENV={} EXIT=0
DIAG_OPERATION mode=inplace calls=3 units=345 latch=1
NVS_RUNTIME_FAULT cut=66 write=ESP_ERR_FLASH_OP_FAIL old=49 new=127 recovered=49
COMMAND=/home/udaybhan/projects/Ghar_sajag_r1_storage/code/ParivarSathi_v1.5.4_PWA_BatteryAnalytics_v3_4_2/host/storage/nvs_runtime_probe/build/gs_nvs_runtime_probe.elf 9 50 20 fault 67 freeze ENV={} EXIT=0
DIAG_OPERATION mode=inplace calls=3 units=345 latch=1
NVS_RUNTIME_FAULT cut=67 write=ESP_ERR_FLASH_OP_FAIL old=49 new=127 recovered=49
COMMAND=/home/udaybhan/projects/Ghar_sajag_r1_storage/code/ParivarSathi_v1.5.4_PWA_BatteryAnalytics_v3_4_2/host/storage/nvs_runtime_probe/build/gs_nvs_runtime_probe.elf 9 50 20 fault 68 freeze ENV={} EXIT=0
DIAG_OPERATION mode=inplace calls=3 units=345 latch=1
NVS_RUNTIME_FAULT cut=68 write=ESP_ERR_FLASH_OP_FAIL old=49 new=127 recovered=49
COMMAND=/home/udaybhan/projects/Ghar_sajag_r1_storage/code/ParivarSathi_v1.5.4_PWA_BatteryAnalytics_v3_4_2/host/storage/nvs_runtime_probe/build/gs_nvs_runtime_probe.elf 9 50 20 fault 69 freeze ENV={} EXIT=0
DIAG_OPERATION mode=inplace calls=3 units=345 latch=1
NVS_RUNTIME_FAULT cut=69 write=ESP_ERR_FLASH_OP_FAIL old=49 new=127 recovered=49
COMMAND=/home/udaybhan/projects/Ghar_sajag_r1_storage/code/ParivarSathi_v1.5.4_PWA_BatteryAnalytics_v3_4_2/host/storage/nvs_runtime_probe/build/gs_nvs_runtime_probe.elf 9 50 20 fault 70 freeze ENV={} EXIT=0
DIAG_OPERATION mode=inplace calls=3 units=345 latch=1
NVS_RUNTIME_FAULT cut=70 write=ESP_ERR_FLASH_OP_FAIL old=49 new=127 recovered=49
COMMAND=/home/udaybhan/projects/Ghar_sajag_r1_storage/code/ParivarSathi_v1.5.4_PWA_BatteryAnalytics_v3_4_2/host/storage/nvs_runtime_probe/build/gs_nvs_runtime_probe.elf 9 50 20 fault 71 freeze ENV={} EXIT=0
DIAG_OPERATION mode=inplace calls=3 units=345 latch=1
NVS_RUNTIME_FAULT cut=71 write=ESP_ERR_FLASH_OP_FAIL old=49 new=127 recovered=49
COMMAND=/home/udaybhan/projects/Ghar_sajag_r1_storage/code/ParivarSathi_v1.5.4_PWA_BatteryAnalytics_v3_4_2/host/storage/nvs_runtime_probe/build/gs_nvs_runtime_probe.elf 9 50 20 fault 72 freeze ENV={} EXIT=0
DIAG_OPERATION mode=inplace calls=3 units=345 latch=1
NVS_RUNTIME_FAULT cut=72 write=ESP_ERR_FLASH_OP_FAIL old=49 new=127 recovered=49
COMMAND=/home/udaybhan/projects/Ghar_sajag_r1_storage/code/ParivarSathi_v1.5.4_PWA_BatteryAnalytics_v3_4_2/host/storage/nvs_runtime_probe/build/gs_nvs_runtime_probe.elf 9 50 20 fault 73 freeze ENV={} EXIT=0
DIAG_OPERATION mode=inplace calls=3 units=345 latch=1
NVS_RUNTIME_FAULT cut=73 write=ESP_ERR_FLASH_OP_FAIL old=49 new=127 recovered=49
COMMAND=/home/udaybhan/projects/Ghar_sajag_r1_storage/code/ParivarSathi_v1.5.4_PWA_BatteryAnalytics_v3_4_2/host/storage/nvs_runtime_probe/build/gs_nvs_runtime_probe.elf 9 50 20 fault 74 freeze ENV={} EXIT=0
DIAG_OPERATION mode=inplace calls=3 units=345 latch=1
NVS_RUNTIME_FAULT cut=74 write=ESP_ERR_FLASH_OP_FAIL old=49 new=127 recovered=49
COMMAND=/home/udaybhan/projects/Ghar_sajag_r1_storage/code/ParivarSathi_v1.5.4_PWA_BatteryAnalytics_v3_4_2/host/storage/nvs_runtime_probe/build/gs_nvs_runtime_probe.elf 9 50 20 fault 75 freeze ENV={} EXIT=0
DIAG_OPERATION mode=inplace calls=3 units=345 latch=1
NVS_RUNTIME_FAULT cut=75 write=ESP_ERR_FLASH_OP_FAIL old=49 new=127 recovered=49
COMMAND=/home/udaybhan/projects/Ghar_sajag_r1_storage/code/ParivarSathi_v1.5.4_PWA_BatteryAnalytics_v3_4_2/host/storage/nvs_runtime_probe/build/gs_nvs_runtime_probe.elf 9 50 20 fault 76 freeze ENV={} EXIT=0
DIAG_OPERATION mode=inplace calls=3 units=345 latch=1
NVS_RUNTIME_FAULT cut=76 write=ESP_ERR_FLASH_OP_FAIL old=49 new=127 recovered=49
COMMAND=/home/udaybhan/projects/Ghar_sajag_r1_storage/code/ParivarSathi_v1.5.4_PWA_BatteryAnalytics_v3_4_2/host/storage/nvs_runtime_probe/build/gs_nvs_runtime_probe.elf 9 50 20 fault 77 freeze ENV={} EXIT=0
DIAG_OPERATION mode=inplace calls=3 units=345 latch=1
NVS_RUNTIME_FAULT cut=77 write=ESP_ERR_FLASH_OP_FAIL old=49 new=127 recovered=49
COMMAND=/home/udaybhan/projects/Ghar_sajag_r1_storage/code/ParivarSathi_v1.5.4_PWA_BatteryAnalytics_v3_4_2/host/storage/nvs_runtime_probe/build/gs_nvs_runtime_probe.elf 9 50 20 fault 78 freeze ENV={} EXIT=0
DIAG_OPERATION mode=inplace calls=3 units=345 latch=1
NVS_RUNTIME_FAULT cut=78 write=ESP_ERR_FLASH_OP_FAIL old=49 new=127 recovered=49
COMMAND=/home/udaybhan/projects/Ghar_sajag_r1_storage/code/ParivarSathi_v1.5.4_PWA_BatteryAnalytics_v3_4_2/host/storage/nvs_runtime_probe/build/gs_nvs_runtime_probe.elf 9 50 20 fault 79 freeze ENV={} EXIT=0
DIAG_OPERATION mode=inplace calls=3 units=345 latch=1
NVS_RUNTIME_FAULT cut=79 write=ESP_ERR_FLASH_OP_FAIL old=49 new=127 recovered=49
COMMAND=/home/udaybhan/projects/Ghar_sajag_r1_storage/code/ParivarSathi_v1.5.4_PWA_BatteryAnalytics_v3_4_2/host/storage/nvs_runtime_probe/build/gs_nvs_runtime_probe.elf 9 50 20 fault 80 freeze ENV={} EXIT=0
DIAG_OPERATION mode=inplace calls=3 units=345 latch=1
NVS_RUNTIME_FAULT cut=80 write=ESP_ERR_FLASH_OP_FAIL old=49 new=127 recovered=49
COMMAND=/home/udaybhan/projects/Ghar_sajag_r1_storage/code/ParivarSathi_v1.5.4_PWA_BatteryAnalytics_v3_4_2/host/storage/nvs_runtime_probe/build/gs_nvs_runtime_probe.elf 9 50 20 fault 81 freeze ENV={} EXIT=0
DIAG_OPERATION mode=inplace calls=3 units=345 latch=1
NVS_RUNTIME_FAULT cut=81 write=ESP_ERR_FLASH_OP_FAIL old=49 new=127 recovered=49
COMMAND=/home/udaybhan/projects/Ghar_sajag_r1_storage/code/ParivarSathi_v1.5.4_PWA_BatteryAnalytics_v3_4_2/host/storage/nvs_runtime_probe/build/gs_nvs_runtime_probe.elf 9 50 20 fault 82 freeze ENV={} EXIT=0
DIAG_OPERATION mode=inplace calls=3 units=345 latch=1
NVS_RUNTIME_FAULT cut=82 write=ESP_ERR_FLASH_OP_FAIL old=49 new=127 recovered=49
COMMAND=/home/udaybhan/projects/Ghar_sajag_r1_storage/code/ParivarSathi_v1.5.4_PWA_BatteryAnalytics_v3_4_2/host/storage/nvs_runtime_probe/build/gs_nvs_runtime_probe.elf 9 50 20 fault 83 freeze ENV={} EXIT=0
DIAG_OPERATION mode=inplace calls=3 units=345 latch=1
NVS_RUNTIME_FAULT cut=83 write=ESP_ERR_FLASH_OP_FAIL old=49 new=127 recovered=49
COMMAND=/home/udaybhan/projects/Ghar_sajag_r1_storage/code/ParivarSathi_v1.5.4_PWA_BatteryAnalytics_v3_4_2/host/storage/nvs_runtime_probe/build/gs_nvs_runtime_probe.elf 9 50 20 fault 84 freeze ENV={} EXIT=0
DIAG_OPERATION mode=inplace calls=3 units=345 latch=1
NVS_RUNTIME_FAULT cut=84 write=ESP_ERR_FLASH_OP_FAIL old=49 new=127 recovered=49
COMMAND=/home/udaybhan/projects/Ghar_sajag_r1_storage/code/ParivarSathi_v1.5.4_PWA_BatteryAnalytics_v3_4_2/host/storage/nvs_runtime_probe/build/gs_nvs_runtime_probe.elf 9 50 20 fault 85 freeze ENV={} EXIT=0
DIAG_OPERATION mode=inplace calls=3 units=345 latch=1
NVS_RUNTIME_FAULT cut=85 write=ESP_ERR_FLASH_OP_FAIL old=49 new=127 recovered=49
COMMAND=/home/udaybhan/projects/Ghar_sajag_r1_storage/code/ParivarSathi_v1.5.4_PWA_BatteryAnalytics_v3_4_2/host/storage/nvs_runtime_probe/build/gs_nvs_runtime_probe.elf 9 50 20 fault 86 freeze ENV={} EXIT=0
DIAG_OPERATION mode=inplace calls=3 units=345 latch=1
NVS_RUNTIME_FAULT cut=86 write=ESP_ERR_FLASH_OP_FAIL old=49 new=127 recovered=49
COMMAND=/home/udaybhan/projects/Ghar_sajag_r1_storage/code/ParivarSathi_v1.5.4_PWA_BatteryAnalytics_v3_4_2/host/storage/nvs_runtime_probe/build/gs_nvs_runtime_probe.elf 9 50 20 fault 87 freeze ENV={} EXIT=0
DIAG_OPERATION mode=inplace calls=3 units=345 latch=1
NVS_RUNTIME_FAULT cut=87 write=ESP_ERR_FLASH_OP_FAIL old=49 new=127 recovered=49
COMMAND=/home/udaybhan/projects/Ghar_sajag_r1_storage/code/ParivarSathi_v1.5.4_PWA_BatteryAnalytics_v3_4_2/host/storage/nvs_runtime_probe/build/gs_nvs_runtime_probe.elf 9 50 20 fault 88 freeze ENV={} EXIT=0
DIAG_OPERATION mode=inplace calls=3 units=345 latch=1
NVS_RUNTIME_FAULT cut=88 write=ESP_ERR_FLASH_OP_FAIL old=49 new=127 recovered=49
COMMAND=/home/udaybhan/projects/Ghar_sajag_r1_storage/code/ParivarSathi_v1.5.4_PWA_BatteryAnalytics_v3_4_2/host/storage/nvs_runtime_probe/build/gs_nvs_runtime_probe.elf 9 50 20 fault 89 freeze ENV={} EXIT=0
DIAG_OPERATION mode=inplace calls=3 units=345 latch=1
NVS_RUNTIME_FAULT cut=89 write=ESP_ERR_FLASH_OP_FAIL old=49 new=127 recovered=49
COMMAND=/home/udaybhan/projects/Ghar_sajag_r1_storage/code/ParivarSathi_v1.5.4_PWA_BatteryAnalytics_v3_4_2/host/storage/nvs_runtime_probe/build/gs_nvs_runtime_probe.elf 9 50 20 fault 90 freeze ENV={} EXIT=0
DIAG_OPERATION mode=inplace calls=3 units=345 latch=1
NVS_RUNTIME_FAULT cut=90 write=ESP_ERR_FLASH_OP_FAIL old=49 new=127 recovered=49
COMMAND=/home/udaybhan/projects/Ghar_sajag_r1_storage/code/ParivarSathi_v1.5.4_PWA_BatteryAnalytics_v3_4_2/host/storage/nvs_runtime_probe/build/gs_nvs_runtime_probe.elf 9 50 20 fault 91 freeze ENV={} EXIT=0
DIAG_OPERATION mode=inplace calls=3 units=345 latch=1
NVS_RUNTIME_FAULT cut=91 write=ESP_ERR_FLASH_OP_FAIL old=49 new=127 recovered=49
COMMAND=/home/udaybhan/projects/Ghar_sajag_r1_storage/code/ParivarSathi_v1.5.4_PWA_BatteryAnalytics_v3_4_2/host/storage/nvs_runtime_probe/build/gs_nvs_runtime_probe.elf 9 50 20 fault 92 freeze ENV={} EXIT=0
DIAG_OPERATION mode=inplace calls=3 units=345 latch=1
NVS_RUNTIME_FAULT cut=92 write=ESP_ERR_FLASH_OP_FAIL old=49 new=127 recovered=49
COMMAND=/home/udaybhan/projects/Ghar_sajag_r1_storage/code/ParivarSathi_v1.5.4_PWA_BatteryAnalytics_v3_4_2/host/storage/nvs_runtime_probe/build/gs_nvs_runtime_probe.elf 9 50 20 fault 93 freeze ENV={} EXIT=0
DIAG_OPERATION mode=inplace calls=3 units=345 latch=1
NVS_RUNTIME_FAULT cut=93 write=ESP_ERR_FLASH_OP_FAIL old=49 new=127 recovered=49
COMMAND=/home/udaybhan/projects/Ghar_sajag_r1_storage/code/ParivarSathi_v1.5.4_PWA_BatteryAnalytics_v3_4_2/host/storage/nvs_runtime_probe/build/gs_nvs_runtime_probe.elf 9 50 20 fault 94 freeze ENV={} EXIT=0
DIAG_OPERATION mode=inplace calls=3 units=345 latch=1
NVS_RUNTIME_FAULT cut=94 write=ESP_ERR_FLASH_OP_FAIL old=49 new=127 recovered=49
COMMAND=/home/udaybhan/projects/Ghar_sajag_r1_storage/code/ParivarSathi_v1.5.4_PWA_BatteryAnalytics_v3_4_2/host/storage/nvs_runtime_probe/build/gs_nvs_runtime_probe.elf 9 50 20 fault 95 freeze ENV={} EXIT=0
DIAG_OPERATION mode=inplace calls=3 units=345 latch=1
NVS_RUNTIME_FAULT cut=95 write=ESP_ERR_FLASH_OP_FAIL old=49 new=127 recovered=49
COMMAND=/home/udaybhan/projects/Ghar_sajag_r1_storage/code/ParivarSathi_v1.5.4_PWA_BatteryAnalytics_v3_4_2/host/storage/nvs_runtime_probe/build/gs_nvs_runtime_probe.elf 9 50 20 fault 96 freeze ENV={} EXIT=0
DIAG_OPERATION mode=inplace calls=3 units=345 latch=1
NVS_RUNTIME_FAULT cut=96 write=ESP_ERR_FLASH_OP_FAIL old=49 new=127 recovered=49
COMMAND=/home/udaybhan/projects/Ghar_sajag_r1_storage/code/ParivarSathi_v1.5.4_PWA_BatteryAnalytics_v3_4_2/host/storage/nvs_runtime_probe/build/gs_nvs_runtime_probe.elf 9 50 20 fault 97 freeze ENV={} EXIT=0
DIAG_OPERATION mode=inplace calls=3 units=345 latch=1
NVS_RUNTIME_FAULT cut=97 write=ESP_ERR_FLASH_OP_FAIL old=49 new=127 recovered=49
COMMAND=/home/udaybhan/projects/Ghar_sajag_r1_storage/code/ParivarSathi_v1.5.4_PWA_BatteryAnalytics_v3_4_2/host/storage/nvs_runtime_probe/build/gs_nvs_runtime_probe.elf 9 50 20 fault 98 freeze ENV={} EXIT=0
DIAG_OPERATION mode=inplace calls=3 units=345 latch=1
NVS_RUNTIME_FAULT cut=98 write=ESP_ERR_FLASH_OP_FAIL old=49 new=127 recovered=49
COMMAND=/home/udaybhan/projects/Ghar_sajag_r1_storage/code/ParivarSathi_v1.5.4_PWA_BatteryAnalytics_v3_4_2/host/storage/nvs_runtime_probe/build/gs_nvs_runtime_probe.elf 9 50 20 fault 99 freeze ENV={} EXIT=0
DIAG_OPERATION mode=inplace calls=3 units=345 latch=1
NVS_RUNTIME_FAULT cut=99 write=ESP_ERR_FLASH_OP_FAIL old=49 new=127 recovered=49
COMMAND=/home/udaybhan/projects/Ghar_sajag_r1_storage/code/ParivarSathi_v1.5.4_PWA_BatteryAnalytics_v3_4_2/host/storage/nvs_runtime_probe/build/gs_nvs_runtime_probe.elf 9 50 20 fault 100 freeze ENV={} EXIT=0
DIAG_OPERATION mode=inplace calls=3 units=345 latch=1
NVS_RUNTIME_FAULT cut=100 write=ESP_ERR_FLASH_OP_FAIL old=49 new=127 recovered=49
COMMAND=/home/udaybhan/projects/Ghar_sajag_r1_storage/code/ParivarSathi_v1.5.4_PWA_BatteryAnalytics_v3_4_2/host/storage/nvs_runtime_probe/build/gs_nvs_runtime_probe.elf 9 50 20 fault 101 freeze ENV={} EXIT=0
DIAG_OPERATION mode=inplace calls=3 units=345 latch=1
NVS_RUNTIME_FAULT cut=101 write=ESP_ERR_FLASH_OP_FAIL old=49 new=127 recovered=49
COMMAND=/home/udaybhan/projects/Ghar_sajag_r1_storage/code/ParivarSathi_v1.5.4_PWA_BatteryAnalytics_v3_4_2/host/storage/nvs_runtime_probe/build/gs_nvs_runtime_probe.elf 9 50 20 fault 102 freeze ENV={} EXIT=0
DIAG_OPERATION mode=inplace calls=3 units=345 latch=1
NVS_RUNTIME_FAULT cut=102 write=ESP_ERR_FLASH_OP_FAIL old=49 new=127 recovered=49
COMMAND=/home/udaybhan/projects/Ghar_sajag_r1_storage/code/ParivarSathi_v1.5.4_PWA_BatteryAnalytics_v3_4_2/host/storage/nvs_runtime_probe/build/gs_nvs_runtime_probe.elf 9 50 20 fault 103 freeze ENV={} EXIT=0
DIAG_OPERATION mode=inplace calls=3 units=345 latch=1
NVS_RUNTIME_FAULT cut=103 write=ESP_ERR_FLASH_OP_FAIL old=49 new=127 recovered=49
COMMAND=/home/udaybhan/projects/Ghar_sajag_r1_storage/code/ParivarSathi_v1.5.4_PWA_BatteryAnalytics_v3_4_2/host/storage/nvs_runtime_probe/build/gs_nvs_runtime_probe.elf 9 50 20 fault 104 freeze ENV={} EXIT=0
DIAG_OPERATION mode=inplace calls=3 units=345 latch=1
NVS_RUNTIME_FAULT cut=104 write=ESP_ERR_FLASH_OP_FAIL old=49 new=127 recovered=49
COMMAND=/home/udaybhan/projects/Ghar_sajag_r1_storage/code/ParivarSathi_v1.5.4_PWA_BatteryAnalytics_v3_4_2/host/storage/nvs_runtime_probe/build/gs_nvs_runtime_probe.elf 9 50 20 fault 105 freeze ENV={} EXIT=0
DIAG_OPERATION mode=inplace calls=3 units=345 latch=1
NVS_RUNTIME_FAULT cut=105 write=ESP_ERR_FLASH_OP_FAIL old=49 new=127 recovered=49
COMMAND=/home/udaybhan/projects/Ghar_sajag_r1_storage/code/ParivarSathi_v1.5.4_PWA_BatteryAnalytics_v3_4_2/host/storage/nvs_runtime_probe/build/gs_nvs_runtime_probe.elf 9 50 20 fault 106 freeze ENV={} EXIT=0
DIAG_OPERATION mode=inplace calls=3 units=345 latch=1
NVS_RUNTIME_FAULT cut=106 write=ESP_ERR_FLASH_OP_FAIL old=49 new=127 recovered=49
COMMAND=/home/udaybhan/projects/Ghar_sajag_r1_storage/code/ParivarSathi_v1.5.4_PWA_BatteryAnalytics_v3_4_2/host/storage/nvs_runtime_probe/build/gs_nvs_runtime_probe.elf 9 50 20 fault 107 freeze ENV={} EXIT=0
DIAG_OPERATION mode=inplace calls=3 units=345 latch=1
NVS_RUNTIME_FAULT cut=107 write=ESP_ERR_FLASH_OP_FAIL old=49 new=127 recovered=49
COMMAND=/home/udaybhan/projects/Ghar_sajag_r1_storage/code/ParivarSathi_v1.5.4_PWA_BatteryAnalytics_v3_4_2/host/storage/nvs_runtime_probe/build/gs_nvs_runtime_probe.elf 9 50 20 fault 108 freeze ENV={} EXIT=0
DIAG_OPERATION mode=inplace calls=3 units=345 latch=1
NVS_RUNTIME_FAULT cut=108 write=ESP_ERR_FLASH_OP_FAIL old=49 new=127 recovered=49
COMMAND=/home/udaybhan/projects/Ghar_sajag_r1_storage/code/ParivarSathi_v1.5.4_PWA_BatteryAnalytics_v3_4_2/host/storage/nvs_runtime_probe/build/gs_nvs_runtime_probe.elf 9 50 20 fault 109 freeze ENV={} EXIT=0
DIAG_OPERATION mode=inplace calls=3 units=345 latch=1
NVS_RUNTIME_FAULT cut=109 write=ESP_ERR_FLASH_OP_FAIL old=49 new=127 recovered=49
COMMAND=/home/udaybhan/projects/Ghar_sajag_r1_storage/code/ParivarSathi_v1.5.4_PWA_BatteryAnalytics_v3_4_2/host/storage/nvs_runtime_probe/build/gs_nvs_runtime_probe.elf 9 50 20 fault 110 freeze ENV={} EXIT=0
DIAG_OPERATION mode=inplace calls=3 units=345 latch=1
NVS_RUNTIME_FAULT cut=110 write=ESP_ERR_FLASH_OP_FAIL old=49 new=127 recovered=49
COMMAND=/home/udaybhan/projects/Ghar_sajag_r1_storage/code/ParivarSathi_v1.5.4_PWA_BatteryAnalytics_v3_4_2/host/storage/nvs_runtime_probe/build/gs_nvs_runtime_probe.elf 9 50 20 fault 111 freeze ENV={} EXIT=0
DIAG_OPERATION mode=inplace calls=3 units=345 latch=1
NVS_RUNTIME_FAULT cut=111 write=ESP_ERR_FLASH_OP_FAIL old=49 new=127 recovered=49
COMMAND=/home/udaybhan/projects/Ghar_sajag_r1_storage/code/ParivarSathi_v1.5.4_PWA_BatteryAnalytics_v3_4_2/host/storage/nvs_runtime_probe/build/gs_nvs_runtime_probe.elf 9 50 20 fault 112 freeze ENV={} EXIT=0
DIAG_OPERATION mode=inplace calls=3 units=345 latch=1
NVS_RUNTIME_FAULT cut=112 write=ESP_ERR_FLASH_OP_FAIL old=49 new=127 recovered=49
COMMAND=/home/udaybhan/projects/Ghar_sajag_r1_storage/code/ParivarSathi_v1.5.4_PWA_BatteryAnalytics_v3_4_2/host/storage/nvs_runtime_probe/build/gs_nvs_runtime_probe.elf 9 50 20 fault 113 freeze ENV={} EXIT=0
DIAG_OPERATION mode=inplace calls=3 units=345 latch=1
NVS_RUNTIME_FAULT cut=113 write=ESP_ERR_FLASH_OP_FAIL old=49 new=127 recovered=49
COMMAND=/home/udaybhan/projects/Ghar_sajag_r1_storage/code/ParivarSathi_v1.5.4_PWA_BatteryAnalytics_v3_4_2/host/storage/nvs_runtime_probe/build/gs_nvs_runtime_probe.elf 9 50 20 fault 114 freeze ENV={} EXIT=0
DIAG_OPERATION mode=inplace calls=3 units=345 latch=1
NVS_RUNTIME_FAULT cut=114 write=ESP_ERR_FLASH_OP_FAIL old=49 new=127 recovered=49
COMMAND=/home/udaybhan/projects/Ghar_sajag_r1_storage/code/ParivarSathi_v1.5.4_PWA_BatteryAnalytics_v3_4_2/host/storage/nvs_runtime_probe/build/gs_nvs_runtime_probe.elf 9 50 20 fault 115 freeze ENV={} EXIT=0
DIAG_OPERATION mode=inplace calls=3 units=345 latch=1
NVS_RUNTIME_FAULT cut=115 write=ESP_ERR_FLASH_OP_FAIL old=49 new=127 recovered=49
COMMAND=/home/udaybhan/projects/Ghar_sajag_r1_storage/code/ParivarSathi_v1.5.4_PWA_BatteryAnalytics_v3_4_2/host/storage/nvs_runtime_probe/build/gs_nvs_runtime_probe.elf 9 50 20 fault 116 freeze ENV={} EXIT=0
DIAG_OPERATION mode=inplace calls=3 units=345 latch=1
NVS_RUNTIME_FAULT cut=116 write=ESP_ERR_FLASH_OP_FAIL old=49 new=127 recovered=49
COMMAND=/home/udaybhan/projects/Ghar_sajag_r1_storage/code/ParivarSathi_v1.5.4_PWA_BatteryAnalytics_v3_4_2/host/storage/nvs_runtime_probe/build/gs_nvs_runtime_probe.elf 9 50 20 fault 117 freeze ENV={} EXIT=0
DIAG_OPERATION mode=inplace calls=3 units=345 latch=1
NVS_RUNTIME_FAULT cut=117 write=ESP_ERR_FLASH_OP_FAIL old=49 new=127 recovered=49
COMMAND=/home/udaybhan/projects/Ghar_sajag_r1_storage/code/ParivarSathi_v1.5.4_PWA_BatteryAnalytics_v3_4_2/host/storage/nvs_runtime_probe/build/gs_nvs_runtime_probe.elf 9 50 20 fault 118 freeze ENV={} EXIT=0
DIAG_OPERATION mode=inplace calls=3 units=345 latch=1
NVS_RUNTIME_FAULT cut=118 write=ESP_ERR_FLASH_OP_FAIL old=49 new=127 recovered=49
COMMAND=/home/udaybhan/projects/Ghar_sajag_r1_storage/code/ParivarSathi_v1.5.4_PWA_BatteryAnalytics_v3_4_2/host/storage/nvs_runtime_probe/build/gs_nvs_runtime_probe.elf 9 50 20 fault 119 freeze ENV={} EXIT=0
DIAG_OPERATION mode=inplace calls=3 units=345 latch=1
NVS_RUNTIME_FAULT cut=119 write=ESP_ERR_FLASH_OP_FAIL old=49 new=127 recovered=49
COMMAND=/home/udaybhan/projects/Ghar_sajag_r1_storage/code/ParivarSathi_v1.5.4_PWA_BatteryAnalytics_v3_4_2/host/storage/nvs_runtime_probe/build/gs_nvs_runtime_probe.elf 9 50 20 fault 120 freeze ENV={} EXIT=0
DIAG_OPERATION mode=inplace calls=3 units=345 latch=1
NVS_RUNTIME_FAULT cut=120 write=ESP_ERR_FLASH_OP_FAIL old=49 new=127 recovered=49
COMMAND=/home/udaybhan/projects/Ghar_sajag_r1_storage/code/ParivarSathi_v1.5.4_PWA_BatteryAnalytics_v3_4_2/host/storage/nvs_runtime_probe/build/gs_nvs_runtime_probe.elf 9 50 20 fault 121 freeze ENV={} EXIT=0
DIAG_OPERATION mode=inplace calls=3 units=345 latch=1
NVS_RUNTIME_FAULT cut=121 write=ESP_ERR_FLASH_OP_FAIL old=49 new=127 recovered=49
COMMAND=/home/udaybhan/projects/Ghar_sajag_r1_storage/code/ParivarSathi_v1.5.4_PWA_BatteryAnalytics_v3_4_2/host/storage/nvs_runtime_probe/build/gs_nvs_runtime_probe.elf 9 50 20 fault 122 freeze ENV={} EXIT=0
DIAG_OPERATION mode=inplace calls=3 units=345 latch=1
NVS_RUNTIME_FAULT cut=122 write=ESP_ERR_FLASH_OP_FAIL old=49 new=127 recovered=49
COMMAND=/home/udaybhan/projects/Ghar_sajag_r1_storage/code/ParivarSathi_v1.5.4_PWA_BatteryAnalytics_v3_4_2/host/storage/nvs_runtime_probe/build/gs_nvs_runtime_probe.elf 9 50 20 fault 123 freeze ENV={} EXIT=0
DIAG_OPERATION mode=inplace calls=3 units=345 latch=1
NVS_RUNTIME_FAULT cut=123 write=ESP_ERR_FLASH_OP_FAIL old=49 new=127 recovered=49
COMMAND=/home/udaybhan/projects/Ghar_sajag_r1_storage/code/ParivarSathi_v1.5.4_PWA_BatteryAnalytics_v3_4_2/host/storage/nvs_runtime_probe/build/gs_nvs_runtime_probe.elf 9 50 20 fault 124 freeze ENV={} EXIT=0
DIAG_OPERATION mode=inplace calls=3 units=345 latch=1
NVS_RUNTIME_FAULT cut=124 write=ESP_ERR_FLASH_OP_FAIL old=49 new=127 recovered=49
COMMAND=/home/udaybhan/projects/Ghar_sajag_r1_storage/code/ParivarSathi_v1.5.4_PWA_BatteryAnalytics_v3_4_2/host/storage/nvs_runtime_probe/build/gs_nvs_runtime_probe.elf 9 50 20 fault 125 freeze ENV={} EXIT=0
DIAG_OPERATION mode=inplace calls=3 units=345 latch=1
NVS_RUNTIME_FAULT cut=125 write=ESP_ERR_FLASH_OP_FAIL old=49 new=127 recovered=49
COMMAND=/home/udaybhan/projects/Ghar_sajag_r1_storage/code/ParivarSathi_v1.5.4_PWA_BatteryAnalytics_v3_4_2/host/storage/nvs_runtime_probe/build/gs_nvs_runtime_probe.elf 9 50 20 fault 126 freeze ENV={} EXIT=0
DIAG_OPERATION mode=inplace calls=3 units=345 latch=1
NVS_RUNTIME_FAULT cut=126 write=ESP_ERR_FLASH_OP_FAIL old=49 new=127 recovered=49
COMMAND=/home/udaybhan/projects/Ghar_sajag_r1_storage/code/ParivarSathi_v1.5.4_PWA_BatteryAnalytics_v3_4_2/host/storage/nvs_runtime_probe/build/gs_nvs_runtime_probe.elf 9 50 20 fault 127 freeze ENV={} EXIT=0
DIAG_OPERATION mode=inplace calls=3 units=345 latch=1
NVS_RUNTIME_FAULT cut=127 write=ESP_ERR_FLASH_OP_FAIL old=49 new=127 recovered=49
COMMAND=/home/udaybhan/projects/Ghar_sajag_r1_storage/code/ParivarSathi_v1.5.4_PWA_BatteryAnalytics_v3_4_2/host/storage/nvs_runtime_probe/build/gs_nvs_runtime_probe.elf 9 50 20 fault 128 freeze ENV={} EXIT=0
DIAG_OPERATION mode=inplace calls=3 units=345 latch=1
NVS_RUNTIME_FAULT cut=128 write=ESP_ERR_FLASH_OP_FAIL old=49 new=127 recovered=49
COMMAND=/home/udaybhan/projects/Ghar_sajag_r1_storage/code/ParivarSathi_v1.5.4_PWA_BatteryAnalytics_v3_4_2/host/storage/nvs_runtime_probe/build/gs_nvs_runtime_probe.elf 9 50 20 fault 129 freeze ENV={} EXIT=0
DIAG_OPERATION mode=inplace calls=3 units=345 latch=1
NVS_RUNTIME_FAULT cut=129 write=ESP_ERR_FLASH_OP_FAIL old=49 new=127 recovered=49
COMMAND=/home/udaybhan/projects/Ghar_sajag_r1_storage/code/ParivarSathi_v1.5.4_PWA_BatteryAnalytics_v3_4_2/host/storage/nvs_runtime_probe/build/gs_nvs_runtime_probe.elf 9 50 20 fault 130 freeze ENV={} EXIT=0
DIAG_OPERATION mode=inplace calls=3 units=345 latch=1
NVS_RUNTIME_FAULT cut=130 write=ESP_ERR_FLASH_OP_FAIL old=49 new=127 recovered=49
COMMAND=/home/udaybhan/projects/Ghar_sajag_r1_storage/code/ParivarSathi_v1.5.4_PWA_BatteryAnalytics_v3_4_2/host/storage/nvs_runtime_probe/build/gs_nvs_runtime_probe.elf 9 50 20 fault 131 freeze ENV={} EXIT=0
DIAG_OPERATION mode=inplace calls=3 units=345 latch=1
NVS_RUNTIME_FAULT cut=131 write=ESP_ERR_FLASH_OP_FAIL old=49 new=127 recovered=49
COMMAND=/home/udaybhan/projects/Ghar_sajag_r1_storage/code/ParivarSathi_v1.5.4_PWA_BatteryAnalytics_v3_4_2/host/storage/nvs_runtime_probe/build/gs_nvs_runtime_probe.elf 9 50 20 fault 132 freeze ENV={} EXIT=0
DIAG_OPERATION mode=inplace calls=3 units=345 latch=1
NVS_RUNTIME_FAULT cut=132 write=ESP_ERR_FLASH_OP_FAIL old=49 new=127 recovered=49
COMMAND=/home/udaybhan/projects/Ghar_sajag_r1_storage/code/ParivarSathi_v1.5.4_PWA_BatteryAnalytics_v3_4_2/host/storage/nvs_runtime_probe/build/gs_nvs_runtime_probe.elf 9 50 20 fault 133 freeze ENV={} EXIT=0
DIAG_OPERATION mode=inplace calls=3 units=345 latch=1
NVS_RUNTIME_FAULT cut=133 write=ESP_ERR_FLASH_OP_FAIL old=49 new=127 recovered=49
COMMAND=/home/udaybhan/projects/Ghar_sajag_r1_storage/code/ParivarSathi_v1.5.4_PWA_BatteryAnalytics_v3_4_2/host/storage/nvs_runtime_probe/build/gs_nvs_runtime_probe.elf 9 50 20 fault 134 freeze ENV={} EXIT=0
DIAG_OPERATION mode=inplace calls=3 units=345 latch=1
NVS_RUNTIME_FAULT cut=134 write=ESP_ERR_FLASH_OP_FAIL old=49 new=127 recovered=49
COMMAND=/home/udaybhan/projects/Ghar_sajag_r1_storage/code/ParivarSathi_v1.5.4_PWA_BatteryAnalytics_v3_4_2/host/storage/nvs_runtime_probe/build/gs_nvs_runtime_probe.elf 9 50 20 fault 135 freeze ENV={} EXIT=0
DIAG_OPERATION mode=inplace calls=3 units=345 latch=1
NVS_RUNTIME_FAULT cut=135 write=ESP_ERR_FLASH_OP_FAIL old=49 new=127 recovered=49
COMMAND=/home/udaybhan/projects/Ghar_sajag_r1_storage/code/ParivarSathi_v1.5.4_PWA_BatteryAnalytics_v3_4_2/host/storage/nvs_runtime_probe/build/gs_nvs_runtime_probe.elf 9 50 20 fault 136 freeze ENV={} EXIT=0
DIAG_OPERATION mode=inplace calls=3 units=345 latch=1
NVS_RUNTIME_FAULT cut=136 write=ESP_ERR_FLASH_OP_FAIL old=49 new=127 recovered=49
COMMAND=/home/udaybhan/projects/Ghar_sajag_r1_storage/code/ParivarSathi_v1.5.4_PWA_BatteryAnalytics_v3_4_2/host/storage/nvs_runtime_probe/build/gs_nvs_runtime_probe.elf 9 50 20 fault 137 freeze ENV={} EXIT=0
DIAG_OPERATION mode=inplace calls=3 units=345 latch=1
NVS_RUNTIME_FAULT cut=137 write=ESP_ERR_FLASH_OP_FAIL old=49 new=127 recovered=49
COMMAND=/home/udaybhan/projects/Ghar_sajag_r1_storage/code/ParivarSathi_v1.5.4_PWA_BatteryAnalytics_v3_4_2/host/storage/nvs_runtime_probe/build/gs_nvs_runtime_probe.elf 9 50 20 fault 138 freeze ENV={} EXIT=0
DIAG_OPERATION mode=inplace calls=3 units=345 latch=1
NVS_RUNTIME_FAULT cut=138 write=ESP_ERR_FLASH_OP_FAIL old=49 new=127 recovered=49
COMMAND=/home/udaybhan/projects/Ghar_sajag_r1_storage/code/ParivarSathi_v1.5.4_PWA_BatteryAnalytics_v3_4_2/host/storage/nvs_runtime_probe/build/gs_nvs_runtime_probe.elf 9 50 20 fault 139 freeze ENV={} EXIT=0
DIAG_OPERATION mode=inplace calls=3 units=345 latch=1
NVS_RUNTIME_FAULT cut=139 write=ESP_ERR_FLASH_OP_FAIL old=49 new=127 recovered=49
COMMAND=/home/udaybhan/projects/Ghar_sajag_r1_storage/code/ParivarSathi_v1.5.4_PWA_BatteryAnalytics_v3_4_2/host/storage/nvs_runtime_probe/build/gs_nvs_runtime_probe.elf 9 50 20 fault 140 freeze ENV={} EXIT=0
DIAG_OPERATION mode=inplace calls=3 units=345 latch=1
NVS_RUNTIME_FAULT cut=140 write=ESP_ERR_FLASH_OP_FAIL old=49 new=127 recovered=49
COMMAND=/home/udaybhan/projects/Ghar_sajag_r1_storage/code/ParivarSathi_v1.5.4_PWA_BatteryAnalytics_v3_4_2/host/storage/nvs_runtime_probe/build/gs_nvs_runtime_probe.elf 9 50 20 fault 141 freeze ENV={} EXIT=0
DIAG_OPERATION mode=inplace calls=3 units=345 latch=1
NVS_RUNTIME_FAULT cut=141 write=ESP_ERR_FLASH_OP_FAIL old=49 new=127 recovered=49
COMMAND=/home/udaybhan/projects/Ghar_sajag_r1_storage/code/ParivarSathi_v1.5.4_PWA_BatteryAnalytics_v3_4_2/host/storage/nvs_runtime_probe/build/gs_nvs_runtime_probe.elf 9 50 20 fault 142 freeze ENV={} EXIT=0
DIAG_OPERATION mode=inplace calls=3 units=345 latch=1
NVS_RUNTIME_FAULT cut=142 write=ESP_ERR_FLASH_OP_FAIL old=49 new=127 recovered=49
COMMAND=/home/udaybhan/projects/Ghar_sajag_r1_storage/code/ParivarSathi_v1.5.4_PWA_BatteryAnalytics_v3_4_2/host/storage/nvs_runtime_probe/build/gs_nvs_runtime_probe.elf 9 50 20 fault 143 freeze ENV={} EXIT=0
DIAG_OPERATION mode=inplace calls=3 units=345 latch=1
NVS_RUNTIME_FAULT cut=143 write=ESP_ERR_FLASH_OP_FAIL old=49 new=127 recovered=49
COMMAND=/home/udaybhan/projects/Ghar_sajag_r1_storage/code/ParivarSathi_v1.5.4_PWA_BatteryAnalytics_v3_4_2/host/storage/nvs_runtime_probe/build/gs_nvs_runtime_probe.elf 9 50 20 fault 144 freeze ENV={} EXIT=0
DIAG_OPERATION mode=inplace calls=3 units=345 latch=1
NVS_RUNTIME_FAULT cut=144 write=ESP_ERR_FLASH_OP_FAIL old=49 new=127 recovered=49
COMMAND=/home/udaybhan/projects/Ghar_sajag_r1_storage/code/ParivarSathi_v1.5.4_PWA_BatteryAnalytics_v3_4_2/host/storage/nvs_runtime_probe/build/gs_nvs_runtime_probe.elf 9 50 20 fault 145 freeze ENV={} EXIT=0
DIAG_OPERATION mode=inplace calls=3 units=345 latch=1
NVS_RUNTIME_FAULT cut=145 write=ESP_ERR_FLASH_OP_FAIL old=49 new=127 recovered=49
COMMAND=/home/udaybhan/projects/Ghar_sajag_r1_storage/code/ParivarSathi_v1.5.4_PWA_BatteryAnalytics_v3_4_2/host/storage/nvs_runtime_probe/build/gs_nvs_runtime_probe.elf 9 50 20 fault 146 freeze ENV={} EXIT=0
DIAG_OPERATION mode=inplace calls=3 units=345 latch=1
NVS_RUNTIME_FAULT cut=146 write=ESP_ERR_FLASH_OP_FAIL old=49 new=127 recovered=49
COMMAND=/home/udaybhan/projects/Ghar_sajag_r1_storage/code/ParivarSathi_v1.5.4_PWA_BatteryAnalytics_v3_4_2/host/storage/nvs_runtime_probe/build/gs_nvs_runtime_probe.elf 9 50 20 fault 147 freeze ENV={} EXIT=0
DIAG_OPERATION mode=inplace calls=3 units=345 latch=1
NVS_RUNTIME_FAULT cut=147 write=ESP_ERR_FLASH_OP_FAIL old=49 new=127 recovered=49
COMMAND=/home/udaybhan/projects/Ghar_sajag_r1_storage/code/ParivarSathi_v1.5.4_PWA_BatteryAnalytics_v3_4_2/host/storage/nvs_runtime_probe/build/gs_nvs_runtime_probe.elf 9 50 20 fault 148 freeze ENV={} EXIT=0
DIAG_OPERATION mode=inplace calls=3 units=345 latch=1
NVS_RUNTIME_FAULT cut=148 write=ESP_ERR_FLASH_OP_FAIL old=49 new=127 recovered=49
COMMAND=/home/udaybhan/projects/Ghar_sajag_r1_storage/code/ParivarSathi_v1.5.4_PWA_BatteryAnalytics_v3_4_2/host/storage/nvs_runtime_probe/build/gs_nvs_runtime_probe.elf 9 50 20 fault 149 freeze ENV={} EXIT=0
DIAG_OPERATION mode=inplace calls=3 units=345 latch=1
NVS_RUNTIME_FAULT cut=149 write=ESP_ERR_FLASH_OP_FAIL old=49 new=127 recovered=49
COMMAND=/home/udaybhan/projects/Ghar_sajag_r1_storage/code/ParivarSathi_v1.5.4_PWA_BatteryAnalytics_v3_4_2/host/storage/nvs_runtime_probe/build/gs_nvs_runtime_probe.elf 9 50 20 fault 150 freeze ENV={} EXIT=0
DIAG_OPERATION mode=inplace calls=3 units=345 latch=1
NVS_RUNTIME_FAULT cut=150 write=ESP_ERR_FLASH_OP_FAIL old=49 new=127 recovered=49
COMMAND=/home/udaybhan/projects/Ghar_sajag_r1_storage/code/ParivarSathi_v1.5.4_PWA_BatteryAnalytics_v3_4_2/host/storage/nvs_runtime_probe/build/gs_nvs_runtime_probe.elf 9 50 20 fault 151 freeze ENV={} EXIT=0
DIAG_OPERATION mode=inplace calls=3 units=345 latch=1
NVS_RUNTIME_FAULT cut=151 write=ESP_ERR_FLASH_OP_FAIL old=49 new=127 recovered=49
COMMAND=/home/udaybhan/projects/Ghar_sajag_r1_storage/code/ParivarSathi_v1.5.4_PWA_BatteryAnalytics_v3_4_2/host/storage/nvs_runtime_probe/build/gs_nvs_runtime_probe.elf 9 50 20 fault 152 freeze ENV={} EXIT=0
DIAG_OPERATION mode=inplace calls=3 units=345 latch=1
NVS_RUNTIME_FAULT cut=152 write=ESP_ERR_FLASH_OP_FAIL old=49 new=127 recovered=49
COMMAND=/home/udaybhan/projects/Ghar_sajag_r1_storage/code/ParivarSathi_v1.5.4_PWA_BatteryAnalytics_v3_4_2/host/storage/nvs_runtime_probe/build/gs_nvs_runtime_probe.elf 9 50 20 fault 153 freeze ENV={} EXIT=0
DIAG_OPERATION mode=inplace calls=3 units=345 latch=1
NVS_RUNTIME_FAULT cut=153 write=ESP_ERR_FLASH_OP_FAIL old=49 new=127 recovered=49
COMMAND=/home/udaybhan/projects/Ghar_sajag_r1_storage/code/ParivarSathi_v1.5.4_PWA_BatteryAnalytics_v3_4_2/host/storage/nvs_runtime_probe/build/gs_nvs_runtime_probe.elf 9 50 20 fault 154 freeze ENV={} EXIT=0
DIAG_OPERATION mode=inplace calls=3 units=345 latch=1
NVS_RUNTIME_FAULT cut=154 write=ESP_ERR_FLASH_OP_FAIL old=49 new=127 recovered=49
COMMAND=/home/udaybhan/projects/Ghar_sajag_r1_storage/code/ParivarSathi_v1.5.4_PWA_BatteryAnalytics_v3_4_2/host/storage/nvs_runtime_probe/build/gs_nvs_runtime_probe.elf 9 50 20 fault 155 freeze ENV={} EXIT=0
DIAG_OPERATION mode=inplace calls=3 units=345 latch=1
NVS_RUNTIME_FAULT cut=155 write=ESP_ERR_FLASH_OP_FAIL old=49 new=127 recovered=49
COMMAND=/home/udaybhan/projects/Ghar_sajag_r1_storage/code/ParivarSathi_v1.5.4_PWA_BatteryAnalytics_v3_4_2/host/storage/nvs_runtime_probe/build/gs_nvs_runtime_probe.elf 9 50 20 fault 156 freeze ENV={} EXIT=0
DIAG_OPERATION mode=inplace calls=3 units=345 latch=1
NVS_RUNTIME_FAULT cut=156 write=ESP_ERR_FLASH_OP_FAIL old=49 new=127 recovered=49
COMMAND=/home/udaybhan/projects/Ghar_sajag_r1_storage/code/ParivarSathi_v1.5.4_PWA_BatteryAnalytics_v3_4_2/host/storage/nvs_runtime_probe/build/gs_nvs_runtime_probe.elf 9 50 20 fault 157 freeze ENV={} EXIT=0
DIAG_OPERATION mode=inplace calls=3 units=345 latch=1
NVS_RUNTIME_FAULT cut=157 write=ESP_ERR_FLASH_OP_FAIL old=49 new=127 recovered=49
COMMAND=/home/udaybhan/projects/Ghar_sajag_r1_storage/code/ParivarSathi_v1.5.4_PWA_BatteryAnalytics_v3_4_2/host/storage/nvs_runtime_probe/build/gs_nvs_runtime_probe.elf 9 50 20 fault 158 freeze ENV={} EXIT=0
DIAG_OPERATION mode=inplace calls=3 units=345 latch=1
NVS_RUNTIME_FAULT cut=158 write=ESP_ERR_FLASH_OP_FAIL old=49 new=127 recovered=49
COMMAND=/home/udaybhan/projects/Ghar_sajag_r1_storage/code/ParivarSathi_v1.5.4_PWA_BatteryAnalytics_v3_4_2/host/storage/nvs_runtime_probe/build/gs_nvs_runtime_probe.elf 9 50 20 fault 159 freeze ENV={} EXIT=0
DIAG_OPERATION mode=inplace calls=3 units=345 latch=1
NVS_RUNTIME_FAULT cut=159 write=ESP_ERR_FLASH_OP_FAIL old=49 new=127 recovered=49
COMMAND=/home/udaybhan/projects/Ghar_sajag_r1_storage/code/ParivarSathi_v1.5.4_PWA_BatteryAnalytics_v3_4_2/host/storage/nvs_runtime_probe/build/gs_nvs_runtime_probe.elf 9 50 20 fault 160 freeze ENV={} EXIT=0
DIAG_OPERATION mode=inplace calls=3 units=345 latch=1
NVS_RUNTIME_FAULT cut=160 write=ESP_ERR_FLASH_OP_FAIL old=49 new=127 recovered=49
COMMAND=/home/udaybhan/projects/Ghar_sajag_r1_storage/code/ParivarSathi_v1.5.4_PWA_BatteryAnalytics_v3_4_2/host/storage/nvs_runtime_probe/build/gs_nvs_runtime_probe.elf 9 50 20 fault 161 freeze ENV={} EXIT=0
DIAG_OPERATION mode=inplace calls=3 units=345 latch=1
NVS_RUNTIME_FAULT cut=161 write=ESP_ERR_FLASH_OP_FAIL old=49 new=127 recovered=49
COMMAND=/home/udaybhan/projects/Ghar_sajag_r1_storage/code/ParivarSathi_v1.5.4_PWA_BatteryAnalytics_v3_4_2/host/storage/nvs_runtime_probe/build/gs_nvs_runtime_probe.elf 9 50 20 fault 162 freeze ENV={} EXIT=0
DIAG_OPERATION mode=inplace calls=3 units=345 latch=1
NVS_RUNTIME_FAULT cut=162 write=ESP_ERR_FLASH_OP_FAIL old=49 new=127 recovered=49
COMMAND=/home/udaybhan/projects/Ghar_sajag_r1_storage/code/ParivarSathi_v1.5.4_PWA_BatteryAnalytics_v3_4_2/host/storage/nvs_runtime_probe/build/gs_nvs_runtime_probe.elf 9 50 20 fault 163 freeze ENV={} EXIT=0
DIAG_OPERATION mode=inplace calls=3 units=345 latch=1
NVS_RUNTIME_FAULT cut=163 write=ESP_ERR_FLASH_OP_FAIL old=49 new=127 recovered=49
COMMAND=/home/udaybhan/projects/Ghar_sajag_r1_storage/code/ParivarSathi_v1.5.4_PWA_BatteryAnalytics_v3_4_2/host/storage/nvs_runtime_probe/build/gs_nvs_runtime_probe.elf 9 50 20 fault 164 freeze ENV={} EXIT=0
DIAG_OPERATION mode=inplace calls=3 units=345 latch=1
NVS_RUNTIME_FAULT cut=164 write=ESP_ERR_FLASH_OP_FAIL old=49 new=127 recovered=49
COMMAND=/home/udaybhan/projects/Ghar_sajag_r1_storage/code/ParivarSathi_v1.5.4_PWA_BatteryAnalytics_v3_4_2/host/storage/nvs_runtime_probe/build/gs_nvs_runtime_probe.elf 9 50 20 fault 165 freeze ENV={} EXIT=0
DIAG_OPERATION mode=inplace calls=3 units=345 latch=1
NVS_RUNTIME_FAULT cut=165 write=ESP_ERR_FLASH_OP_FAIL old=49 new=127 recovered=49
COMMAND=/home/udaybhan/projects/Ghar_sajag_r1_storage/code/ParivarSathi_v1.5.4_PWA_BatteryAnalytics_v3_4_2/host/storage/nvs_runtime_probe/build/gs_nvs_runtime_probe.elf 9 50 20 fault 166 freeze ENV={} EXIT=0
DIAG_OPERATION mode=inplace calls=3 units=345 latch=1
NVS_RUNTIME_FAULT cut=166 write=ESP_ERR_FLASH_OP_FAIL old=49 new=127 recovered=49
COMMAND=/home/udaybhan/projects/Ghar_sajag_r1_storage/code/ParivarSathi_v1.5.4_PWA_BatteryAnalytics_v3_4_2/host/storage/nvs_runtime_probe/build/gs_nvs_runtime_probe.elf 9 50 20 fault 167 freeze ENV={} EXIT=0
DIAG_OPERATION mode=inplace calls=3 units=345 latch=1
NVS_RUNTIME_FAULT cut=167 write=ESP_ERR_FLASH_OP_FAIL old=49 new=127 recovered=49
COMMAND=/home/udaybhan/projects/Ghar_sajag_r1_storage/code/ParivarSathi_v1.5.4_PWA_BatteryAnalytics_v3_4_2/host/storage/nvs_runtime_probe/build/gs_nvs_runtime_probe.elf 9 50 20 fault 168 freeze ENV={} EXIT=0
DIAG_OPERATION mode=inplace calls=3 units=345 latch=1
NVS_RUNTIME_FAULT cut=168 write=ESP_ERR_FLASH_OP_FAIL old=49 new=127 recovered=49
COMMAND=/home/udaybhan/projects/Ghar_sajag_r1_storage/code/ParivarSathi_v1.5.4_PWA_BatteryAnalytics_v3_4_2/host/storage/nvs_runtime_probe/build/gs_nvs_runtime_probe.elf 9 50 20 fault 169 freeze ENV={} EXIT=0
DIAG_OPERATION mode=inplace calls=3 units=345 latch=1
NVS_RUNTIME_FAULT cut=169 write=ESP_ERR_FLASH_OP_FAIL old=49 new=127 recovered=49
COMMAND=/home/udaybhan/projects/Ghar_sajag_r1_storage/code/ParivarSathi_v1.5.4_PWA_BatteryAnalytics_v3_4_2/host/storage/nvs_runtime_probe/build/gs_nvs_runtime_probe.elf 9 50 20 fault 170 freeze ENV={} EXIT=0
DIAG_OPERATION mode=inplace calls=3 units=345 latch=1
NVS_RUNTIME_FAULT cut=170 write=ESP_ERR_FLASH_OP_FAIL old=49 new=127 recovered=49
COMMAND=/home/udaybhan/projects/Ghar_sajag_r1_storage/code/ParivarSathi_v1.5.4_PWA_BatteryAnalytics_v3_4_2/host/storage/nvs_runtime_probe/build/gs_nvs_runtime_probe.elf 9 50 20 fault 171 freeze ENV={} EXIT=0
DIAG_OPERATION mode=inplace calls=3 units=345 latch=1
NVS_RUNTIME_FAULT cut=171 write=ESP_ERR_FLASH_OP_FAIL old=49 new=127 recovered=49
COMMAND=/home/udaybhan/projects/Ghar_sajag_r1_storage/code/ParivarSathi_v1.5.4_PWA_BatteryAnalytics_v3_4_2/host/storage/nvs_runtime_probe/build/gs_nvs_runtime_probe.elf 9 50 20 fault 172 freeze ENV={} EXIT=0
DIAG_OPERATION mode=inplace calls=3 units=345 latch=1
NVS_RUNTIME_FAULT cut=172 write=ESP_ERR_FLASH_OP_FAIL old=49 new=127 recovered=49
COMMAND=/home/udaybhan/projects/Ghar_sajag_r1_storage/code/ParivarSathi_v1.5.4_PWA_BatteryAnalytics_v3_4_2/host/storage/nvs_runtime_probe/build/gs_nvs_runtime_probe.elf 9 50 20 fault 173 freeze ENV={} EXIT=0
DIAG_OPERATION mode=inplace calls=3 units=345 latch=1
NVS_RUNTIME_FAULT cut=173 write=ESP_ERR_FLASH_OP_FAIL old=49 new=127 recovered=49
COMMAND=/home/udaybhan/projects/Ghar_sajag_r1_storage/code/ParivarSathi_v1.5.4_PWA_BatteryAnalytics_v3_4_2/host/storage/nvs_runtime_probe/build/gs_nvs_runtime_probe.elf 9 50 20 fault 174 freeze ENV={} EXIT=0
DIAG_OPERATION mode=inplace calls=3 units=345 latch=1
NVS_RUNTIME_FAULT cut=174 write=ESP_ERR_FLASH_OP_FAIL old=49 new=127 recovered=49
COMMAND=/home/udaybhan/projects/Ghar_sajag_r1_storage/code/ParivarSathi_v1.5.4_PWA_BatteryAnalytics_v3_4_2/host/storage/nvs_runtime_probe/build/gs_nvs_runtime_probe.elf 9 50 20 fault 175 freeze ENV={} EXIT=0
DIAG_OPERATION mode=inplace calls=3 units=345 latch=1
NVS_RUNTIME_FAULT cut=175 write=ESP_ERR_FLASH_OP_FAIL old=49 new=127 recovered=49
COMMAND=/home/udaybhan/projects/Ghar_sajag_r1_storage/code/ParivarSathi_v1.5.4_PWA_BatteryAnalytics_v3_4_2/host/storage/nvs_runtime_probe/build/gs_nvs_runtime_probe.elf 9 50 20 fault 176 freeze ENV={} EXIT=0
DIAG_OPERATION mode=inplace calls=3 units=345 latch=1
NVS_RUNTIME_FAULT cut=176 write=ESP_ERR_FLASH_OP_FAIL old=49 new=127 recovered=49
COMMAND=/home/udaybhan/projects/Ghar_sajag_r1_storage/code/ParivarSathi_v1.5.4_PWA_BatteryAnalytics_v3_4_2/host/storage/nvs_runtime_probe/build/gs_nvs_runtime_probe.elf 9 50 20 fault 177 freeze ENV={} EXIT=0
DIAG_OPERATION mode=inplace calls=3 units=345 latch=1
NVS_RUNTIME_FAULT cut=177 write=ESP_ERR_FLASH_OP_FAIL old=49 new=127 recovered=49
COMMAND=/home/udaybhan/projects/Ghar_sajag_r1_storage/code/ParivarSathi_v1.5.4_PWA_BatteryAnalytics_v3_4_2/host/storage/nvs_runtime_probe/build/gs_nvs_runtime_probe.elf 9 50 20 fault 178 freeze ENV={} EXIT=0
DIAG_OPERATION mode=inplace calls=3 units=345 latch=1
NVS_RUNTIME_FAULT cut=178 write=ESP_ERR_FLASH_OP_FAIL old=49 new=127 recovered=49
COMMAND=/home/udaybhan/projects/Ghar_sajag_r1_storage/code/ParivarSathi_v1.5.4_PWA_BatteryAnalytics_v3_4_2/host/storage/nvs_runtime_probe/build/gs_nvs_runtime_probe.elf 9 50 20 fault 179 freeze ENV={} EXIT=0
DIAG_OPERATION mode=inplace calls=3 units=345 latch=1
NVS_RUNTIME_FAULT cut=179 write=ESP_ERR_FLASH_OP_FAIL old=49 new=127 recovered=49
COMMAND=/home/udaybhan/projects/Ghar_sajag_r1_storage/code/ParivarSathi_v1.5.4_PWA_BatteryAnalytics_v3_4_2/host/storage/nvs_runtime_probe/build/gs_nvs_runtime_probe.elf 9 50 20 fault 180 freeze ENV={} EXIT=0
DIAG_OPERATION mode=inplace calls=3 units=345 latch=1
NVS_RUNTIME_FAULT cut=180 write=ESP_ERR_FLASH_OP_FAIL old=49 new=127 recovered=49
COMMAND=/home/udaybhan/projects/Ghar_sajag_r1_storage/code/ParivarSathi_v1.5.4_PWA_BatteryAnalytics_v3_4_2/host/storage/nvs_runtime_probe/build/gs_nvs_runtime_probe.elf 9 50 20 fault 181 freeze ENV={} EXIT=0
DIAG_OPERATION mode=inplace calls=3 units=345 latch=1
NVS_RUNTIME_FAULT cut=181 write=ESP_ERR_FLASH_OP_FAIL old=49 new=127 recovered=49
COMMAND=/home/udaybhan/projects/Ghar_sajag_r1_storage/code/ParivarSathi_v1.5.4_PWA_BatteryAnalytics_v3_4_2/host/storage/nvs_runtime_probe/build/gs_nvs_runtime_probe.elf 9 50 20 fault 182 freeze ENV={} EXIT=0
DIAG_OPERATION mode=inplace calls=3 units=345 latch=1
NVS_RUNTIME_FAULT cut=182 write=ESP_ERR_FLASH_OP_FAIL old=49 new=127 recovered=49
COMMAND=/home/udaybhan/projects/Ghar_sajag_r1_storage/code/ParivarSathi_v1.5.4_PWA_BatteryAnalytics_v3_4_2/host/storage/nvs_runtime_probe/build/gs_nvs_runtime_probe.elf 9 50 20 fault 183 freeze ENV={} EXIT=0
DIAG_OPERATION mode=inplace calls=3 units=345 latch=1
NVS_RUNTIME_FAULT cut=183 write=ESP_ERR_FLASH_OP_FAIL old=49 new=127 recovered=49
COMMAND=/home/udaybhan/projects/Ghar_sajag_r1_storage/code/ParivarSathi_v1.5.4_PWA_BatteryAnalytics_v3_4_2/host/storage/nvs_runtime_probe/build/gs_nvs_runtime_probe.elf 9 50 20 fault 184 freeze ENV={} EXIT=0
DIAG_OPERATION mode=inplace calls=3 units=345 latch=1
NVS_RUNTIME_FAULT cut=184 write=ESP_ERR_FLASH_OP_FAIL old=49 new=127 recovered=49
COMMAND=/home/udaybhan/projects/Ghar_sajag_r1_storage/code/ParivarSathi_v1.5.4_PWA_BatteryAnalytics_v3_4_2/host/storage/nvs_runtime_probe/build/gs_nvs_runtime_probe.elf 9 50 20 fault 185 freeze ENV={} EXIT=0
DIAG_OPERATION mode=inplace calls=3 units=345 latch=1
NVS_RUNTIME_FAULT cut=185 write=ESP_ERR_FLASH_OP_FAIL old=49 new=127 recovered=49
COMMAND=/home/udaybhan/projects/Ghar_sajag_r1_storage/code/ParivarSathi_v1.5.4_PWA_BatteryAnalytics_v3_4_2/host/storage/nvs_runtime_probe/build/gs_nvs_runtime_probe.elf 9 50 20 fault 186 freeze ENV={} EXIT=0
DIAG_OPERATION mode=inplace calls=3 units=345 latch=1
NVS_RUNTIME_FAULT cut=186 write=ESP_ERR_FLASH_OP_FAIL old=49 new=127 recovered=49
COMMAND=/home/udaybhan/projects/Ghar_sajag_r1_storage/code/ParivarSathi_v1.5.4_PWA_BatteryAnalytics_v3_4_2/host/storage/nvs_runtime_probe/build/gs_nvs_runtime_probe.elf 9 50 20 fault 187 freeze ENV={} EXIT=0
DIAG_OPERATION mode=inplace calls=3 units=345 latch=1
NVS_RUNTIME_FAULT cut=187 write=ESP_ERR_FLASH_OP_FAIL old=49 new=127 recovered=49
COMMAND=/home/udaybhan/projects/Ghar_sajag_r1_storage/code/ParivarSathi_v1.5.4_PWA_BatteryAnalytics_v3_4_2/host/storage/nvs_runtime_probe/build/gs_nvs_runtime_probe.elf 9 50 20 fault 188 freeze ENV={} EXIT=0
DIAG_OPERATION mode=inplace calls=3 units=345 latch=1
NVS_RUNTIME_FAULT cut=188 write=ESP_ERR_FLASH_OP_FAIL old=49 new=127 recovered=49
COMMAND=/home/udaybhan/projects/Ghar_sajag_r1_storage/code/ParivarSathi_v1.5.4_PWA_BatteryAnalytics_v3_4_2/host/storage/nvs_runtime_probe/build/gs_nvs_runtime_probe.elf 9 50 20 fault 189 freeze ENV={} EXIT=0
DIAG_OPERATION mode=inplace calls=3 units=345 latch=1
NVS_RUNTIME_FAULT cut=189 write=ESP_ERR_FLASH_OP_FAIL old=49 new=127 recovered=49
COMMAND=/home/udaybhan/projects/Ghar_sajag_r1_storage/code/ParivarSathi_v1.5.4_PWA_BatteryAnalytics_v3_4_2/host/storage/nvs_runtime_probe/build/gs_nvs_runtime_probe.elf 9 50 20 fault 190 freeze ENV={} EXIT=0
DIAG_OPERATION mode=inplace calls=3 units=345 latch=1
NVS_RUNTIME_FAULT cut=190 write=ESP_ERR_FLASH_OP_FAIL old=49 new=127 recovered=49
COMMAND=/home/udaybhan/projects/Ghar_sajag_r1_storage/code/ParivarSathi_v1.5.4_PWA_BatteryAnalytics_v3_4_2/host/storage/nvs_runtime_probe/build/gs_nvs_runtime_probe.elf 9 50 20 fault 191 freeze ENV={} EXIT=0
DIAG_OPERATION mode=inplace calls=3 units=345 latch=1
NVS_RUNTIME_FAULT cut=191 write=ESP_ERR_FLASH_OP_FAIL old=49 new=127 recovered=49
COMMAND=/home/udaybhan/projects/Ghar_sajag_r1_storage/code/ParivarSathi_v1.5.4_PWA_BatteryAnalytics_v3_4_2/host/storage/nvs_runtime_probe/build/gs_nvs_runtime_probe.elf 9 50 20 fault 192 freeze ENV={} EXIT=0
DIAG_OPERATION mode=inplace calls=3 units=345 latch=1
NVS_RUNTIME_FAULT cut=192 write=ESP_ERR_FLASH_OP_FAIL old=49 new=127 recovered=49
COMMAND=/home/udaybhan/projects/Ghar_sajag_r1_storage/code/ParivarSathi_v1.5.4_PWA_BatteryAnalytics_v3_4_2/host/storage/nvs_runtime_probe/build/gs_nvs_runtime_probe.elf 9 50 20 fault 193 freeze ENV={} EXIT=0
DIAG_OPERATION mode=inplace calls=3 units=345 latch=1
NVS_RUNTIME_FAULT cut=193 write=ESP_ERR_FLASH_OP_FAIL old=49 new=127 recovered=49
COMMAND=/home/udaybhan/projects/Ghar_sajag_r1_storage/code/ParivarSathi_v1.5.4_PWA_BatteryAnalytics_v3_4_2/host/storage/nvs_runtime_probe/build/gs_nvs_runtime_probe.elf 9 50 20 fault 194 freeze ENV={} EXIT=0
DIAG_OPERATION mode=inplace calls=3 units=345 latch=1
NVS_RUNTIME_FAULT cut=194 write=ESP_ERR_FLASH_OP_FAIL old=49 new=127 recovered=49
COMMAND=/home/udaybhan/projects/Ghar_sajag_r1_storage/code/ParivarSathi_v1.5.4_PWA_BatteryAnalytics_v3_4_2/host/storage/nvs_runtime_probe/build/gs_nvs_runtime_probe.elf 9 50 20 fault 195 freeze ENV={} EXIT=0
DIAG_OPERATION mode=inplace calls=3 units=345 latch=1
NVS_RUNTIME_FAULT cut=195 write=ESP_ERR_FLASH_OP_FAIL old=49 new=127 recovered=49
COMMAND=/home/udaybhan/projects/Ghar_sajag_r1_storage/code/ParivarSathi_v1.5.4_PWA_BatteryAnalytics_v3_4_2/host/storage/nvs_runtime_probe/build/gs_nvs_runtime_probe.elf 9 50 20 fault 196 freeze ENV={} EXIT=0
DIAG_OPERATION mode=inplace calls=3 units=345 latch=1
NVS_RUNTIME_FAULT cut=196 write=ESP_ERR_FLASH_OP_FAIL old=49 new=127 recovered=49
COMMAND=/home/udaybhan/projects/Ghar_sajag_r1_storage/code/ParivarSathi_v1.5.4_PWA_BatteryAnalytics_v3_4_2/host/storage/nvs_runtime_probe/build/gs_nvs_runtime_probe.elf 9 50 20 fault 197 freeze ENV={} EXIT=0
DIAG_OPERATION mode=inplace calls=3 units=345 latch=1
NVS_RUNTIME_FAULT cut=197 write=ESP_ERR_FLASH_OP_FAIL old=49 new=127 recovered=49
COMMAND=/home/udaybhan/projects/Ghar_sajag_r1_storage/code/ParivarSathi_v1.5.4_PWA_BatteryAnalytics_v3_4_2/host/storage/nvs_runtime_probe/build/gs_nvs_runtime_probe.elf 9 50 20 fault 198 freeze ENV={} EXIT=0
DIAG_OPERATION mode=inplace calls=3 units=345 latch=1
NVS_RUNTIME_FAULT cut=198 write=ESP_ERR_FLASH_OP_FAIL old=49 new=127 recovered=49
COMMAND=/home/udaybhan/projects/Ghar_sajag_r1_storage/code/ParivarSathi_v1.5.4_PWA_BatteryAnalytics_v3_4_2/host/storage/nvs_runtime_probe/build/gs_nvs_runtime_probe.elf 9 50 20 fault 199 freeze ENV={} EXIT=0
DIAG_OPERATION mode=inplace calls=3 units=345 latch=1
NVS_RUNTIME_FAULT cut=199 write=ESP_ERR_FLASH_OP_FAIL old=49 new=127 recovered=49
COMMAND=/home/udaybhan/projects/Ghar_sajag_r1_storage/code/ParivarSathi_v1.5.4_PWA_BatteryAnalytics_v3_4_2/host/storage/nvs_runtime_probe/build/gs_nvs_runtime_probe.elf 9 50 20 fault 200 freeze ENV={} EXIT=0
DIAG_OPERATION mode=inplace calls=3 units=345 latch=1
NVS_RUNTIME_FAULT cut=200 write=ESP_ERR_FLASH_OP_FAIL old=49 new=127 recovered=49
COMMAND=/home/udaybhan/projects/Ghar_sajag_r1_storage/code/ParivarSathi_v1.5.4_PWA_BatteryAnalytics_v3_4_2/host/storage/nvs_runtime_probe/build/gs_nvs_runtime_probe.elf 9 50 20 fault 201 freeze ENV={} EXIT=0
DIAG_OPERATION mode=inplace calls=3 units=345 latch=1
NVS_RUNTIME_FAULT cut=201 write=ESP_ERR_FLASH_OP_FAIL old=49 new=127 recovered=49
COMMAND=/home/udaybhan/projects/Ghar_sajag_r1_storage/code/ParivarSathi_v1.5.4_PWA_BatteryAnalytics_v3_4_2/host/storage/nvs_runtime_probe/build/gs_nvs_runtime_probe.elf 9 50 20 fault 202 freeze ENV={} EXIT=0
DIAG_OPERATION mode=inplace calls=3 units=345 latch=1
NVS_RUNTIME_FAULT cut=202 write=ESP_ERR_FLASH_OP_FAIL old=49 new=127 recovered=49
COMMAND=/home/udaybhan/projects/Ghar_sajag_r1_storage/code/ParivarSathi_v1.5.4_PWA_BatteryAnalytics_v3_4_2/host/storage/nvs_runtime_probe/build/gs_nvs_runtime_probe.elf 9 50 20 fault 203 freeze ENV={} EXIT=0
DIAG_OPERATION mode=inplace calls=3 units=345 latch=1
NVS_RUNTIME_FAULT cut=203 write=ESP_ERR_FLASH_OP_FAIL old=49 new=127 recovered=49
COMMAND=/home/udaybhan/projects/Ghar_sajag_r1_storage/code/ParivarSathi_v1.5.4_PWA_BatteryAnalytics_v3_4_2/host/storage/nvs_runtime_probe/build/gs_nvs_runtime_probe.elf 9 50 20 fault 204 freeze ENV={} EXIT=0
DIAG_OPERATION mode=inplace calls=3 units=345 latch=1
NVS_RUNTIME_FAULT cut=204 write=ESP_ERR_FLASH_OP_FAIL old=49 new=127 recovered=49
COMMAND=/home/udaybhan/projects/Ghar_sajag_r1_storage/code/ParivarSathi_v1.5.4_PWA_BatteryAnalytics_v3_4_2/host/storage/nvs_runtime_probe/build/gs_nvs_runtime_probe.elf 9 50 20 fault 205 freeze ENV={} EXIT=0
DIAG_OPERATION mode=inplace calls=3 units=345 latch=1
NVS_RUNTIME_FAULT cut=205 write=ESP_ERR_FLASH_OP_FAIL old=49 new=127 recovered=49
COMMAND=/home/udaybhan/projects/Ghar_sajag_r1_storage/code/ParivarSathi_v1.5.4_PWA_BatteryAnalytics_v3_4_2/host/storage/nvs_runtime_probe/build/gs_nvs_runtime_probe.elf 9 50 20 fault 206 freeze ENV={} EXIT=0
DIAG_OPERATION mode=inplace calls=3 units=345 latch=1
NVS_RUNTIME_FAULT cut=206 write=ESP_ERR_FLASH_OP_FAIL old=49 new=127 recovered=49
COMMAND=/home/udaybhan/projects/Ghar_sajag_r1_storage/code/ParivarSathi_v1.5.4_PWA_BatteryAnalytics_v3_4_2/host/storage/nvs_runtime_probe/build/gs_nvs_runtime_probe.elf 9 50 20 fault 207 freeze ENV={} EXIT=0
DIAG_OPERATION mode=inplace calls=3 units=345 latch=1
NVS_RUNTIME_FAULT cut=207 write=ESP_ERR_FLASH_OP_FAIL old=49 new=127 recovered=49
COMMAND=/home/udaybhan/projects/Ghar_sajag_r1_storage/code/ParivarSathi_v1.5.4_PWA_BatteryAnalytics_v3_4_2/host/storage/nvs_runtime_probe/build/gs_nvs_runtime_probe.elf 9 50 20 fault 208 freeze ENV={} EXIT=0
DIAG_OPERATION mode=inplace calls=3 units=345 latch=1
NVS_RUNTIME_FAULT cut=208 write=ESP_ERR_FLASH_OP_FAIL old=49 new=127 recovered=49
COMMAND=/home/udaybhan/projects/Ghar_sajag_r1_storage/code/ParivarSathi_v1.5.4_PWA_BatteryAnalytics_v3_4_2/host/storage/nvs_runtime_probe/build/gs_nvs_runtime_probe.elf 9 50 20 fault 209 freeze ENV={} EXIT=0
DIAG_OPERATION mode=inplace calls=3 units=345 latch=1
NVS_RUNTIME_FAULT cut=209 write=ESP_ERR_FLASH_OP_FAIL old=49 new=127 recovered=49
COMMAND=/home/udaybhan/projects/Ghar_sajag_r1_storage/code/ParivarSathi_v1.5.4_PWA_BatteryAnalytics_v3_4_2/host/storage/nvs_runtime_probe/build/gs_nvs_runtime_probe.elf 9 50 20 fault 210 freeze ENV={} EXIT=0
DIAG_OPERATION mode=inplace calls=3 units=345 latch=1
NVS_RUNTIME_FAULT cut=210 write=ESP_ERR_FLASH_OP_FAIL old=49 new=127 recovered=49
COMMAND=/home/udaybhan/projects/Ghar_sajag_r1_storage/code/ParivarSathi_v1.5.4_PWA_BatteryAnalytics_v3_4_2/host/storage/nvs_runtime_probe/build/gs_nvs_runtime_probe.elf 9 50 20 fault 211 freeze ENV={} EXIT=0
DIAG_OPERATION mode=inplace calls=3 units=345 latch=1
NVS_RUNTIME_FAULT cut=211 write=ESP_ERR_FLASH_OP_FAIL old=49 new=127 recovered=49
COMMAND=/home/udaybhan/projects/Ghar_sajag_r1_storage/code/ParivarSathi_v1.5.4_PWA_BatteryAnalytics_v3_4_2/host/storage/nvs_runtime_probe/build/gs_nvs_runtime_probe.elf 9 50 20 fault 212 freeze ENV={} EXIT=0
DIAG_OPERATION mode=inplace calls=3 units=345 latch=1
NVS_RUNTIME_FAULT cut=212 write=ESP_ERR_FLASH_OP_FAIL old=49 new=127 recovered=49
COMMAND=/home/udaybhan/projects/Ghar_sajag_r1_storage/code/ParivarSathi_v1.5.4_PWA_BatteryAnalytics_v3_4_2/host/storage/nvs_runtime_probe/build/gs_nvs_runtime_probe.elf 9 50 20 fault 213 freeze ENV={} EXIT=0
DIAG_OPERATION mode=inplace calls=3 units=345 latch=1
NVS_RUNTIME_FAULT cut=213 write=ESP_ERR_FLASH_OP_FAIL old=49 new=127 recovered=49
COMMAND=/home/udaybhan/projects/Ghar_sajag_r1_storage/code/ParivarSathi_v1.5.4_PWA_BatteryAnalytics_v3_4_2/host/storage/nvs_runtime_probe/build/gs_nvs_runtime_probe.elf 9 50 20 fault 214 freeze ENV={} EXIT=0
DIAG_OPERATION mode=inplace calls=3 units=345 latch=1
NVS_RUNTIME_FAULT cut=214 write=ESP_ERR_FLASH_OP_FAIL old=49 new=127 recovered=49
COMMAND=/home/udaybhan/projects/Ghar_sajag_r1_storage/code/ParivarSathi_v1.5.4_PWA_BatteryAnalytics_v3_4_2/host/storage/nvs_runtime_probe/build/gs_nvs_runtime_probe.elf 9 50 20 fault 215 freeze ENV={} EXIT=0
DIAG_OPERATION mode=inplace calls=3 units=345 latch=1
NVS_RUNTIME_FAULT cut=215 write=ESP_ERR_FLASH_OP_FAIL old=49 new=127 recovered=49
COMMAND=/home/udaybhan/projects/Ghar_sajag_r1_storage/code/ParivarSathi_v1.5.4_PWA_BatteryAnalytics_v3_4_2/host/storage/nvs_runtime_probe/build/gs_nvs_runtime_probe.elf 9 50 20 fault 216 freeze ENV={} EXIT=0
DIAG_OPERATION mode=inplace calls=3 units=345 latch=1
NVS_RUNTIME_FAULT cut=216 write=ESP_ERR_FLASH_OP_FAIL old=49 new=127 recovered=49
COMMAND=/home/udaybhan/projects/Ghar_sajag_r1_storage/code/ParivarSathi_v1.5.4_PWA_BatteryAnalytics_v3_4_2/host/storage/nvs_runtime_probe/build/gs_nvs_runtime_probe.elf 9 50 20 fault 217 freeze ENV={} EXIT=0
DIAG_OPERATION mode=inplace calls=3 units=345 latch=1
NVS_RUNTIME_FAULT cut=217 write=ESP_ERR_FLASH_OP_FAIL old=49 new=127 recovered=49
COMMAND=/home/udaybhan/projects/Ghar_sajag_r1_storage/code/ParivarSathi_v1.5.4_PWA_BatteryAnalytics_v3_4_2/host/storage/nvs_runtime_probe/build/gs_nvs_runtime_probe.elf 9 50 20 fault 218 freeze ENV={} EXIT=0
DIAG_OPERATION mode=inplace calls=3 units=345 latch=1
NVS_RUNTIME_FAULT cut=218 write=ESP_ERR_FLASH_OP_FAIL old=49 new=127 recovered=49
COMMAND=/home/udaybhan/projects/Ghar_sajag_r1_storage/code/ParivarSathi_v1.5.4_PWA_BatteryAnalytics_v3_4_2/host/storage/nvs_runtime_probe/build/gs_nvs_runtime_probe.elf 9 50 20 fault 219 freeze ENV={} EXIT=0
DIAG_OPERATION mode=inplace calls=3 units=345 latch=1
NVS_RUNTIME_FAULT cut=219 write=ESP_ERR_FLASH_OP_FAIL old=49 new=127 recovered=49
COMMAND=/home/udaybhan/projects/Ghar_sajag_r1_storage/code/ParivarSathi_v1.5.4_PWA_BatteryAnalytics_v3_4_2/host/storage/nvs_runtime_probe/build/gs_nvs_runtime_probe.elf 9 50 20 fault 220 freeze ENV={} EXIT=0
DIAG_OPERATION mode=inplace calls=3 units=345 latch=1
NVS_RUNTIME_FAULT cut=220 write=ESP_ERR_FLASH_OP_FAIL old=49 new=127 recovered=49
COMMAND=/home/udaybhan/projects/Ghar_sajag_r1_storage/code/ParivarSathi_v1.5.4_PWA_BatteryAnalytics_v3_4_2/host/storage/nvs_runtime_probe/build/gs_nvs_runtime_probe.elf 9 50 20 fault 221 freeze ENV={} EXIT=0
DIAG_OPERATION mode=inplace calls=3 units=345 latch=1
NVS_RUNTIME_FAULT cut=221 write=ESP_ERR_FLASH_OP_FAIL old=49 new=127 recovered=49
COMMAND=/home/udaybhan/projects/Ghar_sajag_r1_storage/code/ParivarSathi_v1.5.4_PWA_BatteryAnalytics_v3_4_2/host/storage/nvs_runtime_probe/build/gs_nvs_runtime_probe.elf 9 50 20 fault 222 freeze ENV={} EXIT=0
DIAG_OPERATION mode=inplace calls=3 units=345 latch=1
NVS_RUNTIME_FAULT cut=222 write=ESP_ERR_FLASH_OP_FAIL old=49 new=127 recovered=49
COMMAND=/home/udaybhan/projects/Ghar_sajag_r1_storage/code/ParivarSathi_v1.5.4_PWA_BatteryAnalytics_v3_4_2/host/storage/nvs_runtime_probe/build/gs_nvs_runtime_probe.elf 9 50 20 fault 223 freeze ENV={} EXIT=0
DIAG_OPERATION mode=inplace calls=3 units=345 latch=1
NVS_RUNTIME_FAULT cut=223 write=ESP_ERR_FLASH_OP_FAIL old=49 new=127 recovered=49
COMMAND=/home/udaybhan/projects/Ghar_sajag_r1_storage/code/ParivarSathi_v1.5.4_PWA_BatteryAnalytics_v3_4_2/host/storage/nvs_runtime_probe/build/gs_nvs_runtime_probe.elf 9 50 20 fault 224 freeze ENV={} EXIT=0
DIAG_OPERATION mode=inplace calls=3 units=345 latch=1
NVS_RUNTIME_FAULT cut=224 write=ESP_ERR_FLASH_OP_FAIL old=49 new=127 recovered=49
COMMAND=/home/udaybhan/projects/Ghar_sajag_r1_storage/code/ParivarSathi_v1.5.4_PWA_BatteryAnalytics_v3_4_2/host/storage/nvs_runtime_probe/build/gs_nvs_runtime_probe.elf 9 50 20 fault 225 freeze ENV={} EXIT=0
DIAG_OPERATION mode=inplace calls=3 units=345 latch=1
NVS_RUNTIME_FAULT cut=225 write=ESP_ERR_FLASH_OP_FAIL old=49 new=127 recovered=49
COMMAND=/home/udaybhan/projects/Ghar_sajag_r1_storage/code/ParivarSathi_v1.5.4_PWA_BatteryAnalytics_v3_4_2/host/storage/nvs_runtime_probe/build/gs_nvs_runtime_probe.elf 9 50 20 fault 226 freeze ENV={} EXIT=0
DIAG_OPERATION mode=inplace calls=3 units=345 latch=1
NVS_RUNTIME_FAULT cut=226 write=ESP_ERR_FLASH_OP_FAIL old=49 new=127 recovered=49
COMMAND=/home/udaybhan/projects/Ghar_sajag_r1_storage/code/ParivarSathi_v1.5.4_PWA_BatteryAnalytics_v3_4_2/host/storage/nvs_runtime_probe/build/gs_nvs_runtime_probe.elf 9 50 20 fault 227 freeze ENV={} EXIT=0
DIAG_OPERATION mode=inplace calls=3 units=345 latch=1
NVS_RUNTIME_FAULT cut=227 write=ESP_ERR_FLASH_OP_FAIL old=49 new=127 recovered=49
COMMAND=/home/udaybhan/projects/Ghar_sajag_r1_storage/code/ParivarSathi_v1.5.4_PWA_BatteryAnalytics_v3_4_2/host/storage/nvs_runtime_probe/build/gs_nvs_runtime_probe.elf 9 50 20 fault 228 freeze ENV={} EXIT=0
DIAG_OPERATION mode=inplace calls=3 units=345 latch=1
NVS_RUNTIME_FAULT cut=228 write=ESP_ERR_FLASH_OP_FAIL old=49 new=127 recovered=49
COMMAND=/home/udaybhan/projects/Ghar_sajag_r1_storage/code/ParivarSathi_v1.5.4_PWA_BatteryAnalytics_v3_4_2/host/storage/nvs_runtime_probe/build/gs_nvs_runtime_probe.elf 9 50 20 fault 229 freeze ENV={} EXIT=0
DIAG_OPERATION mode=inplace calls=3 units=345 latch=1
NVS_RUNTIME_FAULT cut=229 write=ESP_ERR_FLASH_OP_FAIL old=49 new=127 recovered=49
COMMAND=/home/udaybhan/projects/Ghar_sajag_r1_storage/code/ParivarSathi_v1.5.4_PWA_BatteryAnalytics_v3_4_2/host/storage/nvs_runtime_probe/build/gs_nvs_runtime_probe.elf 9 50 20 fault 230 freeze ENV={} EXIT=0
DIAG_OPERATION mode=inplace calls=3 units=345 latch=1
NVS_RUNTIME_FAULT cut=230 write=ESP_ERR_FLASH_OP_FAIL old=49 new=127 recovered=49
COMMAND=/home/udaybhan/projects/Ghar_sajag_r1_storage/code/ParivarSathi_v1.5.4_PWA_BatteryAnalytics_v3_4_2/host/storage/nvs_runtime_probe/build/gs_nvs_runtime_probe.elf 9 50 20 fault 231 freeze ENV={} EXIT=0
DIAG_OPERATION mode=inplace calls=3 units=345 latch=1
NVS_RUNTIME_FAULT cut=231 write=ESP_ERR_FLASH_OP_FAIL old=49 new=127 recovered=49
COMMAND=/home/udaybhan/projects/Ghar_sajag_r1_storage/code/ParivarSathi_v1.5.4_PWA_BatteryAnalytics_v3_4_2/host/storage/nvs_runtime_probe/build/gs_nvs_runtime_probe.elf 9 50 20 fault 232 freeze ENV={} EXIT=0
DIAG_OPERATION mode=inplace calls=3 units=345 latch=1
NVS_RUNTIME_FAULT cut=232 write=ESP_ERR_FLASH_OP_FAIL old=49 new=127 recovered=49
COMMAND=/home/udaybhan/projects/Ghar_sajag_r1_storage/code/ParivarSathi_v1.5.4_PWA_BatteryAnalytics_v3_4_2/host/storage/nvs_runtime_probe/build/gs_nvs_runtime_probe.elf 9 50 20 fault 233 freeze ENV={} EXIT=0
DIAG_OPERATION mode=inplace calls=3 units=345 latch=1
NVS_RUNTIME_FAULT cut=233 write=ESP_ERR_FLASH_OP_FAIL old=49 new=127 recovered=49
COMMAND=/home/udaybhan/projects/Ghar_sajag_r1_storage/code/ParivarSathi_v1.5.4_PWA_BatteryAnalytics_v3_4_2/host/storage/nvs_runtime_probe/build/gs_nvs_runtime_probe.elf 9 50 20 fault 234 freeze ENV={} EXIT=0
DIAG_OPERATION mode=inplace calls=3 units=345 latch=1
NVS_RUNTIME_FAULT cut=234 write=ESP_ERR_FLASH_OP_FAIL old=49 new=127 recovered=49
COMMAND=/home/udaybhan/projects/Ghar_sajag_r1_storage/code/ParivarSathi_v1.5.4_PWA_BatteryAnalytics_v3_4_2/host/storage/nvs_runtime_probe/build/gs_nvs_runtime_probe.elf 9 50 20 fault 235 freeze ENV={} EXIT=0
DIAG_OPERATION mode=inplace calls=3 units=345 latch=1
NVS_RUNTIME_FAULT cut=235 write=ESP_ERR_FLASH_OP_FAIL old=49 new=127 recovered=49
COMMAND=/home/udaybhan/projects/Ghar_sajag_r1_storage/code/ParivarSathi_v1.5.4_PWA_BatteryAnalytics_v3_4_2/host/storage/nvs_runtime_probe/build/gs_nvs_runtime_probe.elf 9 50 20 fault 236 freeze ENV={} EXIT=0
DIAG_OPERATION mode=inplace calls=3 units=345 latch=1
NVS_RUNTIME_FAULT cut=236 write=ESP_ERR_FLASH_OP_FAIL old=49 new=127 recovered=49
COMMAND=/home/udaybhan/projects/Ghar_sajag_r1_storage/code/ParivarSathi_v1.5.4_PWA_BatteryAnalytics_v3_4_2/host/storage/nvs_runtime_probe/build/gs_nvs_runtime_probe.elf 9 50 20 fault 237 freeze ENV={} EXIT=0
DIAG_OPERATION mode=inplace calls=3 units=345 latch=1
NVS_RUNTIME_FAULT cut=237 write=ESP_ERR_FLASH_OP_FAIL old=49 new=127 recovered=49
COMMAND=/home/udaybhan/projects/Ghar_sajag_r1_storage/code/ParivarSathi_v1.5.4_PWA_BatteryAnalytics_v3_4_2/host/storage/nvs_runtime_probe/build/gs_nvs_runtime_probe.elf 9 50 20 fault 238 freeze ENV={} EXIT=0
DIAG_OPERATION mode=inplace calls=3 units=345 latch=1
NVS_RUNTIME_FAULT cut=238 write=ESP_ERR_FLASH_OP_FAIL old=49 new=127 recovered=49
COMMAND=/home/udaybhan/projects/Ghar_sajag_r1_storage/code/ParivarSathi_v1.5.4_PWA_BatteryAnalytics_v3_4_2/host/storage/nvs_runtime_probe/build/gs_nvs_runtime_probe.elf 9 50 20 fault 239 freeze ENV={} EXIT=0
DIAG_OPERATION mode=inplace calls=3 units=345 latch=1
NVS_RUNTIME_FAULT cut=239 write=ESP_ERR_FLASH_OP_FAIL old=49 new=127 recovered=49
COMMAND=/home/udaybhan/projects/Ghar_sajag_r1_storage/code/ParivarSathi_v1.5.4_PWA_BatteryAnalytics_v3_4_2/host/storage/nvs_runtime_probe/build/gs_nvs_runtime_probe.elf 9 50 20 fault 240 freeze ENV={} EXIT=0
DIAG_OPERATION mode=inplace calls=3 units=345 latch=1
NVS_RUNTIME_FAULT cut=240 write=ESP_ERR_FLASH_OP_FAIL old=49 new=127 recovered=49
COMMAND=/home/udaybhan/projects/Ghar_sajag_r1_storage/code/ParivarSathi_v1.5.4_PWA_BatteryAnalytics_v3_4_2/host/storage/nvs_runtime_probe/build/gs_nvs_runtime_probe.elf 9 50 20 fault 241 freeze ENV={} EXIT=0
DIAG_OPERATION mode=inplace calls=3 units=345 latch=1
NVS_RUNTIME_FAULT cut=241 write=ESP_ERR_FLASH_OP_FAIL old=49 new=127 recovered=49
COMMAND=/home/udaybhan/projects/Ghar_sajag_r1_storage/code/ParivarSathi_v1.5.4_PWA_BatteryAnalytics_v3_4_2/host/storage/nvs_runtime_probe/build/gs_nvs_runtime_probe.elf 9 50 20 fault 242 freeze ENV={} EXIT=0
DIAG_OPERATION mode=inplace calls=3 units=345 latch=1
NVS_RUNTIME_FAULT cut=242 write=ESP_ERR_FLASH_OP_FAIL old=49 new=127 recovered=49
COMMAND=/home/udaybhan/projects/Ghar_sajag_r1_storage/code/ParivarSathi_v1.5.4_PWA_BatteryAnalytics_v3_4_2/host/storage/nvs_runtime_probe/build/gs_nvs_runtime_probe.elf 9 50 20 fault 243 freeze ENV={} EXIT=0
DIAG_OPERATION mode=inplace calls=3 units=345 latch=1
NVS_RUNTIME_FAULT cut=243 write=ESP_ERR_FLASH_OP_FAIL old=49 new=127 recovered=49
COMMAND=/home/udaybhan/projects/Ghar_sajag_r1_storage/code/ParivarSathi_v1.5.4_PWA_BatteryAnalytics_v3_4_2/host/storage/nvs_runtime_probe/build/gs_nvs_runtime_probe.elf 9 50 20 fault 244 freeze ENV={} EXIT=0
DIAG_OPERATION mode=inplace calls=3 units=345 latch=1
NVS_RUNTIME_FAULT cut=244 write=ESP_ERR_FLASH_OP_FAIL old=49 new=127 recovered=49
COMMAND=/home/udaybhan/projects/Ghar_sajag_r1_storage/code/ParivarSathi_v1.5.4_PWA_BatteryAnalytics_v3_4_2/host/storage/nvs_runtime_probe/build/gs_nvs_runtime_probe.elf 9 50 20 fault 245 freeze ENV={} EXIT=0
DIAG_OPERATION mode=inplace calls=3 units=345 latch=1
NVS_RUNTIME_FAULT cut=245 write=ESP_ERR_FLASH_OP_FAIL old=49 new=127 recovered=49
COMMAND=/home/udaybhan/projects/Ghar_sajag_r1_storage/code/ParivarSathi_v1.5.4_PWA_BatteryAnalytics_v3_4_2/host/storage/nvs_runtime_probe/build/gs_nvs_runtime_probe.elf 9 50 20 fault 246 freeze ENV={} EXIT=0
DIAG_OPERATION mode=inplace calls=3 units=345 latch=1
NVS_RUNTIME_FAULT cut=246 write=ESP_ERR_FLASH_OP_FAIL old=49 new=127 recovered=49
COMMAND=/home/udaybhan/projects/Ghar_sajag_r1_storage/code/ParivarSathi_v1.5.4_PWA_BatteryAnalytics_v3_4_2/host/storage/nvs_runtime_probe/build/gs_nvs_runtime_probe.elf 9 50 20 fault 247 freeze ENV={} EXIT=0
DIAG_OPERATION mode=inplace calls=3 units=345 latch=1
NVS_RUNTIME_FAULT cut=247 write=ESP_ERR_FLASH_OP_FAIL old=49 new=127 recovered=49
COMMAND=/home/udaybhan/projects/Ghar_sajag_r1_storage/code/ParivarSathi_v1.5.4_PWA_BatteryAnalytics_v3_4_2/host/storage/nvs_runtime_probe/build/gs_nvs_runtime_probe.elf 9 50 20 fault 248 freeze ENV={} EXIT=0
DIAG_OPERATION mode=inplace calls=3 units=345 latch=1
NVS_RUNTIME_FAULT cut=248 write=ESP_ERR_FLASH_OP_FAIL old=49 new=127 recovered=49
COMMAND=/home/udaybhan/projects/Ghar_sajag_r1_storage/code/ParivarSathi_v1.5.4_PWA_BatteryAnalytics_v3_4_2/host/storage/nvs_runtime_probe/build/gs_nvs_runtime_probe.elf 9 50 20 fault 249 freeze ENV={} EXIT=0
DIAG_OPERATION mode=inplace calls=3 units=345 latch=1
NVS_RUNTIME_FAULT cut=249 write=ESP_ERR_FLASH_OP_FAIL old=49 new=127 recovered=49
COMMAND=/home/udaybhan/projects/Ghar_sajag_r1_storage/code/ParivarSathi_v1.5.4_PWA_BatteryAnalytics_v3_4_2/host/storage/nvs_runtime_probe/build/gs_nvs_runtime_probe.elf 9 50 20 fault 250 freeze ENV={} EXIT=0
DIAG_OPERATION mode=inplace calls=3 units=345 latch=1
NVS_RUNTIME_FAULT cut=250 write=ESP_ERR_FLASH_OP_FAIL old=49 new=127 recovered=49
COMMAND=/home/udaybhan/projects/Ghar_sajag_r1_storage/code/ParivarSathi_v1.5.4_PWA_BatteryAnalytics_v3_4_2/host/storage/nvs_runtime_probe/build/gs_nvs_runtime_probe.elf 9 50 20 fault 251 freeze ENV={} EXIT=0
DIAG_OPERATION mode=inplace calls=3 units=345 latch=1
NVS_RUNTIME_FAULT cut=251 write=ESP_ERR_FLASH_OP_FAIL old=49 new=127 recovered=49
COMMAND=/home/udaybhan/projects/Ghar_sajag_r1_storage/code/ParivarSathi_v1.5.4_PWA_BatteryAnalytics_v3_4_2/host/storage/nvs_runtime_probe/build/gs_nvs_runtime_probe.elf 9 50 20 fault 252 freeze ENV={} EXIT=0
DIAG_OPERATION mode=inplace calls=3 units=345 latch=1
NVS_RUNTIME_FAULT cut=252 write=ESP_ERR_FLASH_OP_FAIL old=49 new=127 recovered=49
COMMAND=/home/udaybhan/projects/Ghar_sajag_r1_storage/code/ParivarSathi_v1.5.4_PWA_BatteryAnalytics_v3_4_2/host/storage/nvs_runtime_probe/build/gs_nvs_runtime_probe.elf 9 50 20 fault 253 freeze ENV={} EXIT=0
DIAG_OPERATION mode=inplace calls=3 units=345 latch=1
NVS_RUNTIME_FAULT cut=253 write=ESP_ERR_FLASH_OP_FAIL old=49 new=127 recovered=49
COMMAND=/home/udaybhan/projects/Ghar_sajag_r1_storage/code/ParivarSathi_v1.5.4_PWA_BatteryAnalytics_v3_4_2/host/storage/nvs_runtime_probe/build/gs_nvs_runtime_probe.elf 9 50 20 fault 254 freeze ENV={} EXIT=0
DIAG_OPERATION mode=inplace calls=3 units=345 latch=1
NVS_RUNTIME_FAULT cut=254 write=ESP_ERR_FLASH_OP_FAIL old=49 new=127 recovered=49
COMMAND=/home/udaybhan/projects/Ghar_sajag_r1_storage/code/ParivarSathi_v1.5.4_PWA_BatteryAnalytics_v3_4_2/host/storage/nvs_runtime_probe/build/gs_nvs_runtime_probe.elf 9 50 20 fault 255 freeze ENV={} EXIT=0
DIAG_OPERATION mode=inplace calls=3 units=345 latch=1
NVS_RUNTIME_FAULT cut=255 write=ESP_ERR_FLASH_OP_FAIL old=49 new=127 recovered=49
COMMAND=/home/udaybhan/projects/Ghar_sajag_r1_storage/code/ParivarSathi_v1.5.4_PWA_BatteryAnalytics_v3_4_2/host/storage/nvs_runtime_probe/build/gs_nvs_runtime_probe.elf 9 50 20 fault 256 freeze ENV={} EXIT=0
DIAG_OPERATION mode=inplace calls=3 units=345 latch=1
NVS_RUNTIME_FAULT cut=256 write=ESP_ERR_FLASH_OP_FAIL old=49 new=127 recovered=49
COMMAND=/home/udaybhan/projects/Ghar_sajag_r1_storage/code/ParivarSathi_v1.5.4_PWA_BatteryAnalytics_v3_4_2/host/storage/nvs_runtime_probe/build/gs_nvs_runtime_probe.elf 9 50 20 fault 257 freeze ENV={} EXIT=0
DIAG_OPERATION mode=inplace calls=3 units=345 latch=1
NVS_RUNTIME_FAULT cut=257 write=ESP_ERR_FLASH_OP_FAIL old=49 new=127 recovered=49
COMMAND=/home/udaybhan/projects/Ghar_sajag_r1_storage/code/ParivarSathi_v1.5.4_PWA_BatteryAnalytics_v3_4_2/host/storage/nvs_runtime_probe/build/gs_nvs_runtime_probe.elf 9 50 20 fault 258 freeze ENV={} EXIT=0
DIAG_OPERATION mode=inplace calls=3 units=345 latch=1
NVS_RUNTIME_FAULT cut=258 write=ESP_ERR_FLASH_OP_FAIL old=49 new=127 recovered=49
COMMAND=/home/udaybhan/projects/Ghar_sajag_r1_storage/code/ParivarSathi_v1.5.4_PWA_BatteryAnalytics_v3_4_2/host/storage/nvs_runtime_probe/build/gs_nvs_runtime_probe.elf 9 50 20 fault 259 freeze ENV={} EXIT=0
DIAG_OPERATION mode=inplace calls=3 units=345 latch=1
NVS_RUNTIME_FAULT cut=259 write=ESP_ERR_FLASH_OP_FAIL old=49 new=127 recovered=49
COMMAND=/home/udaybhan/projects/Ghar_sajag_r1_storage/code/ParivarSathi_v1.5.4_PWA_BatteryAnalytics_v3_4_2/host/storage/nvs_runtime_probe/build/gs_nvs_runtime_probe.elf 9 50 20 fault 260 freeze ENV={} EXIT=0
DIAG_OPERATION mode=inplace calls=3 units=345 latch=1
NVS_RUNTIME_FAULT cut=260 write=ESP_ERR_FLASH_OP_FAIL old=49 new=127 recovered=49
COMMAND=/home/udaybhan/projects/Ghar_sajag_r1_storage/code/ParivarSathi_v1.5.4_PWA_BatteryAnalytics_v3_4_2/host/storage/nvs_runtime_probe/build/gs_nvs_runtime_probe.elf 9 50 20 fault 261 freeze ENV={} EXIT=0
DIAG_OPERATION mode=inplace calls=3 units=345 latch=1
NVS_RUNTIME_FAULT cut=261 write=ESP_ERR_FLASH_OP_FAIL old=49 new=127 recovered=49
COMMAND=/home/udaybhan/projects/Ghar_sajag_r1_storage/code/ParivarSathi_v1.5.4_PWA_BatteryAnalytics_v3_4_2/host/storage/nvs_runtime_probe/build/gs_nvs_runtime_probe.elf 9 50 20 fault 262 freeze ENV={} EXIT=0
DIAG_OPERATION mode=inplace calls=3 units=345 latch=1
NVS_RUNTIME_FAULT cut=262 write=ESP_ERR_FLASH_OP_FAIL old=49 new=127 recovered=49
COMMAND=/home/udaybhan/projects/Ghar_sajag_r1_storage/code/ParivarSathi_v1.5.4_PWA_BatteryAnalytics_v3_4_2/host/storage/nvs_runtime_probe/build/gs_nvs_runtime_probe.elf 9 50 20 fault 263 freeze ENV={} EXIT=0
DIAG_OPERATION mode=inplace calls=3 units=345 latch=1
NVS_RUNTIME_FAULT cut=263 write=ESP_ERR_FLASH_OP_FAIL old=49 new=127 recovered=49
COMMAND=/home/udaybhan/projects/Ghar_sajag_r1_storage/code/ParivarSathi_v1.5.4_PWA_BatteryAnalytics_v3_4_2/host/storage/nvs_runtime_probe/build/gs_nvs_runtime_probe.elf 9 50 20 fault 264 freeze ENV={} EXIT=0
DIAG_OPERATION mode=inplace calls=3 units=345 latch=1
NVS_RUNTIME_FAULT cut=264 write=ESP_ERR_FLASH_OP_FAIL old=49 new=127 recovered=49
COMMAND=/home/udaybhan/projects/Ghar_sajag_r1_storage/code/ParivarSathi_v1.5.4_PWA_BatteryAnalytics_v3_4_2/host/storage/nvs_runtime_probe/build/gs_nvs_runtime_probe.elf 9 50 20 fault 265 freeze ENV={} EXIT=0
DIAG_OPERATION mode=inplace calls=3 units=345 latch=1
NVS_RUNTIME_FAULT cut=265 write=ESP_ERR_FLASH_OP_FAIL old=49 new=127 recovered=49
COMMAND=/home/udaybhan/projects/Ghar_sajag_r1_storage/code/ParivarSathi_v1.5.4_PWA_BatteryAnalytics_v3_4_2/host/storage/nvs_runtime_probe/build/gs_nvs_runtime_probe.elf 9 50 20 fault 266 freeze ENV={} EXIT=0
DIAG_OPERATION mode=inplace calls=3 units=345 latch=1
NVS_RUNTIME_FAULT cut=266 write=ESP_ERR_FLASH_OP_FAIL old=49 new=127 recovered=49
COMMAND=/home/udaybhan/projects/Ghar_sajag_r1_storage/code/ParivarSathi_v1.5.4_PWA_BatteryAnalytics_v3_4_2/host/storage/nvs_runtime_probe/build/gs_nvs_runtime_probe.elf 9 50 20 fault 267 freeze ENV={} EXIT=0
DIAG_OPERATION mode=inplace calls=3 units=345 latch=1
NVS_RUNTIME_FAULT cut=267 write=ESP_ERR_FLASH_OP_FAIL old=49 new=127 recovered=49
COMMAND=/home/udaybhan/projects/Ghar_sajag_r1_storage/code/ParivarSathi_v1.5.4_PWA_BatteryAnalytics_v3_4_2/host/storage/nvs_runtime_probe/build/gs_nvs_runtime_probe.elf 9 50 20 fault 268 freeze ENV={} EXIT=0
DIAG_OPERATION mode=inplace calls=3 units=345 latch=1
NVS_RUNTIME_FAULT cut=268 write=ESP_ERR_FLASH_OP_FAIL old=49 new=127 recovered=49
COMMAND=/home/udaybhan/projects/Ghar_sajag_r1_storage/code/ParivarSathi_v1.5.4_PWA_BatteryAnalytics_v3_4_2/host/storage/nvs_runtime_probe/build/gs_nvs_runtime_probe.elf 9 50 20 fault 269 freeze ENV={} EXIT=0
DIAG_OPERATION mode=inplace calls=3 units=345 latch=1
NVS_RUNTIME_FAULT cut=269 write=ESP_ERR_FLASH_OP_FAIL old=49 new=127 recovered=49
COMMAND=/home/udaybhan/projects/Ghar_sajag_r1_storage/code/ParivarSathi_v1.5.4_PWA_BatteryAnalytics_v3_4_2/host/storage/nvs_runtime_probe/build/gs_nvs_runtime_probe.elf 9 50 20 fault 270 freeze ENV={} EXIT=0
DIAG_OPERATION mode=inplace calls=3 units=345 latch=1
NVS_RUNTIME_FAULT cut=270 write=ESP_ERR_FLASH_OP_FAIL old=49 new=127 recovered=49
COMMAND=/home/udaybhan/projects/Ghar_sajag_r1_storage/code/ParivarSathi_v1.5.4_PWA_BatteryAnalytics_v3_4_2/host/storage/nvs_runtime_probe/build/gs_nvs_runtime_probe.elf 9 50 20 fault 271 freeze ENV={} EXIT=0
DIAG_OPERATION mode=inplace calls=3 units=345 latch=1
NVS_RUNTIME_FAULT cut=271 write=ESP_ERR_FLASH_OP_FAIL old=49 new=127 recovered=49
COMMAND=/home/udaybhan/projects/Ghar_sajag_r1_storage/code/ParivarSathi_v1.5.4_PWA_BatteryAnalytics_v3_4_2/host/storage/nvs_runtime_probe/build/gs_nvs_runtime_probe.elf 9 50 20 fault 272 freeze ENV={} EXIT=0
DIAG_OPERATION mode=inplace calls=3 units=345 latch=1
NVS_RUNTIME_FAULT cut=272 write=ESP_ERR_FLASH_OP_FAIL old=49 new=127 recovered=49
COMMAND=/home/udaybhan/projects/Ghar_sajag_r1_storage/code/ParivarSathi_v1.5.4_PWA_BatteryAnalytics_v3_4_2/host/storage/nvs_runtime_probe/build/gs_nvs_runtime_probe.elf 9 50 20 fault 273 freeze ENV={} EXIT=0
DIAG_OPERATION mode=inplace calls=3 units=345 latch=1
NVS_RUNTIME_FAULT cut=273 write=ESP_ERR_FLASH_OP_FAIL old=49 new=127 recovered=49
COMMAND=/home/udaybhan/projects/Ghar_sajag_r1_storage/code/ParivarSathi_v1.5.4_PWA_BatteryAnalytics_v3_4_2/host/storage/nvs_runtime_probe/build/gs_nvs_runtime_probe.elf 9 50 20 fault 274 freeze ENV={} EXIT=0
DIAG_OPERATION mode=inplace calls=3 units=345 latch=1
NVS_RUNTIME_FAULT cut=274 write=ESP_ERR_FLASH_OP_FAIL old=49 new=127 recovered=49
COMMAND=/home/udaybhan/projects/Ghar_sajag_r1_storage/code/ParivarSathi_v1.5.4_PWA_BatteryAnalytics_v3_4_2/host/storage/nvs_runtime_probe/build/gs_nvs_runtime_probe.elf 9 50 20 fault 275 freeze ENV={} EXIT=0
DIAG_OPERATION mode=inplace calls=3 units=345 latch=1
NVS_RUNTIME_FAULT cut=275 write=ESP_ERR_FLASH_OP_FAIL old=49 new=127 recovered=49
COMMAND=/home/udaybhan/projects/Ghar_sajag_r1_storage/code/ParivarSathi_v1.5.4_PWA_BatteryAnalytics_v3_4_2/host/storage/nvs_runtime_probe/build/gs_nvs_runtime_probe.elf 9 50 20 fault 276 freeze ENV={} EXIT=0
DIAG_OPERATION mode=inplace calls=3 units=345 latch=1
NVS_RUNTIME_FAULT cut=276 write=ESP_ERR_FLASH_OP_FAIL old=49 new=127 recovered=49
COMMAND=/home/udaybhan/projects/Ghar_sajag_r1_storage/code/ParivarSathi_v1.5.4_PWA_BatteryAnalytics_v3_4_2/host/storage/nvs_runtime_probe/build/gs_nvs_runtime_probe.elf 9 50 20 fault 277 freeze ENV={} EXIT=0
DIAG_OPERATION mode=inplace calls=3 units=345 latch=1
NVS_RUNTIME_FAULT cut=277 write=ESP_ERR_FLASH_OP_FAIL old=49 new=127 recovered=49
COMMAND=/home/udaybhan/projects/Ghar_sajag_r1_storage/code/ParivarSathi_v1.5.4_PWA_BatteryAnalytics_v3_4_2/host/storage/nvs_runtime_probe/build/gs_nvs_runtime_probe.elf 9 50 20 fault 278 freeze ENV={} EXIT=0
DIAG_OPERATION mode=inplace calls=3 units=345 latch=1
NVS_RUNTIME_FAULT cut=278 write=ESP_ERR_FLASH_OP_FAIL old=49 new=127 recovered=49
COMMAND=/home/udaybhan/projects/Ghar_sajag_r1_storage/code/ParivarSathi_v1.5.4_PWA_BatteryAnalytics_v3_4_2/host/storage/nvs_runtime_probe/build/gs_nvs_runtime_probe.elf 9 50 20 fault 279 freeze ENV={} EXIT=0
DIAG_OPERATION mode=inplace calls=3 units=345 latch=1
NVS_RUNTIME_FAULT cut=279 write=ESP_ERR_FLASH_OP_FAIL old=49 new=127 recovered=49
COMMAND=/home/udaybhan/projects/Ghar_sajag_r1_storage/code/ParivarSathi_v1.5.4_PWA_BatteryAnalytics_v3_4_2/host/storage/nvs_runtime_probe/build/gs_nvs_runtime_probe.elf 9 50 20 fault 280 freeze ENV={} EXIT=0
DIAG_OPERATION mode=inplace calls=3 units=345 latch=1
NVS_RUNTIME_FAULT cut=280 write=ESP_ERR_FLASH_OP_FAIL old=49 new=127 recovered=49
COMMAND=/home/udaybhan/projects/Ghar_sajag_r1_storage/code/ParivarSathi_v1.5.4_PWA_BatteryAnalytics_v3_4_2/host/storage/nvs_runtime_probe/build/gs_nvs_runtime_probe.elf 9 50 20 fault 281 freeze ENV={} EXIT=0
DIAG_OPERATION mode=inplace calls=3 units=345 latch=1
NVS_RUNTIME_FAULT cut=281 write=ESP_ERR_FLASH_OP_FAIL old=49 new=127 recovered=49
COMMAND=/home/udaybhan/projects/Ghar_sajag_r1_storage/code/ParivarSathi_v1.5.4_PWA_BatteryAnalytics_v3_4_2/host/storage/nvs_runtime_probe/build/gs_nvs_runtime_probe.elf 9 50 20 fault 282 freeze ENV={} EXIT=0
DIAG_OPERATION mode=inplace calls=3 units=345 latch=1
NVS_RUNTIME_FAULT cut=282 write=ESP_ERR_FLASH_OP_FAIL old=49 new=127 recovered=49
COMMAND=/home/udaybhan/projects/Ghar_sajag_r1_storage/code/ParivarSathi_v1.5.4_PWA_BatteryAnalytics_v3_4_2/host/storage/nvs_runtime_probe/build/gs_nvs_runtime_probe.elf 9 50 20 fault 283 freeze ENV={} EXIT=0
DIAG_OPERATION mode=inplace calls=3 units=345 latch=1
NVS_RUNTIME_FAULT cut=283 write=ESP_ERR_FLASH_OP_FAIL old=49 new=127 recovered=49
COMMAND=/home/udaybhan/projects/Ghar_sajag_r1_storage/code/ParivarSathi_v1.5.4_PWA_BatteryAnalytics_v3_4_2/host/storage/nvs_runtime_probe/build/gs_nvs_runtime_probe.elf 9 50 20 fault 284 freeze ENV={} EXIT=0
DIAG_OPERATION mode=inplace calls=3 units=345 latch=1
NVS_RUNTIME_FAULT cut=284 write=ESP_ERR_FLASH_OP_FAIL old=49 new=127 recovered=49
COMMAND=/home/udaybhan/projects/Ghar_sajag_r1_storage/code/ParivarSathi_v1.5.4_PWA_BatteryAnalytics_v3_4_2/host/storage/nvs_runtime_probe/build/gs_nvs_runtime_probe.elf 9 50 20 fault 285 freeze ENV={} EXIT=0
DIAG_OPERATION mode=inplace calls=3 units=345 latch=1
NVS_RUNTIME_FAULT cut=285 write=ESP_ERR_FLASH_OP_FAIL old=49 new=127 recovered=49
COMMAND=/home/udaybhan/projects/Ghar_sajag_r1_storage/code/ParivarSathi_v1.5.4_PWA_BatteryAnalytics_v3_4_2/host/storage/nvs_runtime_probe/build/gs_nvs_runtime_probe.elf 9 50 20 fault 286 freeze ENV={} EXIT=0
DIAG_OPERATION mode=inplace calls=3 units=345 latch=1
NVS_RUNTIME_FAULT cut=286 write=ESP_ERR_FLASH_OP_FAIL old=49 new=127 recovered=49
COMMAND=/home/udaybhan/projects/Ghar_sajag_r1_storage/code/ParivarSathi_v1.5.4_PWA_BatteryAnalytics_v3_4_2/host/storage/nvs_runtime_probe/build/gs_nvs_runtime_probe.elf 9 50 20 fault 287 freeze ENV={} EXIT=0
DIAG_OPERATION mode=inplace calls=3 units=345 latch=1
NVS_RUNTIME_FAULT cut=287 write=ESP_ERR_FLASH_OP_FAIL old=49 new=127 recovered=49
COMMAND=/home/udaybhan/projects/Ghar_sajag_r1_storage/code/ParivarSathi_v1.5.4_PWA_BatteryAnalytics_v3_4_2/host/storage/nvs_runtime_probe/build/gs_nvs_runtime_probe.elf 9 50 20 fault 288 freeze ENV={} EXIT=0
DIAG_OPERATION mode=inplace calls=3 units=345 latch=1
NVS_RUNTIME_FAULT cut=288 write=ESP_ERR_FLASH_OP_FAIL old=49 new=127 recovered=49
COMMAND=/home/udaybhan/projects/Ghar_sajag_r1_storage/code/ParivarSathi_v1.5.4_PWA_BatteryAnalytics_v3_4_2/host/storage/nvs_runtime_probe/build/gs_nvs_runtime_probe.elf 9 50 20 fault 289 freeze ENV={} EXIT=0
DIAG_OPERATION mode=inplace calls=3 units=345 latch=1
NVS_RUNTIME_FAULT cut=289 write=ESP_ERR_FLASH_OP_FAIL old=49 new=127 recovered=49
COMMAND=/home/udaybhan/projects/Ghar_sajag_r1_storage/code/ParivarSathi_v1.5.4_PWA_BatteryAnalytics_v3_4_2/host/storage/nvs_runtime_probe/build/gs_nvs_runtime_probe.elf 9 50 20 fault 290 freeze ENV={} EXIT=0
DIAG_OPERATION mode=inplace calls=3 units=345 latch=1
NVS_RUNTIME_FAULT cut=290 write=ESP_ERR_FLASH_OP_FAIL old=49 new=127 recovered=49
COMMAND=/home/udaybhan/projects/Ghar_sajag_r1_storage/code/ParivarSathi_v1.5.4_PWA_BatteryAnalytics_v3_4_2/host/storage/nvs_runtime_probe/build/gs_nvs_runtime_probe.elf 9 50 20 fault 291 freeze ENV={} EXIT=0
DIAG_OPERATION mode=inplace calls=3 units=345 latch=1
NVS_RUNTIME_FAULT cut=291 write=ESP_ERR_FLASH_OP_FAIL old=49 new=127 recovered=49
COMMAND=/home/udaybhan/projects/Ghar_sajag_r1_storage/code/ParivarSathi_v1.5.4_PWA_BatteryAnalytics_v3_4_2/host/storage/nvs_runtime_probe/build/gs_nvs_runtime_probe.elf 9 50 20 fault 292 freeze ENV={} EXIT=0
DIAG_OPERATION mode=inplace calls=3 units=345 latch=1
NVS_RUNTIME_FAULT cut=292 write=ESP_ERR_FLASH_OP_FAIL old=49 new=127 recovered=49
COMMAND=/home/udaybhan/projects/Ghar_sajag_r1_storage/code/ParivarSathi_v1.5.4_PWA_BatteryAnalytics_v3_4_2/host/storage/nvs_runtime_probe/build/gs_nvs_runtime_probe.elf 9 50 20 fault 293 freeze ENV={} EXIT=0
DIAG_OPERATION mode=inplace calls=3 units=345 latch=1
NVS_RUNTIME_FAULT cut=293 write=ESP_ERR_FLASH_OP_FAIL old=49 new=127 recovered=49
COMMAND=/home/udaybhan/projects/Ghar_sajag_r1_storage/code/ParivarSathi_v1.5.4_PWA_BatteryAnalytics_v3_4_2/host/storage/nvs_runtime_probe/build/gs_nvs_runtime_probe.elf 9 50 20 fault 294 freeze ENV={} EXIT=0
DIAG_OPERATION mode=inplace calls=3 units=345 latch=1
NVS_RUNTIME_FAULT cut=294 write=ESP_ERR_FLASH_OP_FAIL old=49 new=127 recovered=49
COMMAND=/home/udaybhan/projects/Ghar_sajag_r1_storage/code/ParivarSathi_v1.5.4_PWA_BatteryAnalytics_v3_4_2/host/storage/nvs_runtime_probe/build/gs_nvs_runtime_probe.elf 9 50 20 fault 295 freeze ENV={} EXIT=0
DIAG_OPERATION mode=inplace calls=3 units=345 latch=1
NVS_RUNTIME_FAULT cut=295 write=ESP_ERR_FLASH_OP_FAIL old=49 new=127 recovered=49
COMMAND=/home/udaybhan/projects/Ghar_sajag_r1_storage/code/ParivarSathi_v1.5.4_PWA_BatteryAnalytics_v3_4_2/host/storage/nvs_runtime_probe/build/gs_nvs_runtime_probe.elf 9 50 20 fault 296 freeze ENV={} EXIT=0
DIAG_OPERATION mode=inplace calls=3 units=345 latch=1
NVS_RUNTIME_FAULT cut=296 write=ESP_ERR_FLASH_OP_FAIL old=49 new=127 recovered=49
COMMAND=/home/udaybhan/projects/Ghar_sajag_r1_storage/code/ParivarSathi_v1.5.4_PWA_BatteryAnalytics_v3_4_2/host/storage/nvs_runtime_probe/build/gs_nvs_runtime_probe.elf 9 50 20 fault 297 freeze ENV={} EXIT=0
DIAG_OPERATION mode=inplace calls=3 units=345 latch=1
NVS_RUNTIME_FAULT cut=297 write=ESP_ERR_FLASH_OP_FAIL old=49 new=127 recovered=49
COMMAND=/home/udaybhan/projects/Ghar_sajag_r1_storage/code/ParivarSathi_v1.5.4_PWA_BatteryAnalytics_v3_4_2/host/storage/nvs_runtime_probe/build/gs_nvs_runtime_probe.elf 9 50 20 fault 298 freeze ENV={} EXIT=0
DIAG_OPERATION mode=inplace calls=3 units=345 latch=1
NVS_RUNTIME_FAULT cut=298 write=ESP_ERR_FLASH_OP_FAIL old=49 new=127 recovered=49
COMMAND=/home/udaybhan/projects/Ghar_sajag_r1_storage/code/ParivarSathi_v1.5.4_PWA_BatteryAnalytics_v3_4_2/host/storage/nvs_runtime_probe/build/gs_nvs_runtime_probe.elf 9 50 20 fault 299 freeze ENV={} EXIT=0
DIAG_OPERATION mode=inplace calls=3 units=345 latch=1
NVS_RUNTIME_FAULT cut=299 write=ESP_ERR_FLASH_OP_FAIL old=49 new=127 recovered=49
COMMAND=/home/udaybhan/projects/Ghar_sajag_r1_storage/code/ParivarSathi_v1.5.4_PWA_BatteryAnalytics_v3_4_2/host/storage/nvs_runtime_probe/build/gs_nvs_runtime_probe.elf 9 50 20 fault 300 freeze ENV={} EXIT=0
DIAG_OPERATION mode=inplace calls=3 units=345 latch=1
NVS_RUNTIME_FAULT cut=300 write=ESP_ERR_FLASH_OP_FAIL old=49 new=127 recovered=49
COMMAND=/home/udaybhan/projects/Ghar_sajag_r1_storage/code/ParivarSathi_v1.5.4_PWA_BatteryAnalytics_v3_4_2/host/storage/nvs_runtime_probe/build/gs_nvs_runtime_probe.elf 9 50 20 fault 301 freeze ENV={} EXIT=0
DIAG_OPERATION mode=inplace calls=3 units=345 latch=1
NVS_RUNTIME_FAULT cut=301 write=ESP_ERR_FLASH_OP_FAIL old=49 new=127 recovered=49
COMMAND=/home/udaybhan/projects/Ghar_sajag_r1_storage/code/ParivarSathi_v1.5.4_PWA_BatteryAnalytics_v3_4_2/host/storage/nvs_runtime_probe/build/gs_nvs_runtime_probe.elf 9 50 20 fault 302 freeze ENV={} EXIT=0
DIAG_OPERATION mode=inplace calls=3 units=345 latch=1
NVS_RUNTIME_FAULT cut=302 write=ESP_ERR_FLASH_OP_FAIL old=49 new=127 recovered=49
COMMAND=/home/udaybhan/projects/Ghar_sajag_r1_storage/code/ParivarSathi_v1.5.4_PWA_BatteryAnalytics_v3_4_2/host/storage/nvs_runtime_probe/build/gs_nvs_runtime_probe.elf 9 50 20 fault 303 freeze ENV={} EXIT=0
DIAG_OPERATION mode=inplace calls=3 units=345 latch=1
NVS_RUNTIME_FAULT cut=303 write=ESP_ERR_FLASH_OP_FAIL old=49 new=127 recovered=49
COMMAND=/home/udaybhan/projects/Ghar_sajag_r1_storage/code/ParivarSathi_v1.5.4_PWA_BatteryAnalytics_v3_4_2/host/storage/nvs_runtime_probe/build/gs_nvs_runtime_probe.elf 9 50 20 fault 304 freeze ENV={} EXIT=0
DIAG_OPERATION mode=inplace calls=3 units=345 latch=1
NVS_RUNTIME_FAULT cut=304 write=ESP_ERR_FLASH_OP_FAIL old=49 new=127 recovered=49
COMMAND=/home/udaybhan/projects/Ghar_sajag_r1_storage/code/ParivarSathi_v1.5.4_PWA_BatteryAnalytics_v3_4_2/host/storage/nvs_runtime_probe/build/gs_nvs_runtime_probe.elf 9 50 20 fault 305 freeze ENV={} EXIT=0
DIAG_OPERATION mode=inplace calls=3 units=345 latch=1
NVS_RUNTIME_FAULT cut=305 write=ESP_ERR_FLASH_OP_FAIL old=49 new=127 recovered=49
COMMAND=/home/udaybhan/projects/Ghar_sajag_r1_storage/code/ParivarSathi_v1.5.4_PWA_BatteryAnalytics_v3_4_2/host/storage/nvs_runtime_probe/build/gs_nvs_runtime_probe.elf 9 50 20 fault 306 freeze ENV={} EXIT=0
DIAG_OPERATION mode=inplace calls=3 units=345 latch=1
NVS_RUNTIME_FAULT cut=306 write=ESP_ERR_FLASH_OP_FAIL old=49 new=127 recovered=49
COMMAND=/home/udaybhan/projects/Ghar_sajag_r1_storage/code/ParivarSathi_v1.5.4_PWA_BatteryAnalytics_v3_4_2/host/storage/nvs_runtime_probe/build/gs_nvs_runtime_probe.elf 9 50 20 fault 307 freeze ENV={} EXIT=0
DIAG_OPERATION mode=inplace calls=3 units=345 latch=1
NVS_RUNTIME_FAULT cut=307 write=ESP_ERR_FLASH_OP_FAIL old=49 new=127 recovered=49
COMMAND=/home/udaybhan/projects/Ghar_sajag_r1_storage/code/ParivarSathi_v1.5.4_PWA_BatteryAnalytics_v3_4_2/host/storage/nvs_runtime_probe/build/gs_nvs_runtime_probe.elf 9 50 20 fault 308 freeze ENV={} EXIT=0
DIAG_OPERATION mode=inplace calls=3 units=345 latch=1
NVS_RUNTIME_FAULT cut=308 write=ESP_ERR_FLASH_OP_FAIL old=49 new=127 recovered=49
COMMAND=/home/udaybhan/projects/Ghar_sajag_r1_storage/code/ParivarSathi_v1.5.4_PWA_BatteryAnalytics_v3_4_2/host/storage/nvs_runtime_probe/build/gs_nvs_runtime_probe.elf 9 50 20 fault 309 freeze ENV={} EXIT=0
DIAG_OPERATION mode=inplace calls=3 units=345 latch=1
NVS_RUNTIME_FAULT cut=309 write=ESP_ERR_FLASH_OP_FAIL old=49 new=127 recovered=49
COMMAND=/home/udaybhan/projects/Ghar_sajag_r1_storage/code/ParivarSathi_v1.5.4_PWA_BatteryAnalytics_v3_4_2/host/storage/nvs_runtime_probe/build/gs_nvs_runtime_probe.elf 9 50 20 fault 310 freeze ENV={} EXIT=0
DIAG_OPERATION mode=inplace calls=3 units=345 latch=1
NVS_RUNTIME_FAULT cut=310 write=ESP_ERR_FLASH_OP_FAIL old=49 new=127 recovered=49
COMMAND=/home/udaybhan/projects/Ghar_sajag_r1_storage/code/ParivarSathi_v1.5.4_PWA_BatteryAnalytics_v3_4_2/host/storage/nvs_runtime_probe/build/gs_nvs_runtime_probe.elf 9 50 20 fault 311 freeze ENV={} EXIT=0
DIAG_OPERATION mode=inplace calls=3 units=345 latch=1
NVS_RUNTIME_FAULT cut=311 write=ESP_ERR_FLASH_OP_FAIL old=49 new=127 recovered=49
COMMAND=/home/udaybhan/projects/Ghar_sajag_r1_storage/code/ParivarSathi_v1.5.4_PWA_BatteryAnalytics_v3_4_2/host/storage/nvs_runtime_probe/build/gs_nvs_runtime_probe.elf 9 50 20 fault 312 freeze ENV={} EXIT=0
DIAG_OPERATION mode=inplace calls=3 units=345 latch=1
NVS_RUNTIME_FAULT cut=312 write=ESP_ERR_FLASH_OP_FAIL old=49 new=127 recovered=49
COMMAND=/home/udaybhan/projects/Ghar_sajag_r1_storage/code/ParivarSathi_v1.5.4_PWA_BatteryAnalytics_v3_4_2/host/storage/nvs_runtime_probe/build/gs_nvs_runtime_probe.elf 9 50 20 fault 313 freeze ENV={} EXIT=0
DIAG_OPERATION mode=inplace calls=3 units=345 latch=1
NVS_RUNTIME_FAULT cut=313 write=ESP_ERR_FLASH_OP_FAIL old=49 new=127 recovered=49
COMMAND=/home/udaybhan/projects/Ghar_sajag_r1_storage/code/ParivarSathi_v1.5.4_PWA_BatteryAnalytics_v3_4_2/host/storage/nvs_runtime_probe/build/gs_nvs_runtime_probe.elf 9 50 20 fault 314 freeze ENV={} EXIT=0
DIAG_OPERATION mode=inplace calls=3 units=345 latch=1
NVS_RUNTIME_FAULT cut=314 write=ESP_ERR_FLASH_OP_FAIL old=49 new=127 recovered=49
COMMAND=/home/udaybhan/projects/Ghar_sajag_r1_storage/code/ParivarSathi_v1.5.4_PWA_BatteryAnalytics_v3_4_2/host/storage/nvs_runtime_probe/build/gs_nvs_runtime_probe.elf 9 50 20 fault 315 freeze ENV={} EXIT=0
DIAG_OPERATION mode=inplace calls=3 units=345 latch=1
NVS_RUNTIME_FAULT cut=315 write=ESP_ERR_FLASH_OP_FAIL old=49 new=127 recovered=49
COMMAND=/home/udaybhan/projects/Ghar_sajag_r1_storage/code/ParivarSathi_v1.5.4_PWA_BatteryAnalytics_v3_4_2/host/storage/nvs_runtime_probe/build/gs_nvs_runtime_probe.elf 9 50 20 fault 316 freeze ENV={} EXIT=0
DIAG_OPERATION mode=inplace calls=3 units=345 latch=1
NVS_RUNTIME_FAULT cut=316 write=ESP_ERR_FLASH_OP_FAIL old=49 new=127 recovered=49
COMMAND=/home/udaybhan/projects/Ghar_sajag_r1_storage/code/ParivarSathi_v1.5.4_PWA_BatteryAnalytics_v3_4_2/host/storage/nvs_runtime_probe/build/gs_nvs_runtime_probe.elf 9 50 20 fault 317 freeze ENV={} EXIT=0
DIAG_OPERATION mode=inplace calls=3 units=345 latch=1
NVS_RUNTIME_FAULT cut=317 write=ESP_ERR_FLASH_OP_FAIL old=49 new=127 recovered=49
COMMAND=/home/udaybhan/projects/Ghar_sajag_r1_storage/code/ParivarSathi_v1.5.4_PWA_BatteryAnalytics_v3_4_2/host/storage/nvs_runtime_probe/build/gs_nvs_runtime_probe.elf 9 50 20 fault 318 freeze ENV={} EXIT=0
DIAG_OPERATION mode=inplace calls=3 units=345 latch=1
NVS_RUNTIME_FAULT cut=318 write=ESP_ERR_FLASH_OP_FAIL old=49 new=127 recovered=49
COMMAND=/home/udaybhan/projects/Ghar_sajag_r1_storage/code/ParivarSathi_v1.5.4_PWA_BatteryAnalytics_v3_4_2/host/storage/nvs_runtime_probe/build/gs_nvs_runtime_probe.elf 9 50 20 fault 319 freeze ENV={} EXIT=0
DIAG_OPERATION mode=inplace calls=3 units=345 latch=1
NVS_RUNTIME_FAULT cut=319 write=ESP_ERR_FLASH_OP_FAIL old=49 new=127 recovered=49
COMMAND=/home/udaybhan/projects/Ghar_sajag_r1_storage/code/ParivarSathi_v1.5.4_PWA_BatteryAnalytics_v3_4_2/host/storage/nvs_runtime_probe/build/gs_nvs_runtime_probe.elf 9 50 20 fault 320 freeze ENV={} EXIT=0
DIAG_OPERATION mode=inplace calls=3 units=345 latch=1
NVS_RUNTIME_FAULT cut=320 write=ESP_ERR_FLASH_OP_FAIL old=49 new=127 recovered=49
COMMAND=/home/udaybhan/projects/Ghar_sajag_r1_storage/code/ParivarSathi_v1.5.4_PWA_BatteryAnalytics_v3_4_2/host/storage/nvs_runtime_probe/build/gs_nvs_runtime_probe.elf 9 50 20 fault 321 freeze ENV={} EXIT=0
DIAG_OPERATION mode=inplace calls=3 units=345 latch=1
NVS_RUNTIME_FAULT cut=321 write=ESP_ERR_FLASH_OP_FAIL old=49 new=127 recovered=49
COMMAND=/home/udaybhan/projects/Ghar_sajag_r1_storage/code/ParivarSathi_v1.5.4_PWA_BatteryAnalytics_v3_4_2/host/storage/nvs_runtime_probe/build/gs_nvs_runtime_probe.elf 9 50 20 fault 322 freeze ENV={} EXIT=0
DIAG_OPERATION mode=inplace calls=3 units=345 latch=1
NVS_RUNTIME_FAULT cut=322 write=ESP_ERR_FLASH_OP_FAIL old=49 new=127 recovered=49
COMMAND=/home/udaybhan/projects/Ghar_sajag_r1_storage/code/ParivarSathi_v1.5.4_PWA_BatteryAnalytics_v3_4_2/host/storage/nvs_runtime_probe/build/gs_nvs_runtime_probe.elf 9 50 20 fault 323 freeze ENV={} EXIT=0
DIAG_OPERATION mode=inplace calls=3 units=345 latch=1
NVS_RUNTIME_FAULT cut=323 write=ESP_ERR_FLASH_OP_FAIL old=49 new=127 recovered=49
COMMAND=/home/udaybhan/projects/Ghar_sajag_r1_storage/code/ParivarSathi_v1.5.4_PWA_BatteryAnalytics_v3_4_2/host/storage/nvs_runtime_probe/build/gs_nvs_runtime_probe.elf 9 50 20 fault 324 freeze ENV={} EXIT=0
DIAG_OPERATION mode=inplace calls=3 units=345 latch=1
NVS_RUNTIME_FAULT cut=324 write=ESP_ERR_FLASH_OP_FAIL old=49 new=127 recovered=49
COMMAND=/home/udaybhan/projects/Ghar_sajag_r1_storage/code/ParivarSathi_v1.5.4_PWA_BatteryAnalytics_v3_4_2/host/storage/nvs_runtime_probe/build/gs_nvs_runtime_probe.elf 9 50 20 fault 325 freeze ENV={} EXIT=0
DIAG_OPERATION mode=inplace calls=3 units=345 latch=1
NVS_RUNTIME_FAULT cut=325 write=ESP_ERR_FLASH_OP_FAIL old=49 new=127 recovered=49
COMMAND=/home/udaybhan/projects/Ghar_sajag_r1_storage/code/ParivarSathi_v1.5.4_PWA_BatteryAnalytics_v3_4_2/host/storage/nvs_runtime_probe/build/gs_nvs_runtime_probe.elf 9 50 20 fault 326 freeze ENV={} EXIT=0
DIAG_OPERATION mode=inplace calls=3 units=345 latch=1
NVS_RUNTIME_FAULT cut=326 write=ESP_ERR_FLASH_OP_FAIL old=49 new=127 recovered=49
COMMAND=/home/udaybhan/projects/Ghar_sajag_r1_storage/code/ParivarSathi_v1.5.4_PWA_BatteryAnalytics_v3_4_2/host/storage/nvs_runtime_probe/build/gs_nvs_runtime_probe.elf 9 50 20 fault 327 freeze ENV={} EXIT=0
DIAG_OPERATION mode=inplace calls=3 units=345 latch=1
NVS_RUNTIME_FAULT cut=327 write=ESP_ERR_FLASH_OP_FAIL old=49 new=127 recovered=49
COMMAND=/home/udaybhan/projects/Ghar_sajag_r1_storage/code/ParivarSathi_v1.5.4_PWA_BatteryAnalytics_v3_4_2/host/storage/nvs_runtime_probe/build/gs_nvs_runtime_probe.elf 9 50 20 fault 328 freeze ENV={} EXIT=0
DIAG_OPERATION mode=inplace calls=3 units=345 latch=1
NVS_RUNTIME_FAULT cut=328 write=ESP_ERR_FLASH_OP_FAIL old=49 new=127 recovered=49
COMMAND=/home/udaybhan/projects/Ghar_sajag_r1_storage/code/ParivarSathi_v1.5.4_PWA_BatteryAnalytics_v3_4_2/host/storage/nvs_runtime_probe/build/gs_nvs_runtime_probe.elf 9 50 20 fault 329 freeze ENV={} EXIT=0
DIAG_OPERATION mode=inplace calls=3 units=345 latch=1
NVS_RUNTIME_FAULT cut=329 write=ESP_ERR_FLASH_OP_FAIL old=49 new=127 recovered=49
COMMAND=/home/udaybhan/projects/Ghar_sajag_r1_storage/code/ParivarSathi_v1.5.4_PWA_BatteryAnalytics_v3_4_2/host/storage/nvs_runtime_probe/build/gs_nvs_runtime_probe.elf 9 50 20 fault 330 freeze ENV={} EXIT=0
DIAG_OPERATION mode=inplace calls=3 units=345 latch=1
NVS_RUNTIME_FAULT cut=330 write=ESP_ERR_FLASH_OP_FAIL old=49 new=127 recovered=49
COMMAND=/home/udaybhan/projects/Ghar_sajag_r1_storage/code/ParivarSathi_v1.5.4_PWA_BatteryAnalytics_v3_4_2/host/storage/nvs_runtime_probe/build/gs_nvs_runtime_probe.elf 9 50 20 fault 331 freeze ENV={} EXIT=0
DIAG_OPERATION mode=inplace calls=3 units=345 latch=1
NVS_RUNTIME_FAULT cut=331 write=ESP_ERR_FLASH_OP_FAIL old=49 new=127 recovered=49
COMMAND=/home/udaybhan/projects/Ghar_sajag_r1_storage/code/ParivarSathi_v1.5.4_PWA_BatteryAnalytics_v3_4_2/host/storage/nvs_runtime_probe/build/gs_nvs_runtime_probe.elf 9 50 20 fault 332 freeze ENV={} EXIT=0
DIAG_OPERATION mode=inplace calls=3 units=345 latch=1
NVS_RUNTIME_FAULT cut=332 write=ESP_ERR_FLASH_OP_FAIL old=49 new=127 recovered=49
COMMAND=/home/udaybhan/projects/Ghar_sajag_r1_storage/code/ParivarSathi_v1.5.4_PWA_BatteryAnalytics_v3_4_2/host/storage/nvs_runtime_probe/build/gs_nvs_runtime_probe.elf 9 50 20 fault 333 freeze ENV={} EXIT=0
DIAG_OPERATION mode=inplace calls=3 units=345 latch=1
NVS_RUNTIME_FAULT cut=333 write=ESP_ERR_FLASH_OP_FAIL old=49 new=127 recovered=49
COMMAND=/home/udaybhan/projects/Ghar_sajag_r1_storage/code/ParivarSathi_v1.5.4_PWA_BatteryAnalytics_v3_4_2/host/storage/nvs_runtime_probe/build/gs_nvs_runtime_probe.elf 9 50 20 fault 334 freeze ENV={} EXIT=0
DIAG_OPERATION mode=inplace calls=3 units=345 latch=1
NVS_RUNTIME_FAULT cut=334 write=ESP_ERR_FLASH_OP_FAIL old=49 new=127 recovered=49
COMMAND=/home/udaybhan/projects/Ghar_sajag_r1_storage/code/ParivarSathi_v1.5.4_PWA_BatteryAnalytics_v3_4_2/host/storage/nvs_runtime_probe/build/gs_nvs_runtime_probe.elf 9 50 20 fault 335 freeze ENV={} EXIT=0
DIAG_OPERATION mode=inplace calls=3 units=345 latch=1
NVS_RUNTIME_FAULT cut=335 write=ESP_ERR_FLASH_OP_FAIL old=49 new=127 recovered=49
COMMAND=/home/udaybhan/projects/Ghar_sajag_r1_storage/code/ParivarSathi_v1.5.4_PWA_BatteryAnalytics_v3_4_2/host/storage/nvs_runtime_probe/build/gs_nvs_runtime_probe.elf 9 50 20 fault 336 freeze ENV={} EXIT=0
DIAG_OPERATION mode=inplace calls=3 units=345 latch=1
NVS_RUNTIME_FAULT cut=336 write=ESP_ERR_FLASH_OP_FAIL old=49 new=127 recovered=49
COMMAND=/home/udaybhan/projects/Ghar_sajag_r1_storage/code/ParivarSathi_v1.5.4_PWA_BatteryAnalytics_v3_4_2/host/storage/nvs_runtime_probe/build/gs_nvs_runtime_probe.elf 9 50 20 fault 337 freeze ENV={} EXIT=0
DIAG_OPERATION mode=inplace calls=3 units=345 latch=1
NVS_RUNTIME_FAULT cut=337 write=ESP_ERR_FLASH_OP_FAIL old=49 new=127 recovered=49
COMMAND=/home/udaybhan/projects/Ghar_sajag_r1_storage/code/ParivarSathi_v1.5.4_PWA_BatteryAnalytics_v3_4_2/host/storage/nvs_runtime_probe/build/gs_nvs_runtime_probe.elf 9 50 20 fault 338 freeze ENV={} EXIT=0
DIAG_OPERATION mode=inplace calls=3 units=345 latch=1
NVS_RUNTIME_FAULT cut=338 write=ESP_ERR_FLASH_OP_FAIL old=49 new=127 recovered=49
COMMAND=/home/udaybhan/projects/Ghar_sajag_r1_storage/code/ParivarSathi_v1.5.4_PWA_BatteryAnalytics_v3_4_2/host/storage/nvs_runtime_probe/build/gs_nvs_runtime_probe.elf 9 50 20 fault 339 freeze ENV={} EXIT=0
DIAG_OPERATION mode=inplace calls=3 units=345 latch=1
NVS_RUNTIME_FAULT cut=339 write=ESP_ERR_FLASH_OP_FAIL old=49 new=127 recovered=49
COMMAND=/home/udaybhan/projects/Ghar_sajag_r1_storage/code/ParivarSathi_v1.5.4_PWA_BatteryAnalytics_v3_4_2/host/storage/nvs_runtime_probe/build/gs_nvs_runtime_probe.elf 9 50 20 fault 340 freeze ENV={} EXIT=0
DIAG_OPERATION mode=inplace calls=3 units=345 latch=1
NVS_RUNTIME_FAULT cut=340 write=ESP_ERR_FLASH_OP_FAIL old=49 new=127 recovered=49
COMMAND=/home/udaybhan/projects/Ghar_sajag_r1_storage/code/ParivarSathi_v1.5.4_PWA_BatteryAnalytics_v3_4_2/host/storage/nvs_runtime_probe/build/gs_nvs_runtime_probe.elf 9 50 20 fault 341 freeze ENV={} EXIT=0
DIAG_OPERATION mode=inplace calls=3 units=345 latch=1
NVS_RUNTIME_FAULT cut=341 write=ESP_ERR_FLASH_OP_FAIL old=49 new=127 recovered=49
COMMAND=/home/udaybhan/projects/Ghar_sajag_r1_storage/code/ParivarSathi_v1.5.4_PWA_BatteryAnalytics_v3_4_2/host/storage/nvs_runtime_probe/build/gs_nvs_runtime_probe.elf 9 50 20 fault 342 freeze ENV={} EXIT=0
DIAG_OPERATION mode=inplace calls=3 units=345 latch=1
NVS_RUNTIME_FAULT cut=342 write=ESP_ERR_FLASH_OP_FAIL old=49 new=127 recovered=49
COMMAND=/home/udaybhan/projects/Ghar_sajag_r1_storage/code/ParivarSathi_v1.5.4_PWA_BatteryAnalytics_v3_4_2/host/storage/nvs_runtime_probe/build/gs_nvs_runtime_probe.elf 9 50 20 fault 343 freeze ENV={} EXIT=0
DIAG_OPERATION mode=inplace calls=3 units=345 latch=1
NVS_RUNTIME_FAULT cut=343 write=ESP_ERR_FLASH_OP_FAIL old=49 new=127 recovered=49
COMMAND=/home/udaybhan/projects/Ghar_sajag_r1_storage/code/ParivarSathi_v1.5.4_PWA_BatteryAnalytics_v3_4_2/host/storage/nvs_runtime_probe/build/gs_nvs_runtime_probe.elf 9 50 20 fault 344 freeze ENV={} EXIT=0
DIAG_OPERATION mode=inplace calls=3 units=345 latch=1
NVS_RUNTIME_FAULT cut=344 write=ESP_ERR_FLASH_OP_FAIL old=49 new=127 recovered=49
COMMAND=/home/udaybhan/projects/Ghar_sajag_r1_storage/code/ParivarSathi_v1.5.4_PWA_BatteryAnalytics_v3_4_2/host/storage/nvs_runtime_probe/build/gs_nvs_runtime_probe.elf 9 50 20 fault 345 freeze ENV={} EXIT=0
DIAG_OPERATION mode=inplace calls=3 units=345 latch=1
NVS_RUNTIME_FAULT cut=345 write=ESP_ERR_FLASH_OP_FAIL old=49 new=127 recovered=49
COMMAND=/home/udaybhan/projects/Ghar_sajag_r1_storage/code/ParivarSathi_v1.5.4_PWA_BatteryAnalytics_v3_4_2/host/storage/nvs_runtime_probe/build/gs_nvs_runtime_probe.elf 9 50 20 fault 346 freeze ENV={} EXIT=0
DIAG_OPERATION mode=inplace calls=4 units=346 latch=1
NVS_RUNTIME_FAULT cut=346 write=ESP_ERR_FLASH_OP_FAIL old=49 new=127 recovered=49
COMMAND=/home/udaybhan/projects/Ghar_sajag_r1_storage/code/ParivarSathi_v1.5.4_PWA_BatteryAnalytics_v3_4_2/host/storage/nvs_runtime_probe/build/gs_nvs_runtime_probe.elf 9 50 20 fault 347 freeze ENV={} EXIT=0
DIAG_OPERATION mode=inplace calls=5 units=347 latch=1
NVS_RUNTIME_FAULT cut=347 write=ESP_ERR_FLASH_OP_FAIL old=49 new=127 recovered=49
COMMAND=/home/udaybhan/projects/Ghar_sajag_r1_storage/code/ParivarSathi_v1.5.4_PWA_BatteryAnalytics_v3_4_2/host/storage/nvs_runtime_probe/build/gs_nvs_runtime_probe.elf 9 50 20 fault 348 freeze ENV={} EXIT=0
DIAG_OPERATION mode=inplace calls=6 units=348 latch=1
NVS_RUNTIME_FAULT cut=348 write=ESP_ERR_FLASH_OP_FAIL old=49 new=127 recovered=49
COMMAND=/home/udaybhan/projects/Ghar_sajag_r1_storage/code/ParivarSathi_v1.5.4_PWA_BatteryAnalytics_v3_4_2/host/storage/nvs_runtime_probe/build/gs_nvs_runtime_probe.elf 9 50 20 fault 349 freeze ENV={} EXIT=0
DIAG_OPERATION mode=inplace calls=7 units=349 latch=1
NVS_RUNTIME_FAULT cut=349 write=ESP_ERR_FLASH_OP_FAIL old=49 new=127 recovered=49
COMMAND=/home/udaybhan/projects/Ghar_sajag_r1_storage/code/ParivarSathi_v1.5.4_PWA_BatteryAnalytics_v3_4_2/host/storage/nvs_runtime_probe/build/gs_nvs_runtime_probe.elf 9 50 20 fault 350 freeze ENV={} EXIT=0
DIAG_OPERATION mode=inplace calls=8 units=350 latch=1
NVS_RUNTIME_FAULT cut=350 write=ESP_ERR_FLASH_OP_FAIL old=49 new=127 recovered=49
COMMAND=/home/udaybhan/projects/Ghar_sajag_r1_storage/code/ParivarSathi_v1.5.4_PWA_BatteryAnalytics_v3_4_2/host/storage/nvs_runtime_probe/build/gs_nvs_runtime_probe.elf 9 50 20 fault 351 freeze ENV={} EXIT=0
DIAG_OPERATION mode=inplace calls=9 units=358 latch=1
NVS_RUNTIME_FAULT cut=351 write=ESP_ERR_FLASH_OP_FAIL old=49 new=127 recovered=49
COMMAND=/home/udaybhan/projects/Ghar_sajag_r1_storage/code/ParivarSathi_v1.5.4_PWA_BatteryAnalytics_v3_4_2/host/storage/nvs_runtime_probe/build/gs_nvs_runtime_probe.elf 9 50 20 fault 352 freeze ENV={} EXIT=0
DIAG_OPERATION mode=inplace calls=9 units=358 latch=1
NVS_RUNTIME_FAULT cut=352 write=ESP_ERR_FLASH_OP_FAIL old=49 new=127 recovered=49
COMMAND=/home/udaybhan/projects/Ghar_sajag_r1_storage/code/ParivarSathi_v1.5.4_PWA_BatteryAnalytics_v3_4_2/host/storage/nvs_runtime_probe/build/gs_nvs_runtime_probe.elf 9 50 20 fault 353 freeze ENV={} EXIT=0
DIAG_OPERATION mode=inplace calls=9 units=358 latch=1
NVS_RUNTIME_FAULT cut=353 write=ESP_ERR_FLASH_OP_FAIL old=49 new=127 recovered=49
COMMAND=/home/udaybhan/projects/Ghar_sajag_r1_storage/code/ParivarSathi_v1.5.4_PWA_BatteryAnalytics_v3_4_2/host/storage/nvs_runtime_probe/build/gs_nvs_runtime_probe.elf 9 50 20 fault 354 freeze ENV={} EXIT=0
DIAG_OPERATION mode=inplace calls=9 units=358 latch=1
NVS_RUNTIME_FAULT cut=354 write=ESP_ERR_FLASH_OP_FAIL old=49 new=127 recovered=49
COMMAND=/home/udaybhan/projects/Ghar_sajag_r1_storage/code/ParivarSathi_v1.5.4_PWA_BatteryAnalytics_v3_4_2/host/storage/nvs_runtime_probe/build/gs_nvs_runtime_probe.elf 9 50 20 fault 355 freeze ENV={} EXIT=0
DIAG_OPERATION mode=inplace calls=9 units=358 latch=1
NVS_RUNTIME_FAULT cut=355 write=ESP_ERR_FLASH_OP_FAIL old=49 new=127 recovered=49
COMMAND=/home/udaybhan/projects/Ghar_sajag_r1_storage/code/ParivarSathi_v1.5.4_PWA_BatteryAnalytics_v3_4_2/host/storage/nvs_runtime_probe/build/gs_nvs_runtime_probe.elf 9 50 20 fault 356 freeze ENV={} EXIT=0
DIAG_OPERATION mode=inplace calls=9 units=358 latch=1
NVS_RUNTIME_FAULT cut=356 write=ESP_ERR_FLASH_OP_FAIL old=49 new=127 recovered=49
COMMAND=/home/udaybhan/projects/Ghar_sajag_r1_storage/code/ParivarSathi_v1.5.4_PWA_BatteryAnalytics_v3_4_2/host/storage/nvs_runtime_probe/build/gs_nvs_runtime_probe.elf 9 50 20 fault 357 freeze ENV={} EXIT=0
DIAG_OPERATION mode=inplace calls=9 units=358 latch=1
NVS_RUNTIME_FAULT cut=357 write=ESP_ERR_FLASH_OP_FAIL old=49 new=127 recovered=49
COMMAND=/home/udaybhan/projects/Ghar_sajag_r1_storage/code/ParivarSathi_v1.5.4_PWA_BatteryAnalytics_v3_4_2/host/storage/nvs_runtime_probe/build/gs_nvs_runtime_probe.elf 9 50 20 fault 358 freeze ENV={} EXIT=0
DIAG_OPERATION mode=inplace calls=9 units=358 latch=1
NVS_RUNTIME_FAULT cut=358 write=ESP_ERR_FLASH_OP_FAIL old=49 new=127 recovered=49
COMMAND=/home/udaybhan/projects/Ghar_sajag_r1_storage/code/ParivarSathi_v1.5.4_PWA_BatteryAnalytics_v3_4_2/host/storage/nvs_runtime_probe/build/gs_nvs_runtime_probe.elf 9 50 20 fault 359 freeze ENV={} EXIT=0
DIAG_OPERATION mode=inplace calls=10 units=366 latch=1
NVS_RUNTIME_FAULT cut=359 write=ESP_ERR_FLASH_OP_FAIL old=49 new=127 recovered=49
COMMAND=/home/udaybhan/projects/Ghar_sajag_r1_storage/code/ParivarSathi_v1.5.4_PWA_BatteryAnalytics_v3_4_2/host/storage/nvs_runtime_probe/build/gs_nvs_runtime_probe.elf 9 50 20 fault 360 freeze ENV={} EXIT=0
DIAG_OPERATION mode=inplace calls=10 units=366 latch=1
NVS_RUNTIME_FAULT cut=360 write=ESP_ERR_FLASH_OP_FAIL old=49 new=127 recovered=49
COMMAND=/home/udaybhan/projects/Ghar_sajag_r1_storage/code/ParivarSathi_v1.5.4_PWA_BatteryAnalytics_v3_4_2/host/storage/nvs_runtime_probe/build/gs_nvs_runtime_probe.elf 9 50 20 fault 361 freeze ENV={} EXIT=0
DIAG_OPERATION mode=inplace calls=10 units=366 latch=1
NVS_RUNTIME_FAULT cut=361 write=ESP_ERR_FLASH_OP_FAIL old=49 new=127 recovered=49
COMMAND=/home/udaybhan/projects/Ghar_sajag_r1_storage/code/ParivarSathi_v1.5.4_PWA_BatteryAnalytics_v3_4_2/host/storage/nvs_runtime_probe/build/gs_nvs_runtime_probe.elf 9 50 20 fault 362 freeze ENV={} EXIT=0
DIAG_OPERATION mode=inplace calls=10 units=366 latch=1
NVS_RUNTIME_FAULT cut=362 write=ESP_ERR_FLASH_OP_FAIL old=49 new=127 recovered=49
COMMAND=/home/udaybhan/projects/Ghar_sajag_r1_storage/code/ParivarSathi_v1.5.4_PWA_BatteryAnalytics_v3_4_2/host/storage/nvs_runtime_probe/build/gs_nvs_runtime_probe.elf 9 50 20 fault 363 freeze ENV={} EXIT=0
DIAG_OPERATION mode=inplace calls=10 units=366 latch=1
NVS_RUNTIME_FAULT cut=363 write=ESP_ERR_FLASH_OP_FAIL old=49 new=127 recovered=49
COMMAND=/home/udaybhan/projects/Ghar_sajag_r1_storage/code/ParivarSathi_v1.5.4_PWA_BatteryAnalytics_v3_4_2/host/storage/nvs_runtime_probe/build/gs_nvs_runtime_probe.elf 9 50 20 fault 364 freeze ENV={} EXIT=0
DIAG_OPERATION mode=inplace calls=10 units=366 latch=1
NVS_RUNTIME_FAULT cut=364 write=ESP_ERR_FLASH_OP_FAIL old=49 new=127 recovered=49
COMMAND=/home/udaybhan/projects/Ghar_sajag_r1_storage/code/ParivarSathi_v1.5.4_PWA_BatteryAnalytics_v3_4_2/host/storage/nvs_runtime_probe/build/gs_nvs_runtime_probe.elf 9 50 20 fault 365 freeze ENV={} EXIT=0
DIAG_OPERATION mode=inplace calls=10 units=366 latch=1
NVS_RUNTIME_FAULT cut=365 write=ESP_ERR_FLASH_OP_FAIL old=49 new=127 recovered=49
COMMAND=/home/udaybhan/projects/Ghar_sajag_r1_storage/code/ParivarSathi_v1.5.4_PWA_BatteryAnalytics_v3_4_2/host/storage/nvs_runtime_probe/build/gs_nvs_runtime_probe.elf 9 50 20 fault 366 freeze ENV={} EXIT=0
DIAG_OPERATION mode=inplace calls=10 units=366 latch=1
NVS_RUNTIME_FAULT cut=366 write=ESP_ERR_FLASH_OP_FAIL old=49 new=127 recovered=49
COMMAND=/home/udaybhan/projects/Ghar_sajag_r1_storage/code/ParivarSathi_v1.5.4_PWA_BatteryAnalytics_v3_4_2/host/storage/nvs_runtime_probe/build/gs_nvs_runtime_probe.elf 9 50 20 fault 367 freeze ENV={} EXIT=0
DIAG_OPERATION mode=inplace calls=11 units=367 latch=1
NVS_RUNTIME_FAULT cut=367 write=ESP_ERR_FLASH_OP_FAIL old=49 new=127 recovered=49
COMMAND=/home/udaybhan/projects/Ghar_sajag_r1_storage/code/ParivarSathi_v1.5.4_PWA_BatteryAnalytics_v3_4_2/host/storage/nvs_runtime_probe/build/gs_nvs_runtime_probe.elf 9 50 20 fault 368 freeze ENV={} EXIT=0
DIAG_OPERATION mode=inplace calls=12 units=375 latch=1
NVS_RUNTIME_FAULT cut=368 write=ESP_ERR_FLASH_OP_FAIL old=49 new=127 recovered=49
COMMAND=/home/udaybhan/projects/Ghar_sajag_r1_storage/code/ParivarSathi_v1.5.4_PWA_BatteryAnalytics_v3_4_2/host/storage/nvs_runtime_probe/build/gs_nvs_runtime_probe.elf 9 50 20 fault 369 freeze ENV={} EXIT=0
DIAG_OPERATION mode=inplace calls=12 units=375 latch=1
NVS_RUNTIME_FAULT cut=369 write=ESP_ERR_FLASH_OP_FAIL old=49 new=127 recovered=49
COMMAND=/home/udaybhan/projects/Ghar_sajag_r1_storage/code/ParivarSathi_v1.5.4_PWA_BatteryAnalytics_v3_4_2/host/storage/nvs_runtime_probe/build/gs_nvs_runtime_probe.elf 9 50 20 fault 370 freeze ENV={} EXIT=0
DIAG_OPERATION mode=inplace calls=12 units=375 latch=1
NVS_RUNTIME_FAULT cut=370 write=ESP_ERR_FLASH_OP_FAIL old=49 new=127 recovered=49
COMMAND=/home/udaybhan/projects/Ghar_sajag_r1_storage/code/ParivarSathi_v1.5.4_PWA_BatteryAnalytics_v3_4_2/host/storage/nvs_runtime_probe/build/gs_nvs_runtime_probe.elf 9 50 20 fault 371 freeze ENV={} EXIT=0
DIAG_OPERATION mode=inplace calls=12 units=375 latch=1
NVS_RUNTIME_FAULT cut=371 write=ESP_ERR_FLASH_OP_FAIL old=49 new=127 recovered=49
COMMAND=/home/udaybhan/projects/Ghar_sajag_r1_storage/code/ParivarSathi_v1.5.4_PWA_BatteryAnalytics_v3_4_2/host/storage/nvs_runtime_probe/build/gs_nvs_runtime_probe.elf 9 50 20 fault 372 freeze ENV={} EXIT=0
DIAG_OPERATION mode=inplace calls=12 units=375 latch=1
NVS_RUNTIME_FAULT cut=372 write=ESP_ERR_FLASH_OP_FAIL old=49 new=127 recovered=49
COMMAND=/home/udaybhan/projects/Ghar_sajag_r1_storage/code/ParivarSathi_v1.5.4_PWA_BatteryAnalytics_v3_4_2/host/storage/nvs_runtime_probe/build/gs_nvs_runtime_probe.elf 9 50 20 fault 373 freeze ENV={} EXIT=0
DIAG_OPERATION mode=inplace calls=12 units=375 latch=1
NVS_RUNTIME_FAULT cut=373 write=ESP_ERR_FLASH_OP_FAIL old=49 new=127 recovered=49
COMMAND=/home/udaybhan/projects/Ghar_sajag_r1_storage/code/ParivarSathi_v1.5.4_PWA_BatteryAnalytics_v3_4_2/host/storage/nvs_runtime_probe/build/gs_nvs_runtime_probe.elf 9 50 20 fault 374 freeze ENV={} EXIT=0
DIAG_OPERATION mode=inplace calls=12 units=375 latch=1
NVS_RUNTIME_FAULT cut=374 write=ESP_ERR_FLASH_OP_FAIL old=49 new=127 recovered=49
COMMAND=/home/udaybhan/projects/Ghar_sajag_r1_storage/code/ParivarSathi_v1.5.4_PWA_BatteryAnalytics_v3_4_2/host/storage/nvs_runtime_probe/build/gs_nvs_runtime_probe.elf 9 50 20 fault 375 freeze ENV={} EXIT=0
DIAG_OPERATION mode=inplace calls=12 units=375 latch=1
NVS_RUNTIME_FAULT cut=375 write=ESP_ERR_FLASH_OP_FAIL old=49 new=127 recovered=49
COMMAND=/home/udaybhan/projects/Ghar_sajag_r1_storage/code/ParivarSathi_v1.5.4_PWA_BatteryAnalytics_v3_4_2/host/storage/nvs_runtime_probe/build/gs_nvs_runtime_probe.elf 9 50 20 fault 376 freeze ENV={} EXIT=0
DIAG_OPERATION mode=inplace calls=13 units=376 latch=1
NVS_RUNTIME_FAULT cut=376 write=ESP_ERR_FLASH_OP_FAIL old=49 new=127 recovered=49
COMMAND=/home/udaybhan/projects/Ghar_sajag_r1_storage/code/ParivarSathi_v1.5.4_PWA_BatteryAnalytics_v3_4_2/host/storage/nvs_runtime_probe/build/gs_nvs_runtime_probe.elf 9 50 20 fault 377 freeze ENV={} EXIT=0
DIAG_OPERATION mode=inplace calls=14 units=384 latch=1
NVS_RUNTIME_FAULT cut=377 write=ESP_ERR_FLASH_OP_FAIL old=49 new=127 recovered=49
COMMAND=/home/udaybhan/projects/Ghar_sajag_r1_storage/code/ParivarSathi_v1.5.4_PWA_BatteryAnalytics_v3_4_2/host/storage/nvs_runtime_probe/build/gs_nvs_runtime_probe.elf 9 50 20 fault 378 freeze ENV={} EXIT=0
DIAG_OPERATION mode=inplace calls=14 units=384 latch=1
NVS_RUNTIME_FAULT cut=378 write=ESP_ERR_FLASH_OP_FAIL old=49 new=127 recovered=49
COMMAND=/home/udaybhan/projects/Ghar_sajag_r1_storage/code/ParivarSathi_v1.5.4_PWA_BatteryAnalytics_v3_4_2/host/storage/nvs_runtime_probe/build/gs_nvs_runtime_probe.elf 9 50 20 fault 379 freeze ENV={} EXIT=0
DIAG_OPERATION mode=inplace calls=14 units=384 latch=1
NVS_RUNTIME_FAULT cut=379 write=ESP_ERR_FLASH_OP_FAIL old=49 new=127 recovered=49
COMMAND=/home/udaybhan/projects/Ghar_sajag_r1_storage/code/ParivarSathi_v1.5.4_PWA_BatteryAnalytics_v3_4_2/host/storage/nvs_runtime_probe/build/gs_nvs_runtime_probe.elf 9 50 20 fault 380 freeze ENV={} EXIT=0
DIAG_OPERATION mode=inplace calls=14 units=384 latch=1
NVS_RUNTIME_FAULT cut=380 write=ESP_ERR_FLASH_OP_FAIL old=49 new=127 recovered=49
COMMAND=/home/udaybhan/projects/Ghar_sajag_r1_storage/code/ParivarSathi_v1.5.4_PWA_BatteryAnalytics_v3_4_2/host/storage/nvs_runtime_probe/build/gs_nvs_runtime_probe.elf 9 50 20 fault 381 freeze ENV={} EXIT=0
DIAG_OPERATION mode=inplace calls=14 units=384 latch=1
NVS_RUNTIME_FAULT cut=381 write=ESP_ERR_FLASH_OP_FAIL old=49 new=127 recovered=49
COMMAND=/home/udaybhan/projects/Ghar_sajag_r1_storage/code/ParivarSathi_v1.5.4_PWA_BatteryAnalytics_v3_4_2/host/storage/nvs_runtime_probe/build/gs_nvs_runtime_probe.elf 9 50 20 fault 382 freeze ENV={} EXIT=0
DIAG_OPERATION mode=inplace calls=14 units=384 latch=1
NVS_RUNTIME_FAULT cut=382 write=ESP_ERR_FLASH_OP_FAIL old=49 new=127 recovered=49
COMMAND=/home/udaybhan/projects/Ghar_sajag_r1_storage/code/ParivarSathi_v1.5.4_PWA_BatteryAnalytics_v3_4_2/host/storage/nvs_runtime_probe/build/gs_nvs_runtime_probe.elf 9 50 20 fault 383 freeze ENV={} EXIT=0
DIAG_OPERATION mode=inplace calls=14 units=384 latch=1
NVS_RUNTIME_FAULT cut=383 write=ESP_ERR_FLASH_OP_FAIL old=49 new=127 recovered=49
COMMAND=/home/udaybhan/projects/Ghar_sajag_r1_storage/code/ParivarSathi_v1.5.4_PWA_BatteryAnalytics_v3_4_2/host/storage/nvs_runtime_probe/build/gs_nvs_runtime_probe.elf 9 50 20 fault 384 freeze ENV={} EXIT=0
DIAG_OPERATION mode=inplace calls=14 units=384 latch=1
NVS_RUNTIME_FAULT cut=384 write=ESP_ERR_FLASH_OP_FAIL old=49 new=127 recovered=49
COMMAND=/home/udaybhan/projects/Ghar_sajag_r1_storage/code/ParivarSathi_v1.5.4_PWA_BatteryAnalytics_v3_4_2/host/storage/nvs_runtime_probe/build/gs_nvs_runtime_probe.elf 9 50 20 fault 385 freeze ENV={} EXIT=0
DIAG_OPERATION mode=inplace calls=15 units=385 latch=1
NVS_RUNTIME_FAULT cut=385 write=ESP_ERR_FLASH_OP_FAIL old=49 new=127 recovered=49
COMMAND=/home/udaybhan/projects/Ghar_sajag_r1_storage/code/ParivarSathi_v1.5.4_PWA_BatteryAnalytics_v3_4_2/host/storage/nvs_runtime_probe/build/gs_nvs_runtime_probe.elf 9 50 20 fault 386 freeze ENV={} EXIT=0
DIAG_OPERATION mode=inplace calls=16 units=393 latch=1
NVS_RUNTIME_FAULT cut=386 write=ESP_ERR_FLASH_OP_FAIL old=49 new=127 recovered=49
COMMAND=/home/udaybhan/projects/Ghar_sajag_r1_storage/code/ParivarSathi_v1.5.4_PWA_BatteryAnalytics_v3_4_2/host/storage/nvs_runtime_probe/build/gs_nvs_runtime_probe.elf 9 50 20 fault 387 freeze ENV={} EXIT=0
DIAG_OPERATION mode=inplace calls=16 units=393 latch=1
NVS_RUNTIME_FAULT cut=387 write=ESP_ERR_FLASH_OP_FAIL old=49 new=127 recovered=49
COMMAND=/home/udaybhan/projects/Ghar_sajag_r1_storage/code/ParivarSathi_v1.5.4_PWA_BatteryAnalytics_v3_4_2/host/storage/nvs_runtime_probe/build/gs_nvs_runtime_probe.elf 9 50 20 fault 388 freeze ENV={} EXIT=0
DIAG_OPERATION mode=inplace calls=16 units=393 latch=1
NVS_RUNTIME_FAULT cut=388 write=ESP_ERR_FLASH_OP_FAIL old=49 new=127 recovered=49
COMMAND=/home/udaybhan/projects/Ghar_sajag_r1_storage/code/ParivarSathi_v1.5.4_PWA_BatteryAnalytics_v3_4_2/host/storage/nvs_runtime_probe/build/gs_nvs_runtime_probe.elf 9 50 20 fault 389 freeze ENV={} EXIT=0
DIAG_OPERATION mode=inplace calls=16 units=393 latch=1
NVS_RUNTIME_FAULT cut=389 write=ESP_ERR_FLASH_OP_FAIL old=49 new=127 recovered=49
COMMAND=/home/udaybhan/projects/Ghar_sajag_r1_storage/code/ParivarSathi_v1.5.4_PWA_BatteryAnalytics_v3_4_2/host/storage/nvs_runtime_probe/build/gs_nvs_runtime_probe.elf 9 50 20 fault 390 freeze ENV={} EXIT=0
DIAG_OPERATION mode=inplace calls=16 units=393 latch=1
NVS_RUNTIME_FAULT cut=390 write=ESP_ERR_FLASH_OP_FAIL old=49 new=127 recovered=49
COMMAND=/home/udaybhan/projects/Ghar_sajag_r1_storage/code/ParivarSathi_v1.5.4_PWA_BatteryAnalytics_v3_4_2/host/storage/nvs_runtime_probe/build/gs_nvs_runtime_probe.elf 9 50 20 fault 391 freeze ENV={} EXIT=0
DIAG_OPERATION mode=inplace calls=16 units=393 latch=1
NVS_RUNTIME_FAULT cut=391 write=ESP_ERR_FLASH_OP_FAIL old=49 new=127 recovered=49
COMMAND=/home/udaybhan/projects/Ghar_sajag_r1_storage/code/ParivarSathi_v1.5.4_PWA_BatteryAnalytics_v3_4_2/host/storage/nvs_runtime_probe/build/gs_nvs_runtime_probe.elf 9 50 20 fault 392 freeze ENV={} EXIT=0
DIAG_OPERATION mode=inplace calls=16 units=393 latch=1
NVS_RUNTIME_FAULT cut=392 write=ESP_ERR_FLASH_OP_FAIL old=49 new=127 recovered=49
COMMAND=/home/udaybhan/projects/Ghar_sajag_r1_storage/code/ParivarSathi_v1.5.4_PWA_BatteryAnalytics_v3_4_2/host/storage/nvs_runtime_probe/build/gs_nvs_runtime_probe.elf 9 50 20 fault 393 freeze ENV={} EXIT=0
DIAG_OPERATION mode=inplace calls=16 units=393 latch=1
NVS_RUNTIME_FAULT cut=393 write=ESP_ERR_FLASH_OP_FAIL old=49 new=127 recovered=49
COMMAND=/home/udaybhan/projects/Ghar_sajag_r1_storage/code/ParivarSathi_v1.5.4_PWA_BatteryAnalytics_v3_4_2/host/storage/nvs_runtime_probe/build/gs_nvs_runtime_probe.elf 9 50 20 fault 394 freeze ENV={} EXIT=0
DIAG_OPERATION mode=inplace calls=17 units=394 latch=1
NVS_RUNTIME_FAULT cut=394 write=ESP_ERR_FLASH_OP_FAIL old=49 new=127 recovered=49
COMMAND=/home/udaybhan/projects/Ghar_sajag_r1_storage/code/ParivarSathi_v1.5.4_PWA_BatteryAnalytics_v3_4_2/host/storage/nvs_runtime_probe/build/gs_nvs_runtime_probe.elf 9 50 20 fault 395 freeze ENV={} EXIT=0
DIAG_OPERATION mode=inplace calls=18 units=402 latch=1
NVS_RUNTIME_FAULT cut=395 write=ESP_ERR_FLASH_OP_FAIL old=49 new=127 recovered=49
COMMAND=/home/udaybhan/projects/Ghar_sajag_r1_storage/code/ParivarSathi_v1.5.4_PWA_BatteryAnalytics_v3_4_2/host/storage/nvs_runtime_probe/build/gs_nvs_runtime_probe.elf 9 50 20 fault 396 freeze ENV={} EXIT=0
DIAG_OPERATION mode=inplace calls=18 units=402 latch=1
NVS_RUNTIME_FAULT cut=396 write=ESP_ERR_FLASH_OP_FAIL old=49 new=127 recovered=49
COMMAND=/home/udaybhan/projects/Ghar_sajag_r1_storage/code/ParivarSathi_v1.5.4_PWA_BatteryAnalytics_v3_4_2/host/storage/nvs_runtime_probe/build/gs_nvs_runtime_probe.elf 9 50 20 fault 397 freeze ENV={} EXIT=0
DIAG_OPERATION mode=inplace calls=18 units=402 latch=1
NVS_RUNTIME_FAULT cut=397 write=ESP_ERR_FLASH_OP_FAIL old=49 new=127 recovered=49
COMMAND=/home/udaybhan/projects/Ghar_sajag_r1_storage/code/ParivarSathi_v1.5.4_PWA_BatteryAnalytics_v3_4_2/host/storage/nvs_runtime_probe/build/gs_nvs_runtime_probe.elf 9 50 20 fault 398 freeze ENV={} EXIT=0
DIAG_OPERATION mode=inplace calls=18 units=402 latch=1
NVS_RUNTIME_FAULT cut=398 write=ESP_ERR_FLASH_OP_FAIL old=49 new=127 recovered=49
COMMAND=/home/udaybhan/projects/Ghar_sajag_r1_storage/code/ParivarSathi_v1.5.4_PWA_BatteryAnalytics_v3_4_2/host/storage/nvs_runtime_probe/build/gs_nvs_runtime_probe.elf 9 50 20 fault 399 freeze ENV={} EXIT=0
DIAG_OPERATION mode=inplace calls=18 units=402 latch=1
NVS_RUNTIME_FAULT cut=399 write=ESP_ERR_FLASH_OP_FAIL old=49 new=127 recovered=49
COMMAND=/home/udaybhan/projects/Ghar_sajag_r1_storage/code/ParivarSathi_v1.5.4_PWA_BatteryAnalytics_v3_4_2/host/storage/nvs_runtime_probe/build/gs_nvs_runtime_probe.elf 9 50 20 fault 400 freeze ENV={} EXIT=0
DIAG_OPERATION mode=inplace calls=18 units=402 latch=1
NVS_RUNTIME_FAULT cut=400 write=ESP_ERR_FLASH_OP_FAIL old=49 new=127 recovered=49
COMMAND=/home/udaybhan/projects/Ghar_sajag_r1_storage/code/ParivarSathi_v1.5.4_PWA_BatteryAnalytics_v3_4_2/host/storage/nvs_runtime_probe/build/gs_nvs_runtime_probe.elf 9 50 20 fault 401 freeze ENV={} EXIT=0
DIAG_OPERATION mode=inplace calls=18 units=402 latch=1
NVS_RUNTIME_FAULT cut=401 write=ESP_ERR_FLASH_OP_FAIL old=49 new=127 recovered=49
COMMAND=/home/udaybhan/projects/Ghar_sajag_r1_storage/code/ParivarSathi_v1.5.4_PWA_BatteryAnalytics_v3_4_2/host/storage/nvs_runtime_probe/build/gs_nvs_runtime_probe.elf 9 50 20 fault 402 freeze ENV={} EXIT=0
DIAG_OPERATION mode=inplace calls=18 units=402 latch=1
NVS_RUNTIME_FAULT cut=402 write=ESP_ERR_FLASH_OP_FAIL old=49 new=127 recovered=49
COMMAND=/home/udaybhan/projects/Ghar_sajag_r1_storage/code/ParivarSathi_v1.5.4_PWA_BatteryAnalytics_v3_4_2/host/storage/nvs_runtime_probe/build/gs_nvs_runtime_probe.elf 9 50 20 fault 403 freeze ENV={} EXIT=0
DIAG_OPERATION mode=inplace calls=19 units=403 latch=1
NVS_RUNTIME_FAULT cut=403 write=ESP_ERR_FLASH_OP_FAIL old=49 new=127 recovered=49
COMMAND=/home/udaybhan/projects/Ghar_sajag_r1_storage/code/ParivarSathi_v1.5.4_PWA_BatteryAnalytics_v3_4_2/host/storage/nvs_runtime_probe/build/gs_nvs_runtime_probe.elf 9 50 20 fault 404 freeze ENV={} EXIT=0
DIAG_OPERATION mode=inplace calls=20 units=411 latch=1
NVS_RUNTIME_FAULT cut=404 write=ESP_ERR_FLASH_OP_FAIL old=49 new=127 recovered=49
COMMAND=/home/udaybhan/projects/Ghar_sajag_r1_storage/code/ParivarSathi_v1.5.4_PWA_BatteryAnalytics_v3_4_2/host/storage/nvs_runtime_probe/build/gs_nvs_runtime_probe.elf 9 50 20 fault 405 freeze ENV={} EXIT=0
DIAG_OPERATION mode=inplace calls=20 units=411 latch=1
NVS_RUNTIME_FAULT cut=405 write=ESP_ERR_FLASH_OP_FAIL old=49 new=127 recovered=49
COMMAND=/home/udaybhan/projects/Ghar_sajag_r1_storage/code/ParivarSathi_v1.5.4_PWA_BatteryAnalytics_v3_4_2/host/storage/nvs_runtime_probe/build/gs_nvs_runtime_probe.elf 9 50 20 fault 406 freeze ENV={} EXIT=0
DIAG_OPERATION mode=inplace calls=20 units=411 latch=1
NVS_RUNTIME_FAULT cut=406 write=ESP_ERR_FLASH_OP_FAIL old=49 new=127 recovered=49
COMMAND=/home/udaybhan/projects/Ghar_sajag_r1_storage/code/ParivarSathi_v1.5.4_PWA_BatteryAnalytics_v3_4_2/host/storage/nvs_runtime_probe/build/gs_nvs_runtime_probe.elf 9 50 20 fault 407 freeze ENV={} EXIT=0
DIAG_OPERATION mode=inplace calls=20 units=411 latch=1
NVS_RUNTIME_FAULT cut=407 write=ESP_ERR_FLASH_OP_FAIL old=49 new=127 recovered=49
COMMAND=/home/udaybhan/projects/Ghar_sajag_r1_storage/code/ParivarSathi_v1.5.4_PWA_BatteryAnalytics_v3_4_2/host/storage/nvs_runtime_probe/build/gs_nvs_runtime_probe.elf 9 50 20 fault 408 freeze ENV={} EXIT=0
DIAG_OPERATION mode=inplace calls=20 units=411 latch=1
NVS_RUNTIME_FAULT cut=408 write=ESP_ERR_FLASH_OP_FAIL old=49 new=127 recovered=49
COMMAND=/home/udaybhan/projects/Ghar_sajag_r1_storage/code/ParivarSathi_v1.5.4_PWA_BatteryAnalytics_v3_4_2/host/storage/nvs_runtime_probe/build/gs_nvs_runtime_probe.elf 9 50 20 fault 409 freeze ENV={} EXIT=0
DIAG_OPERATION mode=inplace calls=20 units=411 latch=1
NVS_RUNTIME_FAULT cut=409 write=ESP_ERR_FLASH_OP_FAIL old=49 new=127 recovered=49
COMMAND=/home/udaybhan/projects/Ghar_sajag_r1_storage/code/ParivarSathi_v1.5.4_PWA_BatteryAnalytics_v3_4_2/host/storage/nvs_runtime_probe/build/gs_nvs_runtime_probe.elf 9 50 20 fault 410 freeze ENV={} EXIT=0
DIAG_OPERATION mode=inplace calls=20 units=411 latch=1
NVS_RUNTIME_FAULT cut=410 write=ESP_ERR_FLASH_OP_FAIL old=49 new=127 recovered=49
COMMAND=/home/udaybhan/projects/Ghar_sajag_r1_storage/code/ParivarSathi_v1.5.4_PWA_BatteryAnalytics_v3_4_2/host/storage/nvs_runtime_probe/build/gs_nvs_runtime_probe.elf 9 50 20 fault 411 freeze ENV={} EXIT=0
DIAG_OPERATION mode=inplace calls=20 units=411 latch=1
NVS_RUNTIME_FAULT cut=411 write=ESP_ERR_FLASH_OP_FAIL old=49 new=127 recovered=49
COMMAND=/home/udaybhan/projects/Ghar_sajag_r1_storage/code/ParivarSathi_v1.5.4_PWA_BatteryAnalytics_v3_4_2/host/storage/nvs_runtime_probe/build/gs_nvs_runtime_probe.elf 9 50 20 fault 412 freeze ENV={} EXIT=0
DIAG_OPERATION mode=inplace calls=21 units=412 latch=1
NVS_RUNTIME_FAULT cut=412 write=ESP_ERR_FLASH_OP_FAIL old=49 new=127 recovered=49
COMMAND=/home/udaybhan/projects/Ghar_sajag_r1_storage/code/ParivarSathi_v1.5.4_PWA_BatteryAnalytics_v3_4_2/host/storage/nvs_runtime_probe/build/gs_nvs_runtime_probe.elf 9 50 20 fault 413 freeze ENV={} EXIT=0
DIAG_OPERATION mode=inplace calls=22 units=420 latch=1
NVS_RUNTIME_FAULT cut=413 write=ESP_ERR_FLASH_OP_FAIL old=49 new=127 recovered=49
COMMAND=/home/udaybhan/projects/Ghar_sajag_r1_storage/code/ParivarSathi_v1.5.4_PWA_BatteryAnalytics_v3_4_2/host/storage/nvs_runtime_probe/build/gs_nvs_runtime_probe.elf 9 50 20 fault 414 freeze ENV={} EXIT=0
DIAG_OPERATION mode=inplace calls=22 units=420 latch=1
NVS_RUNTIME_FAULT cut=414 write=ESP_ERR_FLASH_OP_FAIL old=49 new=127 recovered=49
COMMAND=/home/udaybhan/projects/Ghar_sajag_r1_storage/code/ParivarSathi_v1.5.4_PWA_BatteryAnalytics_v3_4_2/host/storage/nvs_runtime_probe/build/gs_nvs_runtime_probe.elf 9 50 20 fault 415 freeze ENV={} EXIT=0
DIAG_OPERATION mode=inplace calls=22 units=420 latch=1
NVS_RUNTIME_FAULT cut=415 write=ESP_ERR_FLASH_OP_FAIL old=49 new=127 recovered=49
COMMAND=/home/udaybhan/projects/Ghar_sajag_r1_storage/code/ParivarSathi_v1.5.4_PWA_BatteryAnalytics_v3_4_2/host/storage/nvs_runtime_probe/build/gs_nvs_runtime_probe.elf 9 50 20 fault 416 freeze ENV={} EXIT=0
DIAG_OPERATION mode=inplace calls=22 units=420 latch=1
NVS_RUNTIME_FAULT cut=416 write=ESP_ERR_FLASH_OP_FAIL old=49 new=127 recovered=49
COMMAND=/home/udaybhan/projects/Ghar_sajag_r1_storage/code/ParivarSathi_v1.5.4_PWA_BatteryAnalytics_v3_4_2/host/storage/nvs_runtime_probe/build/gs_nvs_runtime_probe.elf 9 50 20 fault 417 freeze ENV={} EXIT=0
DIAG_OPERATION mode=inplace calls=22 units=420 latch=1
NVS_RUNTIME_FAULT cut=417 write=ESP_ERR_FLASH_OP_FAIL old=49 new=127 recovered=49
COMMAND=/home/udaybhan/projects/Ghar_sajag_r1_storage/code/ParivarSathi_v1.5.4_PWA_BatteryAnalytics_v3_4_2/host/storage/nvs_runtime_probe/build/gs_nvs_runtime_probe.elf 9 50 20 fault 418 freeze ENV={} EXIT=0
DIAG_OPERATION mode=inplace calls=22 units=420 latch=1
NVS_RUNTIME_FAULT cut=418 write=ESP_ERR_FLASH_OP_FAIL old=49 new=127 recovered=49
COMMAND=/home/udaybhan/projects/Ghar_sajag_r1_storage/code/ParivarSathi_v1.5.4_PWA_BatteryAnalytics_v3_4_2/host/storage/nvs_runtime_probe/build/gs_nvs_runtime_probe.elf 9 50 20 fault 419 freeze ENV={} EXIT=0
DIAG_OPERATION mode=inplace calls=22 units=420 latch=1
NVS_RUNTIME_FAULT cut=419 write=ESP_ERR_FLASH_OP_FAIL old=49 new=127 recovered=49
COMMAND=/home/udaybhan/projects/Ghar_sajag_r1_storage/code/ParivarSathi_v1.5.4_PWA_BatteryAnalytics_v3_4_2/host/storage/nvs_runtime_probe/build/gs_nvs_runtime_probe.elf 9 50 20 fault 420 freeze ENV={} EXIT=0
DIAG_OPERATION mode=inplace calls=22 units=420 latch=1
NVS_RUNTIME_FAULT cut=420 write=ESP_ERR_FLASH_OP_FAIL old=49 new=127 recovered=49
COMMAND=/home/udaybhan/projects/Ghar_sajag_r1_storage/code/ParivarSathi_v1.5.4_PWA_BatteryAnalytics_v3_4_2/host/storage/nvs_runtime_probe/build/gs_nvs_runtime_probe.elf 9 50 20 fault 421 freeze ENV={} EXIT=0
DIAG_OPERATION mode=inplace calls=23 units=421 latch=1
NVS_RUNTIME_FAULT cut=421 write=ESP_ERR_FLASH_OP_FAIL old=49 new=127 recovered=49
COMMAND=/home/udaybhan/projects/Ghar_sajag_r1_storage/code/ParivarSathi_v1.5.4_PWA_BatteryAnalytics_v3_4_2/host/storage/nvs_runtime_probe/build/gs_nvs_runtime_probe.elf 9 50 20 fault 422 freeze ENV={} EXIT=0
DIAG_OPERATION mode=inplace calls=24 units=429 latch=1
NVS_RUNTIME_FAULT cut=422 write=ESP_ERR_FLASH_OP_FAIL old=49 new=127 recovered=49
COMMAND=/home/udaybhan/projects/Ghar_sajag_r1_storage/code/ParivarSathi_v1.5.4_PWA_BatteryAnalytics_v3_4_2/host/storage/nvs_runtime_probe/build/gs_nvs_runtime_probe.elf 9 50 20 fault 423 freeze ENV={} EXIT=0
DIAG_OPERATION mode=inplace calls=24 units=429 latch=1
NVS_RUNTIME_FAULT cut=423 write=ESP_ERR_FLASH_OP_FAIL old=49 new=127 recovered=49
COMMAND=/home/udaybhan/projects/Ghar_sajag_r1_storage/code/ParivarSathi_v1.5.4_PWA_BatteryAnalytics_v3_4_2/host/storage/nvs_runtime_probe/build/gs_nvs_runtime_probe.elf 9 50 20 fault 424 freeze ENV={} EXIT=0
DIAG_OPERATION mode=inplace calls=24 units=429 latch=1
NVS_RUNTIME_FAULT cut=424 write=ESP_ERR_FLASH_OP_FAIL old=49 new=127 recovered=49
COMMAND=/home/udaybhan/projects/Ghar_sajag_r1_storage/code/ParivarSathi_v1.5.4_PWA_BatteryAnalytics_v3_4_2/host/storage/nvs_runtime_probe/build/gs_nvs_runtime_probe.elf 9 50 20 fault 425 freeze ENV={} EXIT=0
DIAG_OPERATION mode=inplace calls=24 units=429 latch=1
NVS_RUNTIME_FAULT cut=425 write=ESP_ERR_FLASH_OP_FAIL old=49 new=127 recovered=49
COMMAND=/home/udaybhan/projects/Ghar_sajag_r1_storage/code/ParivarSathi_v1.5.4_PWA_BatteryAnalytics_v3_4_2/host/storage/nvs_runtime_probe/build/gs_nvs_runtime_probe.elf 9 50 20 fault 426 freeze ENV={} EXIT=0
DIAG_OPERATION mode=inplace calls=24 units=429 latch=1
NVS_RUNTIME_FAULT cut=426 write=ESP_ERR_FLASH_OP_FAIL old=49 new=127 recovered=49
COMMAND=/home/udaybhan/projects/Ghar_sajag_r1_storage/code/ParivarSathi_v1.5.4_PWA_BatteryAnalytics_v3_4_2/host/storage/nvs_runtime_probe/build/gs_nvs_runtime_probe.elf 9 50 20 fault 427 freeze ENV={} EXIT=0
DIAG_OPERATION mode=inplace calls=24 units=429 latch=1
NVS_RUNTIME_FAULT cut=427 write=ESP_ERR_FLASH_OP_FAIL old=49 new=127 recovered=49
COMMAND=/home/udaybhan/projects/Ghar_sajag_r1_storage/code/ParivarSathi_v1.5.4_PWA_BatteryAnalytics_v3_4_2/host/storage/nvs_runtime_probe/build/gs_nvs_runtime_probe.elf 9 50 20 fault 428 freeze ENV={} EXIT=0
DIAG_OPERATION mode=inplace calls=24 units=429 latch=1
NVS_RUNTIME_FAULT cut=428 write=ESP_ERR_FLASH_OP_FAIL old=49 new=127 recovered=49
COMMAND=/home/udaybhan/projects/Ghar_sajag_r1_storage/code/ParivarSathi_v1.5.4_PWA_BatteryAnalytics_v3_4_2/host/storage/nvs_runtime_probe/build/gs_nvs_runtime_probe.elf 9 50 20 fault 429 freeze ENV={} EXIT=0
DIAG_OPERATION mode=inplace calls=24 units=429 latch=1
NVS_RUNTIME_FAULT cut=429 write=ESP_ERR_FLASH_OP_FAIL old=49 new=127 recovered=49
COMMAND=/home/udaybhan/projects/Ghar_sajag_r1_storage/code/ParivarSathi_v1.5.4_PWA_BatteryAnalytics_v3_4_2/host/storage/nvs_runtime_probe/build/gs_nvs_runtime_probe.elf 9 50 20 fault 430 freeze ENV={} EXIT=0
DIAG_OPERATION mode=inplace calls=25 units=430 latch=1
NVS_RUNTIME_FAULT cut=430 write=ESP_ERR_FLASH_OP_FAIL old=49 new=127 recovered=49
COMMAND=/home/udaybhan/projects/Ghar_sajag_r1_storage/code/ParivarSathi_v1.5.4_PWA_BatteryAnalytics_v3_4_2/host/storage/nvs_runtime_probe/build/gs_nvs_runtime_probe.elf 9 50 20 fault 431 freeze ENV={} EXIT=0
DIAG_OPERATION mode=inplace calls=26 units=438 latch=1
NVS_RUNTIME_FAULT cut=431 write=ESP_ERR_FLASH_OP_FAIL old=49 new=127 recovered=49
COMMAND=/home/udaybhan/projects/Ghar_sajag_r1_storage/code/ParivarSathi_v1.5.4_PWA_BatteryAnalytics_v3_4_2/host/storage/nvs_runtime_probe/build/gs_nvs_runtime_probe.elf 9 50 20 fault 432 freeze ENV={} EXIT=0
DIAG_OPERATION mode=inplace calls=26 units=438 latch=1
NVS_RUNTIME_FAULT cut=432 write=ESP_ERR_FLASH_OP_FAIL old=49 new=127 recovered=49
COMMAND=/home/udaybhan/projects/Ghar_sajag_r1_storage/code/ParivarSathi_v1.5.4_PWA_BatteryAnalytics_v3_4_2/host/storage/nvs_runtime_probe/build/gs_nvs_runtime_probe.elf 9 50 20 fault 433 freeze ENV={} EXIT=0
DIAG_OPERATION mode=inplace calls=26 units=438 latch=1
NVS_RUNTIME_FAULT cut=433 write=ESP_ERR_FLASH_OP_FAIL old=49 new=127 recovered=49
COMMAND=/home/udaybhan/projects/Ghar_sajag_r1_storage/code/ParivarSathi_v1.5.4_PWA_BatteryAnalytics_v3_4_2/host/storage/nvs_runtime_probe/build/gs_nvs_runtime_probe.elf 9 50 20 fault 434 freeze ENV={} EXIT=0
DIAG_OPERATION mode=inplace calls=26 units=438 latch=1
NVS_RUNTIME_FAULT cut=434 write=ESP_ERR_FLASH_OP_FAIL old=49 new=127 recovered=49
COMMAND=/home/udaybhan/projects/Ghar_sajag_r1_storage/code/ParivarSathi_v1.5.4_PWA_BatteryAnalytics_v3_4_2/host/storage/nvs_runtime_probe/build/gs_nvs_runtime_probe.elf 9 50 20 fault 435 freeze ENV={} EXIT=0
DIAG_OPERATION mode=inplace calls=26 units=438 latch=1
NVS_RUNTIME_FAULT cut=435 write=ESP_ERR_FLASH_OP_FAIL old=49 new=127 recovered=49
COMMAND=/home/udaybhan/projects/Ghar_sajag_r1_storage/code/ParivarSathi_v1.5.4_PWA_BatteryAnalytics_v3_4_2/host/storage/nvs_runtime_probe/build/gs_nvs_runtime_probe.elf 9 50 20 fault 436 freeze ENV={} EXIT=0
DIAG_OPERATION mode=inplace calls=26 units=438 latch=1
NVS_RUNTIME_FAULT cut=436 write=ESP_ERR_FLASH_OP_FAIL old=49 new=127 recovered=49
COMMAND=/home/udaybhan/projects/Ghar_sajag_r1_storage/code/ParivarSathi_v1.5.4_PWA_BatteryAnalytics_v3_4_2/host/storage/nvs_runtime_probe/build/gs_nvs_runtime_probe.elf 9 50 20 fault 437 freeze ENV={} EXIT=0
DIAG_OPERATION mode=inplace calls=26 units=438 latch=1
NVS_RUNTIME_FAULT cut=437 write=ESP_ERR_FLASH_OP_FAIL old=49 new=127 recovered=49
COMMAND=/home/udaybhan/projects/Ghar_sajag_r1_storage/code/ParivarSathi_v1.5.4_PWA_BatteryAnalytics_v3_4_2/host/storage/nvs_runtime_probe/build/gs_nvs_runtime_probe.elf 9 50 20 fault 438 freeze ENV={} EXIT=0
DIAG_OPERATION mode=inplace calls=26 units=438 latch=1
NVS_RUNTIME_FAULT cut=438 write=ESP_ERR_FLASH_OP_FAIL old=49 new=127 recovered=49
COMMAND=/home/udaybhan/projects/Ghar_sajag_r1_storage/code/ParivarSathi_v1.5.4_PWA_BatteryAnalytics_v3_4_2/host/storage/nvs_runtime_probe/build/gs_nvs_runtime_probe.elf 9 50 20 fault 439 freeze ENV={} EXIT=0
DIAG_OPERATION mode=inplace calls=27 units=439 latch=1
NVS_RUNTIME_FAULT cut=439 write=ESP_ERR_FLASH_OP_FAIL old=49 new=127 recovered=49
COMMAND=/home/udaybhan/projects/Ghar_sajag_r1_storage/code/ParivarSathi_v1.5.4_PWA_BatteryAnalytics_v3_4_2/host/storage/nvs_runtime_probe/build/gs_nvs_runtime_probe.elf 9 50 20 fault 440 freeze ENV={} EXIT=0
DIAG_OPERATION mode=inplace calls=28 units=447 latch=1
NVS_RUNTIME_FAULT cut=440 write=ESP_ERR_FLASH_OP_FAIL old=49 new=127 recovered=49
COMMAND=/home/udaybhan/projects/Ghar_sajag_r1_storage/code/ParivarSathi_v1.5.4_PWA_BatteryAnalytics_v3_4_2/host/storage/nvs_runtime_probe/build/gs_nvs_runtime_probe.elf 9 50 20 fault 441 freeze ENV={} EXIT=0
DIAG_OPERATION mode=inplace calls=28 units=447 latch=1
NVS_RUNTIME_FAULT cut=441 write=ESP_ERR_FLASH_OP_FAIL old=49 new=127 recovered=49
COMMAND=/home/udaybhan/projects/Ghar_sajag_r1_storage/code/ParivarSathi_v1.5.4_PWA_BatteryAnalytics_v3_4_2/host/storage/nvs_runtime_probe/build/gs_nvs_runtime_probe.elf 9 50 20 fault 442 freeze ENV={} EXIT=0
DIAG_OPERATION mode=inplace calls=28 units=447 latch=1
NVS_RUNTIME_FAULT cut=442 write=ESP_ERR_FLASH_OP_FAIL old=49 new=127 recovered=49
COMMAND=/home/udaybhan/projects/Ghar_sajag_r1_storage/code/ParivarSathi_v1.5.4_PWA_BatteryAnalytics_v3_4_2/host/storage/nvs_runtime_probe/build/gs_nvs_runtime_probe.elf 9 50 20 fault 443 freeze ENV={} EXIT=0
DIAG_OPERATION mode=inplace calls=28 units=447 latch=1
NVS_RUNTIME_FAULT cut=443 write=ESP_ERR_FLASH_OP_FAIL old=49 new=127 recovered=49
COMMAND=/home/udaybhan/projects/Ghar_sajag_r1_storage/code/ParivarSathi_v1.5.4_PWA_BatteryAnalytics_v3_4_2/host/storage/nvs_runtime_probe/build/gs_nvs_runtime_probe.elf 9 50 20 fault 444 freeze ENV={} EXIT=0
DIAG_OPERATION mode=inplace calls=28 units=447 latch=1
NVS_RUNTIME_FAULT cut=444 write=ESP_ERR_FLASH_OP_FAIL old=49 new=127 recovered=49
COMMAND=/home/udaybhan/projects/Ghar_sajag_r1_storage/code/ParivarSathi_v1.5.4_PWA_BatteryAnalytics_v3_4_2/host/storage/nvs_runtime_probe/build/gs_nvs_runtime_probe.elf 9 50 20 fault 445 freeze ENV={} EXIT=0
DIAG_OPERATION mode=inplace calls=28 units=447 latch=1
NVS_RUNTIME_FAULT cut=445 write=ESP_ERR_FLASH_OP_FAIL old=49 new=127 recovered=49
COMMAND=/home/udaybhan/projects/Ghar_sajag_r1_storage/code/ParivarSathi_v1.5.4_PWA_BatteryAnalytics_v3_4_2/host/storage/nvs_runtime_probe/build/gs_nvs_runtime_probe.elf 9 50 20 fault 446 freeze ENV={} EXIT=0
DIAG_OPERATION mode=inplace calls=28 units=447 latch=1
NVS_RUNTIME_FAULT cut=446 write=ESP_ERR_FLASH_OP_FAIL old=49 new=127 recovered=49
COMMAND=/home/udaybhan/projects/Ghar_sajag_r1_storage/code/ParivarSathi_v1.5.4_PWA_BatteryAnalytics_v3_4_2/host/storage/nvs_runtime_probe/build/gs_nvs_runtime_probe.elf 9 50 20 fault 447 freeze ENV={} EXIT=0
DIAG_OPERATION mode=inplace calls=28 units=447 latch=1
NVS_RUNTIME_FAULT cut=447 write=ESP_ERR_FLASH_OP_FAIL old=49 new=127 recovered=49
COMMAND=/home/udaybhan/projects/Ghar_sajag_r1_storage/code/ParivarSathi_v1.5.4_PWA_BatteryAnalytics_v3_4_2/host/storage/nvs_runtime_probe/build/gs_nvs_runtime_probe.elf 9 50 20 fault 448 freeze ENV={} EXIT=0
DIAG_OPERATION mode=inplace calls=29 units=448 latch=1
NVS_RUNTIME_FAULT cut=448 write=ESP_ERR_FLASH_OP_FAIL old=49 new=127 recovered=49
COMMAND=/home/udaybhan/projects/Ghar_sajag_r1_storage/code/ParivarSathi_v1.5.4_PWA_BatteryAnalytics_v3_4_2/host/storage/nvs_runtime_probe/build/gs_nvs_runtime_probe.elf 9 50 20 fault 449 freeze ENV={} EXIT=0
DIAG_OPERATION mode=inplace calls=30 units=456 latch=1
NVS_RUNTIME_FAULT cut=449 write=ESP_ERR_FLASH_OP_FAIL old=49 new=127 recovered=49
COMMAND=/home/udaybhan/projects/Ghar_sajag_r1_storage/code/ParivarSathi_v1.5.4_PWA_BatteryAnalytics_v3_4_2/host/storage/nvs_runtime_probe/build/gs_nvs_runtime_probe.elf 9 50 20 fault 450 freeze ENV={} EXIT=0
DIAG_OPERATION mode=inplace calls=30 units=456 latch=1
NVS_RUNTIME_FAULT cut=450 write=ESP_ERR_FLASH_OP_FAIL old=49 new=127 recovered=49
COMMAND=/home/udaybhan/projects/Ghar_sajag_r1_storage/code/ParivarSathi_v1.5.4_PWA_BatteryAnalytics_v3_4_2/host/storage/nvs_runtime_probe/build/gs_nvs_runtime_probe.elf 9 50 20 fault 451 freeze ENV={} EXIT=0
DIAG_OPERATION mode=inplace calls=30 units=456 latch=1
NVS_RUNTIME_FAULT cut=451 write=ESP_ERR_FLASH_OP_FAIL old=49 new=127 recovered=49
COMMAND=/home/udaybhan/projects/Ghar_sajag_r1_storage/code/ParivarSathi_v1.5.4_PWA_BatteryAnalytics_v3_4_2/host/storage/nvs_runtime_probe/build/gs_nvs_runtime_probe.elf 9 50 20 fault 452 freeze ENV={} EXIT=0
DIAG_OPERATION mode=inplace calls=30 units=456 latch=1
NVS_RUNTIME_FAULT cut=452 write=ESP_ERR_FLASH_OP_FAIL old=49 new=127 recovered=49
COMMAND=/home/udaybhan/projects/Ghar_sajag_r1_storage/code/ParivarSathi_v1.5.4_PWA_BatteryAnalytics_v3_4_2/host/storage/nvs_runtime_probe/build/gs_nvs_runtime_probe.elf 9 50 20 fault 453 freeze ENV={} EXIT=0
DIAG_OPERATION mode=inplace calls=30 units=456 latch=1
NVS_RUNTIME_FAULT cut=453 write=ESP_ERR_FLASH_OP_FAIL old=49 new=127 recovered=49
COMMAND=/home/udaybhan/projects/Ghar_sajag_r1_storage/code/ParivarSathi_v1.5.4_PWA_BatteryAnalytics_v3_4_2/host/storage/nvs_runtime_probe/build/gs_nvs_runtime_probe.elf 9 50 20 fault 454 freeze ENV={} EXIT=0
DIAG_OPERATION mode=inplace calls=30 units=456 latch=1
NVS_RUNTIME_FAULT cut=454 write=ESP_ERR_FLASH_OP_FAIL old=49 new=127 recovered=49
COMMAND=/home/udaybhan/projects/Ghar_sajag_r1_storage/code/ParivarSathi_v1.5.4_PWA_BatteryAnalytics_v3_4_2/host/storage/nvs_runtime_probe/build/gs_nvs_runtime_probe.elf 9 50 20 fault 455 freeze ENV={} EXIT=0
DIAG_OPERATION mode=inplace calls=30 units=456 latch=1
NVS_RUNTIME_FAULT cut=455 write=ESP_ERR_FLASH_OP_FAIL old=49 new=127 recovered=49
COMMAND=/home/udaybhan/projects/Ghar_sajag_r1_storage/code/ParivarSathi_v1.5.4_PWA_BatteryAnalytics_v3_4_2/host/storage/nvs_runtime_probe/build/gs_nvs_runtime_probe.elf 9 50 20 fault 456 freeze ENV={} EXIT=0
DIAG_OPERATION mode=inplace calls=30 units=456 latch=1
NVS_RUNTIME_FAULT cut=456 write=ESP_ERR_FLASH_OP_FAIL old=49 new=127 recovered=49
COMMAND=/home/udaybhan/projects/Ghar_sajag_r1_storage/code/ParivarSathi_v1.5.4_PWA_BatteryAnalytics_v3_4_2/host/storage/nvs_runtime_probe/build/gs_nvs_runtime_probe.elf 9 50 20 fault 457 freeze ENV={} EXIT=0
DIAG_OPERATION mode=inplace calls=31 units=457 latch=1
NVS_RUNTIME_FAULT cut=457 write=ESP_ERR_FLASH_OP_FAIL old=49 new=127 recovered=49
COMMAND=/home/udaybhan/projects/Ghar_sajag_r1_storage/code/ParivarSathi_v1.5.4_PWA_BatteryAnalytics_v3_4_2/host/storage/nvs_runtime_probe/build/gs_nvs_runtime_probe.elf 9 50 20 fault 458 freeze ENV={} EXIT=0
DIAG_OPERATION mode=inplace calls=32 units=465 latch=1
NVS_RUNTIME_FAULT cut=458 write=ESP_ERR_FLASH_OP_FAIL old=49 new=127 recovered=49
COMMAND=/home/udaybhan/projects/Ghar_sajag_r1_storage/code/ParivarSathi_v1.5.4_PWA_BatteryAnalytics_v3_4_2/host/storage/nvs_runtime_probe/build/gs_nvs_runtime_probe.elf 9 50 20 fault 459 freeze ENV={} EXIT=0
DIAG_OPERATION mode=inplace calls=32 units=465 latch=1
NVS_RUNTIME_FAULT cut=459 write=ESP_ERR_FLASH_OP_FAIL old=49 new=127 recovered=49
COMMAND=/home/udaybhan/projects/Ghar_sajag_r1_storage/code/ParivarSathi_v1.5.4_PWA_BatteryAnalytics_v3_4_2/host/storage/nvs_runtime_probe/build/gs_nvs_runtime_probe.elf 9 50 20 fault 460 freeze ENV={} EXIT=0
DIAG_OPERATION mode=inplace calls=32 units=465 latch=1
NVS_RUNTIME_FAULT cut=460 write=ESP_ERR_FLASH_OP_FAIL old=49 new=127 recovered=49
COMMAND=/home/udaybhan/projects/Ghar_sajag_r1_storage/code/ParivarSathi_v1.5.4_PWA_BatteryAnalytics_v3_4_2/host/storage/nvs_runtime_probe/build/gs_nvs_runtime_probe.elf 9 50 20 fault 461 freeze ENV={} EXIT=0
DIAG_OPERATION mode=inplace calls=32 units=465 latch=1
NVS_RUNTIME_FAULT cut=461 write=ESP_ERR_FLASH_OP_FAIL old=49 new=127 recovered=49
COMMAND=/home/udaybhan/projects/Ghar_sajag_r1_storage/code/ParivarSathi_v1.5.4_PWA_BatteryAnalytics_v3_4_2/host/storage/nvs_runtime_probe/build/gs_nvs_runtime_probe.elf 9 50 20 fault 462 freeze ENV={} EXIT=0
DIAG_OPERATION mode=inplace calls=32 units=465 latch=1
NVS_RUNTIME_FAULT cut=462 write=ESP_ERR_FLASH_OP_FAIL old=49 new=127 recovered=49
COMMAND=/home/udaybhan/projects/Ghar_sajag_r1_storage/code/ParivarSathi_v1.5.4_PWA_BatteryAnalytics_v3_4_2/host/storage/nvs_runtime_probe/build/gs_nvs_runtime_probe.elf 9 50 20 fault 463 freeze ENV={} EXIT=0
DIAG_OPERATION mode=inplace calls=32 units=465 latch=1
NVS_RUNTIME_FAULT cut=463 write=ESP_ERR_FLASH_OP_FAIL old=49 new=127 recovered=49
COMMAND=/home/udaybhan/projects/Ghar_sajag_r1_storage/code/ParivarSathi_v1.5.4_PWA_BatteryAnalytics_v3_4_2/host/storage/nvs_runtime_probe/build/gs_nvs_runtime_probe.elf 9 50 20 fault 464 freeze ENV={} EXIT=0
DIAG_OPERATION mode=inplace calls=32 units=465 latch=1
NVS_RUNTIME_FAULT cut=464 write=ESP_ERR_FLASH_OP_FAIL old=49 new=127 recovered=49
COMMAND=/home/udaybhan/projects/Ghar_sajag_r1_storage/code/ParivarSathi_v1.5.4_PWA_BatteryAnalytics_v3_4_2/host/storage/nvs_runtime_probe/build/gs_nvs_runtime_probe.elf 9 50 20 fault 465 freeze ENV={} EXIT=0
DIAG_OPERATION mode=inplace calls=32 units=465 latch=1
NVS_RUNTIME_FAULT cut=465 write=ESP_ERR_FLASH_OP_FAIL old=49 new=127 recovered=49
COMMAND=/home/udaybhan/projects/Ghar_sajag_r1_storage/code/ParivarSathi_v1.5.4_PWA_BatteryAnalytics_v3_4_2/host/storage/nvs_runtime_probe/build/gs_nvs_runtime_probe.elf 9 50 20 fault 466 freeze ENV={} EXIT=0
DIAG_OPERATION mode=inplace calls=33 units=466 latch=1
NVS_RUNTIME_FAULT cut=466 write=ESP_ERR_FLASH_OP_FAIL old=49 new=127 recovered=49
COMMAND=/home/udaybhan/projects/Ghar_sajag_r1_storage/code/ParivarSathi_v1.5.4_PWA_BatteryAnalytics_v3_4_2/host/storage/nvs_runtime_probe/build/gs_nvs_runtime_probe.elf 9 50 20 fault 467 freeze ENV={} EXIT=0
DIAG_OPERATION mode=inplace calls=34 units=474 latch=1
NVS_RUNTIME_FAULT cut=467 write=ESP_ERR_FLASH_OP_FAIL old=49 new=127 recovered=49
COMMAND=/home/udaybhan/projects/Ghar_sajag_r1_storage/code/ParivarSathi_v1.5.4_PWA_BatteryAnalytics_v3_4_2/host/storage/nvs_runtime_probe/build/gs_nvs_runtime_probe.elf 9 50 20 fault 468 freeze ENV={} EXIT=0
DIAG_OPERATION mode=inplace calls=34 units=474 latch=1
NVS_RUNTIME_FAULT cut=468 write=ESP_ERR_FLASH_OP_FAIL old=49 new=127 recovered=49
COMMAND=/home/udaybhan/projects/Ghar_sajag_r1_storage/code/ParivarSathi_v1.5.4_PWA_BatteryAnalytics_v3_4_2/host/storage/nvs_runtime_probe/build/gs_nvs_runtime_probe.elf 9 50 20 fault 469 freeze ENV={} EXIT=0
DIAG_OPERATION mode=inplace calls=34 units=474 latch=1
NVS_RUNTIME_FAULT cut=469 write=ESP_ERR_FLASH_OP_FAIL old=49 new=127 recovered=49
COMMAND=/home/udaybhan/projects/Ghar_sajag_r1_storage/code/ParivarSathi_v1.5.4_PWA_BatteryAnalytics_v3_4_2/host/storage/nvs_runtime_probe/build/gs_nvs_runtime_probe.elf 9 50 20 fault 470 freeze ENV={} EXIT=0
DIAG_OPERATION mode=inplace calls=34 units=474 latch=1
NVS_RUNTIME_FAULT cut=470 write=ESP_ERR_FLASH_OP_FAIL old=49 new=127 recovered=49
COMMAND=/home/udaybhan/projects/Ghar_sajag_r1_storage/code/ParivarSathi_v1.5.4_PWA_BatteryAnalytics_v3_4_2/host/storage/nvs_runtime_probe/build/gs_nvs_runtime_probe.elf 9 50 20 fault 471 freeze ENV={} EXIT=0
DIAG_OPERATION mode=inplace calls=34 units=474 latch=1
NVS_RUNTIME_FAULT cut=471 write=ESP_ERR_FLASH_OP_FAIL old=49 new=127 recovered=49
COMMAND=/home/udaybhan/projects/Ghar_sajag_r1_storage/code/ParivarSathi_v1.5.4_PWA_BatteryAnalytics_v3_4_2/host/storage/nvs_runtime_probe/build/gs_nvs_runtime_probe.elf 9 50 20 fault 472 freeze ENV={} EXIT=0
DIAG_OPERATION mode=inplace calls=34 units=474 latch=1
NVS_RUNTIME_FAULT cut=472 write=ESP_ERR_FLASH_OP_FAIL old=49 new=127 recovered=49
COMMAND=/home/udaybhan/projects/Ghar_sajag_r1_storage/code/ParivarSathi_v1.5.4_PWA_BatteryAnalytics_v3_4_2/host/storage/nvs_runtime_probe/build/gs_nvs_runtime_probe.elf 9 50 20 fault 473 freeze ENV={} EXIT=0
DIAG_OPERATION mode=inplace calls=34 units=474 latch=1
NVS_RUNTIME_FAULT cut=473 write=ESP_ERR_FLASH_OP_FAIL old=49 new=127 recovered=49
COMMAND=/home/udaybhan/projects/Ghar_sajag_r1_storage/code/ParivarSathi_v1.5.4_PWA_BatteryAnalytics_v3_4_2/host/storage/nvs_runtime_probe/build/gs_nvs_runtime_probe.elf 9 50 20 fault 474 freeze ENV={} EXIT=0
DIAG_OPERATION mode=inplace calls=34 units=474 latch=1
NVS_RUNTIME_FAULT cut=474 write=ESP_ERR_FLASH_OP_FAIL old=49 new=127 recovered=49
COMMAND=/home/udaybhan/projects/Ghar_sajag_r1_storage/code/ParivarSathi_v1.5.4_PWA_BatteryAnalytics_v3_4_2/host/storage/nvs_runtime_probe/build/gs_nvs_runtime_probe.elf 9 50 20 fault 475 freeze ENV={} EXIT=0
DIAG_OPERATION mode=inplace calls=35 units=475 latch=1
NVS_RUNTIME_FAULT cut=475 write=ESP_ERR_FLASH_OP_FAIL old=49 new=127 recovered=49
COMMAND=/home/udaybhan/projects/Ghar_sajag_r1_storage/code/ParivarSathi_v1.5.4_PWA_BatteryAnalytics_v3_4_2/host/storage/nvs_runtime_probe/build/gs_nvs_runtime_probe.elf 9 50 20 fault 476 freeze ENV={} EXIT=0
DIAG_OPERATION mode=inplace calls=36 units=483 latch=1
NVS_RUNTIME_FAULT cut=476 write=ESP_ERR_FLASH_OP_FAIL old=49 new=127 recovered=49
COMMAND=/home/udaybhan/projects/Ghar_sajag_r1_storage/code/ParivarSathi_v1.5.4_PWA_BatteryAnalytics_v3_4_2/host/storage/nvs_runtime_probe/build/gs_nvs_runtime_probe.elf 9 50 20 fault 477 freeze ENV={} EXIT=0
DIAG_OPERATION mode=inplace calls=36 units=483 latch=1
NVS_RUNTIME_FAULT cut=477 write=ESP_ERR_FLASH_OP_FAIL old=49 new=127 recovered=49
COMMAND=/home/udaybhan/projects/Ghar_sajag_r1_storage/code/ParivarSathi_v1.5.4_PWA_BatteryAnalytics_v3_4_2/host/storage/nvs_runtime_probe/build/gs_nvs_runtime_probe.elf 9 50 20 fault 478 freeze ENV={} EXIT=0
DIAG_OPERATION mode=inplace calls=36 units=483 latch=1
NVS_RUNTIME_FAULT cut=478 write=ESP_ERR_FLASH_OP_FAIL old=49 new=127 recovered=49
COMMAND=/home/udaybhan/projects/Ghar_sajag_r1_storage/code/ParivarSathi_v1.5.4_PWA_BatteryAnalytics_v3_4_2/host/storage/nvs_runtime_probe/build/gs_nvs_runtime_probe.elf 9 50 20 fault 479 freeze ENV={} EXIT=0
DIAG_OPERATION mode=inplace calls=36 units=483 latch=1
NVS_RUNTIME_FAULT cut=479 write=ESP_ERR_FLASH_OP_FAIL old=49 new=127 recovered=49
COMMAND=/home/udaybhan/projects/Ghar_sajag_r1_storage/code/ParivarSathi_v1.5.4_PWA_BatteryAnalytics_v3_4_2/host/storage/nvs_runtime_probe/build/gs_nvs_runtime_probe.elf 9 50 20 fault 480 freeze ENV={} EXIT=0
DIAG_OPERATION mode=inplace calls=36 units=483 latch=1
NVS_RUNTIME_FAULT cut=480 write=ESP_ERR_FLASH_OP_FAIL old=49 new=127 recovered=49
COMMAND=/home/udaybhan/projects/Ghar_sajag_r1_storage/code/ParivarSathi_v1.5.4_PWA_BatteryAnalytics_v3_4_2/host/storage/nvs_runtime_probe/build/gs_nvs_runtime_probe.elf 9 50 20 fault 481 freeze ENV={} EXIT=0
DIAG_OPERATION mode=inplace calls=36 units=483 latch=1
NVS_RUNTIME_FAULT cut=481 write=ESP_ERR_FLASH_OP_FAIL old=49 new=127 recovered=49
COMMAND=/home/udaybhan/projects/Ghar_sajag_r1_storage/code/ParivarSathi_v1.5.4_PWA_BatteryAnalytics_v3_4_2/host/storage/nvs_runtime_probe/build/gs_nvs_runtime_probe.elf 9 50 20 fault 482 freeze ENV={} EXIT=0
DIAG_OPERATION mode=inplace calls=36 units=483 latch=1
NVS_RUNTIME_FAULT cut=482 write=ESP_ERR_FLASH_OP_FAIL old=49 new=127 recovered=49
COMMAND=/home/udaybhan/projects/Ghar_sajag_r1_storage/code/ParivarSathi_v1.5.4_PWA_BatteryAnalytics_v3_4_2/host/storage/nvs_runtime_probe/build/gs_nvs_runtime_probe.elf 9 50 20 fault 483 freeze ENV={} EXIT=0
DIAG_OPERATION mode=inplace calls=36 units=483 latch=1
NVS_RUNTIME_FAULT cut=483 write=ESP_ERR_FLASH_OP_FAIL old=49 new=127 recovered=49
COMMAND=/home/udaybhan/projects/Ghar_sajag_r1_storage/code/ParivarSathi_v1.5.4_PWA_BatteryAnalytics_v3_4_2/host/storage/nvs_runtime_probe/build/gs_nvs_runtime_probe.elf 9 50 20 fault 484 freeze ENV={} EXIT=0
DIAG_OPERATION mode=inplace calls=37 units=484 latch=1
NVS_RUNTIME_FAULT cut=484 write=ESP_ERR_FLASH_OP_FAIL old=49 new=127 recovered=49
COMMAND=/home/udaybhan/projects/Ghar_sajag_r1_storage/code/ParivarSathi_v1.5.4_PWA_BatteryAnalytics_v3_4_2/host/storage/nvs_runtime_probe/build/gs_nvs_runtime_probe.elf 9 50 20 fault 485 freeze ENV={} EXIT=0
DIAG_OPERATION mode=inplace calls=38 units=492 latch=1
NVS_RUNTIME_FAULT cut=485 write=ESP_ERR_FLASH_OP_FAIL old=49 new=127 recovered=49
COMMAND=/home/udaybhan/projects/Ghar_sajag_r1_storage/code/ParivarSathi_v1.5.4_PWA_BatteryAnalytics_v3_4_2/host/storage/nvs_runtime_probe/build/gs_nvs_runtime_probe.elf 9 50 20 fault 486 freeze ENV={} EXIT=0
DIAG_OPERATION mode=inplace calls=38 units=492 latch=1
NVS_RUNTIME_FAULT cut=486 write=ESP_ERR_FLASH_OP_FAIL old=49 new=127 recovered=49
COMMAND=/home/udaybhan/projects/Ghar_sajag_r1_storage/code/ParivarSathi_v1.5.4_PWA_BatteryAnalytics_v3_4_2/host/storage/nvs_runtime_probe/build/gs_nvs_runtime_probe.elf 9 50 20 fault 487 freeze ENV={} EXIT=0
DIAG_OPERATION mode=inplace calls=38 units=492 latch=1
NVS_RUNTIME_FAULT cut=487 write=ESP_ERR_FLASH_OP_FAIL old=49 new=127 recovered=49
COMMAND=/home/udaybhan/projects/Ghar_sajag_r1_storage/code/ParivarSathi_v1.5.4_PWA_BatteryAnalytics_v3_4_2/host/storage/nvs_runtime_probe/build/gs_nvs_runtime_probe.elf 9 50 20 fault 488 freeze ENV={} EXIT=0
DIAG_OPERATION mode=inplace calls=38 units=492 latch=1
NVS_RUNTIME_FAULT cut=488 write=ESP_ERR_FLASH_OP_FAIL old=49 new=127 recovered=49
COMMAND=/home/udaybhan/projects/Ghar_sajag_r1_storage/code/ParivarSathi_v1.5.4_PWA_BatteryAnalytics_v3_4_2/host/storage/nvs_runtime_probe/build/gs_nvs_runtime_probe.elf 9 50 20 fault 489 freeze ENV={} EXIT=0
DIAG_OPERATION mode=inplace calls=38 units=492 latch=1
NVS_RUNTIME_FAULT cut=489 write=ESP_ERR_FLASH_OP_FAIL old=49 new=127 recovered=49
COMMAND=/home/udaybhan/projects/Ghar_sajag_r1_storage/code/ParivarSathi_v1.5.4_PWA_BatteryAnalytics_v3_4_2/host/storage/nvs_runtime_probe/build/gs_nvs_runtime_probe.elf 9 50 20 fault 490 freeze ENV={} EXIT=0
DIAG_OPERATION mode=inplace calls=38 units=492 latch=1
NVS_RUNTIME_FAULT cut=490 write=ESP_ERR_FLASH_OP_FAIL old=49 new=127 recovered=49
COMMAND=/home/udaybhan/projects/Ghar_sajag_r1_storage/code/ParivarSathi_v1.5.4_PWA_BatteryAnalytics_v3_4_2/host/storage/nvs_runtime_probe/build/gs_nvs_runtime_probe.elf 9 50 20 fault 491 freeze ENV={} EXIT=0
DIAG_OPERATION mode=inplace calls=38 units=492 latch=1
NVS_RUNTIME_FAULT cut=491 write=ESP_ERR_FLASH_OP_FAIL old=49 new=127 recovered=49
COMMAND=/home/udaybhan/projects/Ghar_sajag_r1_storage/code/ParivarSathi_v1.5.4_PWA_BatteryAnalytics_v3_4_2/host/storage/nvs_runtime_probe/build/gs_nvs_runtime_probe.elf 9 50 20 fault 492 freeze ENV={} EXIT=0
DIAG_OPERATION mode=inplace calls=38 units=492 latch=1
NVS_RUNTIME_FAULT cut=492 write=ESP_ERR_FLASH_OP_FAIL old=49 new=127 recovered=49
COMMAND=/home/udaybhan/projects/Ghar_sajag_r1_storage/code/ParivarSathi_v1.5.4_PWA_BatteryAnalytics_v3_4_2/host/storage/nvs_runtime_probe/build/gs_nvs_runtime_probe.elf 9 50 20 fault 493 freeze ENV={} EXIT=0
DIAG_OPERATION mode=inplace calls=39 units=493 latch=1
NVS_RUNTIME_FAULT cut=493 write=ESP_ERR_FLASH_OP_FAIL old=49 new=127 recovered=49
COMMAND=/home/udaybhan/projects/Ghar_sajag_r1_storage/code/ParivarSathi_v1.5.4_PWA_BatteryAnalytics_v3_4_2/host/storage/nvs_runtime_probe/build/gs_nvs_runtime_probe.elf 9 50 20 fault 494 freeze ENV={} EXIT=0
DIAG_OPERATION mode=inplace calls=40 units=501 latch=1
NVS_RUNTIME_FAULT cut=494 write=ESP_ERR_FLASH_OP_FAIL old=49 new=127 recovered=49
COMMAND=/home/udaybhan/projects/Ghar_sajag_r1_storage/code/ParivarSathi_v1.5.4_PWA_BatteryAnalytics_v3_4_2/host/storage/nvs_runtime_probe/build/gs_nvs_runtime_probe.elf 9 50 20 fault 495 freeze ENV={} EXIT=0
DIAG_OPERATION mode=inplace calls=40 units=501 latch=1
NVS_RUNTIME_FAULT cut=495 write=ESP_ERR_FLASH_OP_FAIL old=49 new=127 recovered=49
COMMAND=/home/udaybhan/projects/Ghar_sajag_r1_storage/code/ParivarSathi_v1.5.4_PWA_BatteryAnalytics_v3_4_2/host/storage/nvs_runtime_probe/build/gs_nvs_runtime_probe.elf 9 50 20 fault 496 freeze ENV={} EXIT=0
DIAG_OPERATION mode=inplace calls=40 units=501 latch=1
NVS_RUNTIME_FAULT cut=496 write=ESP_ERR_FLASH_OP_FAIL old=49 new=127 recovered=49
COMMAND=/home/udaybhan/projects/Ghar_sajag_r1_storage/code/ParivarSathi_v1.5.4_PWA_BatteryAnalytics_v3_4_2/host/storage/nvs_runtime_probe/build/gs_nvs_runtime_probe.elf 9 50 20 fault 497 freeze ENV={} EXIT=0
DIAG_OPERATION mode=inplace calls=40 units=501 latch=1
NVS_RUNTIME_FAULT cut=497 write=ESP_ERR_FLASH_OP_FAIL old=49 new=127 recovered=49
COMMAND=/home/udaybhan/projects/Ghar_sajag_r1_storage/code/ParivarSathi_v1.5.4_PWA_BatteryAnalytics_v3_4_2/host/storage/nvs_runtime_probe/build/gs_nvs_runtime_probe.elf 9 50 20 fault 498 freeze ENV={} EXIT=0
DIAG_OPERATION mode=inplace calls=40 units=501 latch=1
NVS_RUNTIME_FAULT cut=498 write=ESP_ERR_FLASH_OP_FAIL old=49 new=127 recovered=49
COMMAND=/home/udaybhan/projects/Ghar_sajag_r1_storage/code/ParivarSathi_v1.5.4_PWA_BatteryAnalytics_v3_4_2/host/storage/nvs_runtime_probe/build/gs_nvs_runtime_probe.elf 9 50 20 fault 499 freeze ENV={} EXIT=0
DIAG_OPERATION mode=inplace calls=40 units=501 latch=1
NVS_RUNTIME_FAULT cut=499 write=ESP_ERR_FLASH_OP_FAIL old=49 new=127 recovered=49
COMMAND=/home/udaybhan/projects/Ghar_sajag_r1_storage/code/ParivarSathi_v1.5.4_PWA_BatteryAnalytics_v3_4_2/host/storage/nvs_runtime_probe/build/gs_nvs_runtime_probe.elf 9 50 20 fault 500 freeze ENV={} EXIT=0
DIAG_OPERATION mode=inplace calls=40 units=501 latch=1
NVS_RUNTIME_FAULT cut=500 write=ESP_ERR_FLASH_OP_FAIL old=49 new=127 recovered=49
COMMAND=/home/udaybhan/projects/Ghar_sajag_r1_storage/code/ParivarSathi_v1.5.4_PWA_BatteryAnalytics_v3_4_2/host/storage/nvs_runtime_probe/build/gs_nvs_runtime_probe.elf 9 50 20 fault 501 freeze ENV={} EXIT=0
DIAG_OPERATION mode=inplace calls=40 units=501 latch=1
NVS_RUNTIME_FAULT cut=501 write=ESP_ERR_FLASH_OP_FAIL old=49 new=127 recovered=49
COMMAND=/home/udaybhan/projects/Ghar_sajag_r1_storage/code/ParivarSathi_v1.5.4_PWA_BatteryAnalytics_v3_4_2/host/storage/nvs_runtime_probe/build/gs_nvs_runtime_probe.elf 9 50 20 fault 502 freeze ENV={} EXIT=0
DIAG_OPERATION mode=inplace calls=41 units=502 latch=1
NVS_RUNTIME_FAULT cut=502 write=ESP_ERR_FLASH_OP_FAIL old=49 new=127 recovered=49
COMMAND=/home/udaybhan/projects/Ghar_sajag_r1_storage/code/ParivarSathi_v1.5.4_PWA_BatteryAnalytics_v3_4_2/host/storage/nvs_runtime_probe/build/gs_nvs_runtime_probe.elf 9 50 20 fault 503 freeze ENV={} EXIT=0
DIAG_OPERATION mode=inplace calls=42 units=510 latch=1
NVS_RUNTIME_FAULT cut=503 write=ESP_ERR_FLASH_OP_FAIL old=49 new=127 recovered=49
COMMAND=/home/udaybhan/projects/Ghar_sajag_r1_storage/code/ParivarSathi_v1.5.4_PWA_BatteryAnalytics_v3_4_2/host/storage/nvs_runtime_probe/build/gs_nvs_runtime_probe.elf 9 50 20 fault 504 freeze ENV={} EXIT=0
DIAG_OPERATION mode=inplace calls=42 units=510 latch=1
NVS_RUNTIME_FAULT cut=504 write=ESP_ERR_FLASH_OP_FAIL old=49 new=127 recovered=49
COMMAND=/home/udaybhan/projects/Ghar_sajag_r1_storage/code/ParivarSathi_v1.5.4_PWA_BatteryAnalytics_v3_4_2/host/storage/nvs_runtime_probe/build/gs_nvs_runtime_probe.elf 9 50 20 fault 505 freeze ENV={} EXIT=0
DIAG_OPERATION mode=inplace calls=42 units=510 latch=1
NVS_RUNTIME_FAULT cut=505 write=ESP_ERR_FLASH_OP_FAIL old=49 new=127 recovered=49
COMMAND=/home/udaybhan/projects/Ghar_sajag_r1_storage/code/ParivarSathi_v1.5.4_PWA_BatteryAnalytics_v3_4_2/host/storage/nvs_runtime_probe/build/gs_nvs_runtime_probe.elf 9 50 20 fault 506 freeze ENV={} EXIT=0
DIAG_OPERATION mode=inplace calls=42 units=510 latch=1
NVS_RUNTIME_FAULT cut=506 write=ESP_ERR_FLASH_OP_FAIL old=49 new=127 recovered=49
COMMAND=/home/udaybhan/projects/Ghar_sajag_r1_storage/code/ParivarSathi_v1.5.4_PWA_BatteryAnalytics_v3_4_2/host/storage/nvs_runtime_probe/build/gs_nvs_runtime_probe.elf 9 50 20 fault 507 freeze ENV={} EXIT=0
DIAG_OPERATION mode=inplace calls=42 units=510 latch=1
NVS_RUNTIME_FAULT cut=507 write=ESP_ERR_FLASH_OP_FAIL old=49 new=127 recovered=49
COMMAND=/home/udaybhan/projects/Ghar_sajag_r1_storage/code/ParivarSathi_v1.5.4_PWA_BatteryAnalytics_v3_4_2/host/storage/nvs_runtime_probe/build/gs_nvs_runtime_probe.elf 9 50 20 fault 508 freeze ENV={} EXIT=0
DIAG_OPERATION mode=inplace calls=42 units=510 latch=1
NVS_RUNTIME_FAULT cut=508 write=ESP_ERR_FLASH_OP_FAIL old=49 new=127 recovered=49
COMMAND=/home/udaybhan/projects/Ghar_sajag_r1_storage/code/ParivarSathi_v1.5.4_PWA_BatteryAnalytics_v3_4_2/host/storage/nvs_runtime_probe/build/gs_nvs_runtime_probe.elf 9 50 20 fault 509 freeze ENV={} EXIT=0
DIAG_OPERATION mode=inplace calls=42 units=510 latch=1
NVS_RUNTIME_FAULT cut=509 write=ESP_ERR_FLASH_OP_FAIL old=49 new=127 recovered=49
COMMAND=/home/udaybhan/projects/Ghar_sajag_r1_storage/code/ParivarSathi_v1.5.4_PWA_BatteryAnalytics_v3_4_2/host/storage/nvs_runtime_probe/build/gs_nvs_runtime_probe.elf 9 50 20 fault 510 freeze ENV={} EXIT=0
DIAG_OPERATION mode=inplace calls=42 units=510 latch=1
NVS_RUNTIME_FAULT cut=510 write=ESP_ERR_FLASH_OP_FAIL old=49 new=127 recovered=49
COMMAND=/home/udaybhan/projects/Ghar_sajag_r1_storage/code/ParivarSathi_v1.5.4_PWA_BatteryAnalytics_v3_4_2/host/storage/nvs_runtime_probe/build/gs_nvs_runtime_probe.elf 9 50 20 fault 511 freeze ENV={} EXIT=0
DIAG_OPERATION mode=inplace calls=43 units=511 latch=1
NVS_RUNTIME_FAULT cut=511 write=ESP_ERR_FLASH_OP_FAIL old=49 new=127 recovered=49
COMMAND=/home/udaybhan/projects/Ghar_sajag_r1_storage/code/ParivarSathi_v1.5.4_PWA_BatteryAnalytics_v3_4_2/host/storage/nvs_runtime_probe/build/gs_nvs_runtime_probe.elf 9 50 20 fault 512 freeze ENV={} EXIT=0
DIAG_OPERATION mode=inplace calls=44 units=512 latch=1
NVS_RUNTIME_FAULT cut=512 write=ESP_ERR_FLASH_OP_FAIL old=49 new=127 recovered=49
COMMAND=/home/udaybhan/projects/Ghar_sajag_r1_storage/code/ParivarSathi_v1.5.4_PWA_BatteryAnalytics_v3_4_2/host/storage/nvs_runtime_probe/build/gs_nvs_runtime_probe.elf 9 50 20 fault 513 freeze ENV={} EXIT=0
DIAG_OPERATION mode=inplace calls=45 units=520 latch=1
NVS_RUNTIME_FAULT cut=513 write=ESP_ERR_FLASH_OP_FAIL old=49 new=127 recovered=49
COMMAND=/home/udaybhan/projects/Ghar_sajag_r1_storage/code/ParivarSathi_v1.5.4_PWA_BatteryAnalytics_v3_4_2/host/storage/nvs_runtime_probe/build/gs_nvs_runtime_probe.elf 9 50 20 fault 514 freeze ENV={} EXIT=0
DIAG_OPERATION mode=inplace calls=45 units=520 latch=1
NVS_RUNTIME_FAULT cut=514 write=ESP_ERR_FLASH_OP_FAIL old=49 new=127 recovered=49
COMMAND=/home/udaybhan/projects/Ghar_sajag_r1_storage/code/ParivarSathi_v1.5.4_PWA_BatteryAnalytics_v3_4_2/host/storage/nvs_runtime_probe/build/gs_nvs_runtime_probe.elf 9 50 20 fault 515 freeze ENV={} EXIT=0
DIAG_OPERATION mode=inplace calls=45 units=520 latch=1
NVS_RUNTIME_FAULT cut=515 write=ESP_ERR_FLASH_OP_FAIL old=49 new=127 recovered=49
COMMAND=/home/udaybhan/projects/Ghar_sajag_r1_storage/code/ParivarSathi_v1.5.4_PWA_BatteryAnalytics_v3_4_2/host/storage/nvs_runtime_probe/build/gs_nvs_runtime_probe.elf 9 50 20 fault 516 freeze ENV={} EXIT=0
DIAG_OPERATION mode=inplace calls=45 units=520 latch=1
NVS_RUNTIME_FAULT cut=516 write=ESP_ERR_FLASH_OP_FAIL old=49 new=127 recovered=49
COMMAND=/home/udaybhan/projects/Ghar_sajag_r1_storage/code/ParivarSathi_v1.5.4_PWA_BatteryAnalytics_v3_4_2/host/storage/nvs_runtime_probe/build/gs_nvs_runtime_probe.elf 9 50 20 fault 517 freeze ENV={} EXIT=0
DIAG_OPERATION mode=inplace calls=45 units=520 latch=1
NVS_RUNTIME_FAULT cut=517 write=ESP_ERR_FLASH_OP_FAIL old=49 new=127 recovered=49
COMMAND=/home/udaybhan/projects/Ghar_sajag_r1_storage/code/ParivarSathi_v1.5.4_PWA_BatteryAnalytics_v3_4_2/host/storage/nvs_runtime_probe/build/gs_nvs_runtime_probe.elf 9 50 20 fault 518 freeze ENV={} EXIT=0
DIAG_OPERATION mode=inplace calls=45 units=520 latch=1
NVS_RUNTIME_FAULT cut=518 write=ESP_ERR_FLASH_OP_FAIL old=49 new=127 recovered=49
COMMAND=/home/udaybhan/projects/Ghar_sajag_r1_storage/code/ParivarSathi_v1.5.4_PWA_BatteryAnalytics_v3_4_2/host/storage/nvs_runtime_probe/build/gs_nvs_runtime_probe.elf 9 50 20 fault 519 freeze ENV={} EXIT=0
DIAG_OPERATION mode=inplace calls=45 units=520 latch=1
NVS_RUNTIME_FAULT cut=519 write=ESP_ERR_FLASH_OP_FAIL old=49 new=127 recovered=49
COMMAND=/home/udaybhan/projects/Ghar_sajag_r1_storage/code/ParivarSathi_v1.5.4_PWA_BatteryAnalytics_v3_4_2/host/storage/nvs_runtime_probe/build/gs_nvs_runtime_probe.elf 9 50 20 fault 520 freeze ENV={} EXIT=0
DIAG_OPERATION mode=inplace calls=45 units=520 latch=1
NVS_RUNTIME_FAULT cut=520 write=ESP_ERR_FLASH_OP_FAIL old=49 new=127 recovered=49
COMMAND=/home/udaybhan/projects/Ghar_sajag_r1_storage/code/ParivarSathi_v1.5.4_PWA_BatteryAnalytics_v3_4_2/host/storage/nvs_runtime_probe/build/gs_nvs_runtime_probe.elf 9 50 20 fault 521 freeze ENV={} EXIT=0
DIAG_OPERATION mode=inplace calls=46 units=521 latch=1
NVS_RUNTIME_FAULT cut=521 write=ESP_ERR_FLASH_OP_FAIL old=49 new=127 recovered=49
COMMAND=/home/udaybhan/projects/Ghar_sajag_r1_storage/code/ParivarSathi_v1.5.4_PWA_BatteryAnalytics_v3_4_2/host/storage/nvs_runtime_probe/build/gs_nvs_runtime_probe.elf 9 50 20 fault 522 freeze ENV={} EXIT=0
DIAG_OPERATION mode=inplace calls=47 units=1049 latch=1
NVS_RUNTIME_FAULT cut=522 write=ESP_ERR_FLASH_OP_FAIL old=49 new=127 recovered=49
COMMAND=/home/udaybhan/projects/Ghar_sajag_r1_storage/code/ParivarSathi_v1.5.4_PWA_BatteryAnalytics_v3_4_2/host/storage/nvs_runtime_probe/build/gs_nvs_runtime_probe.elf 9 50 20 fault 523 freeze ENV={} EXIT=0
DIAG_OPERATION mode=inplace calls=47 units=1049 latch=1
NVS_RUNTIME_FAULT cut=523 write=ESP_ERR_FLASH_OP_FAIL old=49 new=127 recovered=49
COMMAND=/home/udaybhan/projects/Ghar_sajag_r1_storage/code/ParivarSathi_v1.5.4_PWA_BatteryAnalytics_v3_4_2/host/storage/nvs_runtime_probe/build/gs_nvs_runtime_probe.elf 9 50 20 fault 524 freeze ENV={} EXIT=0
DIAG_OPERATION mode=inplace calls=47 units=1049 latch=1
NVS_RUNTIME_FAULT cut=524 write=ESP_ERR_FLASH_OP_FAIL old=49 new=127 recovered=49
COMMAND=/home/udaybhan/projects/Ghar_sajag_r1_storage/code/ParivarSathi_v1.5.4_PWA_BatteryAnalytics_v3_4_2/host/storage/nvs_runtime_probe/build/gs_nvs_runtime_probe.elf 9 50 20 fault 525 freeze ENV={} EXIT=0
DIAG_OPERATION mode=inplace calls=47 units=1049 latch=1
NVS_RUNTIME_FAULT cut=525 write=ESP_ERR_FLASH_OP_FAIL old=49 new=127 recovered=49
COMMAND=/home/udaybhan/projects/Ghar_sajag_r1_storage/code/ParivarSathi_v1.5.4_PWA_BatteryAnalytics_v3_4_2/host/storage/nvs_runtime_probe/build/gs_nvs_runtime_probe.elf 9 50 20 fault 526 freeze ENV={} EXIT=0
DIAG_OPERATION mode=inplace calls=47 units=1049 latch=1
NVS_RUNTIME_FAULT cut=526 write=ESP_ERR_FLASH_OP_FAIL old=49 new=127 recovered=49
COMMAND=/home/udaybhan/projects/Ghar_sajag_r1_storage/code/ParivarSathi_v1.5.4_PWA_BatteryAnalytics_v3_4_2/host/storage/nvs_runtime_probe/build/gs_nvs_runtime_probe.elf 9 50 20 fault 527 freeze ENV={} EXIT=0
DIAG_OPERATION mode=inplace calls=47 units=1049 latch=1
NVS_RUNTIME_FAULT cut=527 write=ESP_ERR_FLASH_OP_FAIL old=49 new=127 recovered=49
COMMAND=/home/udaybhan/projects/Ghar_sajag_r1_storage/code/ParivarSathi_v1.5.4_PWA_BatteryAnalytics_v3_4_2/host/storage/nvs_runtime_probe/build/gs_nvs_runtime_probe.elf 9 50 20 fault 528 freeze ENV={} EXIT=0
DIAG_OPERATION mode=inplace calls=47 units=1049 latch=1
NVS_RUNTIME_FAULT cut=528 write=ESP_ERR_FLASH_OP_FAIL old=49 new=127 recovered=49
COMMAND=/home/udaybhan/projects/Ghar_sajag_r1_storage/code/ParivarSathi_v1.5.4_PWA_BatteryAnalytics_v3_4_2/host/storage/nvs_runtime_probe/build/gs_nvs_runtime_probe.elf 9 50 20 fault 529 freeze ENV={} EXIT=0
DIAG_OPERATION mode=inplace calls=47 units=1049 latch=1
NVS_RUNTIME_FAULT cut=529 write=ESP_ERR_FLASH_OP_FAIL old=49 new=127 recovered=49
COMMAND=/home/udaybhan/projects/Ghar_sajag_r1_storage/code/ParivarSathi_v1.5.4_PWA_BatteryAnalytics_v3_4_2/host/storage/nvs_runtime_probe/build/gs_nvs_runtime_probe.elf 9 50 20 fault 530 freeze ENV={} EXIT=0
DIAG_OPERATION mode=inplace calls=47 units=1049 latch=1
NVS_RUNTIME_FAULT cut=530 write=ESP_ERR_FLASH_OP_FAIL old=49 new=127 recovered=49
COMMAND=/home/udaybhan/projects/Ghar_sajag_r1_storage/code/ParivarSathi_v1.5.4_PWA_BatteryAnalytics_v3_4_2/host/storage/nvs_runtime_probe/build/gs_nvs_runtime_probe.elf 9 50 20 fault 531 freeze ENV={} EXIT=0
DIAG_OPERATION mode=inplace calls=47 units=1049 latch=1
NVS_RUNTIME_FAULT cut=531 write=ESP_ERR_FLASH_OP_FAIL old=49 new=127 recovered=49
COMMAND=/home/udaybhan/projects/Ghar_sajag_r1_storage/code/ParivarSathi_v1.5.4_PWA_BatteryAnalytics_v3_4_2/host/storage/nvs_runtime_probe/build/gs_nvs_runtime_probe.elf 9 50 20 fault 532 freeze ENV={} EXIT=0
DIAG_OPERATION mode=inplace calls=47 units=1049 latch=1
NVS_RUNTIME_FAULT cut=532 write=ESP_ERR_FLASH_OP_FAIL old=49 new=127 recovered=49
COMMAND=/home/udaybhan/projects/Ghar_sajag_r1_storage/code/ParivarSathi_v1.5.4_PWA_BatteryAnalytics_v3_4_2/host/storage/nvs_runtime_probe/build/gs_nvs_runtime_probe.elf 9 50 20 fault 533 freeze ENV={} EXIT=0
DIAG_OPERATION mode=inplace calls=47 units=1049 latch=1
NVS_RUNTIME_FAULT cut=533 write=ESP_ERR_FLASH_OP_FAIL old=49 new=127 recovered=49
COMMAND=/home/udaybhan/projects/Ghar_sajag_r1_storage/code/ParivarSathi_v1.5.4_PWA_BatteryAnalytics_v3_4_2/host/storage/nvs_runtime_probe/build/gs_nvs_runtime_probe.elf 9 50 20 fault 534 freeze ENV={} EXIT=0
DIAG_OPERATION mode=inplace calls=47 units=1049 latch=1
NVS_RUNTIME_FAULT cut=534 write=ESP_ERR_FLASH_OP_FAIL old=49 new=127 recovered=49
COMMAND=/home/udaybhan/projects/Ghar_sajag_r1_storage/code/ParivarSathi_v1.5.4_PWA_BatteryAnalytics_v3_4_2/host/storage/nvs_runtime_probe/build/gs_nvs_runtime_probe.elf 9 50 20 fault 535 freeze ENV={} EXIT=0
DIAG_OPERATION mode=inplace calls=47 units=1049 latch=1
NVS_RUNTIME_FAULT cut=535 write=ESP_ERR_FLASH_OP_FAIL old=49 new=127 recovered=49
COMMAND=/home/udaybhan/projects/Ghar_sajag_r1_storage/code/ParivarSathi_v1.5.4_PWA_BatteryAnalytics_v3_4_2/host/storage/nvs_runtime_probe/build/gs_nvs_runtime_probe.elf 9 50 20 fault 536 freeze ENV={} EXIT=0
DIAG_OPERATION mode=inplace calls=47 units=1049 latch=1
NVS_RUNTIME_FAULT cut=536 write=ESP_ERR_FLASH_OP_FAIL old=49 new=127 recovered=49
COMMAND=/home/udaybhan/projects/Ghar_sajag_r1_storage/code/ParivarSathi_v1.5.4_PWA_BatteryAnalytics_v3_4_2/host/storage/nvs_runtime_probe/build/gs_nvs_runtime_probe.elf 9 50 20 fault 537 freeze ENV={} EXIT=0
DIAG_OPERATION mode=inplace calls=47 units=1049 latch=1
NVS_RUNTIME_FAULT cut=537 write=ESP_ERR_FLASH_OP_FAIL old=49 new=127 recovered=49
COMMAND=/home/udaybhan/projects/Ghar_sajag_r1_storage/code/ParivarSathi_v1.5.4_PWA_BatteryAnalytics_v3_4_2/host/storage/nvs_runtime_probe/build/gs_nvs_runtime_probe.elf 9 50 20 fault 538 freeze ENV={} EXIT=0
DIAG_OPERATION mode=inplace calls=47 units=1049 latch=1
NVS_RUNTIME_FAULT cut=538 write=ESP_ERR_FLASH_OP_FAIL old=49 new=127 recovered=49
COMMAND=/home/udaybhan/projects/Ghar_sajag_r1_storage/code/ParivarSathi_v1.5.4_PWA_BatteryAnalytics_v3_4_2/host/storage/nvs_runtime_probe/build/gs_nvs_runtime_probe.elf 9 50 20 fault 539 freeze ENV={} EXIT=0
DIAG_OPERATION mode=inplace calls=47 units=1049 latch=1
NVS_RUNTIME_FAULT cut=539 write=ESP_ERR_FLASH_OP_FAIL old=49 new=127 recovered=49
COMMAND=/home/udaybhan/projects/Ghar_sajag_r1_storage/code/ParivarSathi_v1.5.4_PWA_BatteryAnalytics_v3_4_2/host/storage/nvs_runtime_probe/build/gs_nvs_runtime_probe.elf 9 50 20 fault 540 freeze ENV={} EXIT=0
DIAG_OPERATION mode=inplace calls=47 units=1049 latch=1
NVS_RUNTIME_FAULT cut=540 write=ESP_ERR_FLASH_OP_FAIL old=49 new=127 recovered=49
COMMAND=/home/udaybhan/projects/Ghar_sajag_r1_storage/code/ParivarSathi_v1.5.4_PWA_BatteryAnalytics_v3_4_2/host/storage/nvs_runtime_probe/build/gs_nvs_runtime_probe.elf 9 50 20 fault 541 freeze ENV={} EXIT=0
DIAG_OPERATION mode=inplace calls=47 units=1049 latch=1
NVS_RUNTIME_FAULT cut=541 write=ESP_ERR_FLASH_OP_FAIL old=49 new=127 recovered=49
COMMAND=/home/udaybhan/projects/Ghar_sajag_r1_storage/code/ParivarSathi_v1.5.4_PWA_BatteryAnalytics_v3_4_2/host/storage/nvs_runtime_probe/build/gs_nvs_runtime_probe.elf 9 50 20 fault 542 freeze ENV={} EXIT=0
DIAG_OPERATION mode=inplace calls=47 units=1049 latch=1
NVS_RUNTIME_FAULT cut=542 write=ESP_ERR_FLASH_OP_FAIL old=49 new=127 recovered=49
COMMAND=/home/udaybhan/projects/Ghar_sajag_r1_storage/code/ParivarSathi_v1.5.4_PWA_BatteryAnalytics_v3_4_2/host/storage/nvs_runtime_probe/build/gs_nvs_runtime_probe.elf 9 50 20 fault 543 freeze ENV={} EXIT=0
DIAG_OPERATION mode=inplace calls=47 units=1049 latch=1
NVS_RUNTIME_FAULT cut=543 write=ESP_ERR_FLASH_OP_FAIL old=49 new=127 recovered=49
COMMAND=/home/udaybhan/projects/Ghar_sajag_r1_storage/code/ParivarSathi_v1.5.4_PWA_BatteryAnalytics_v3_4_2/host/storage/nvs_runtime_probe/build/gs_nvs_runtime_probe.elf 9 50 20 fault 544 freeze ENV={} EXIT=0
DIAG_OPERATION mode=inplace calls=47 units=1049 latch=1
NVS_RUNTIME_FAULT cut=544 write=ESP_ERR_FLASH_OP_FAIL old=49 new=127 recovered=49
COMMAND=/home/udaybhan/projects/Ghar_sajag_r1_storage/code/ParivarSathi_v1.5.4_PWA_BatteryAnalytics_v3_4_2/host/storage/nvs_runtime_probe/build/gs_nvs_runtime_probe.elf 9 50 20 fault 545 freeze ENV={} EXIT=0
DIAG_OPERATION mode=inplace calls=47 units=1049 latch=1
NVS_RUNTIME_FAULT cut=545 write=ESP_ERR_FLASH_OP_FAIL old=49 new=127 recovered=49
COMMAND=/home/udaybhan/projects/Ghar_sajag_r1_storage/code/ParivarSathi_v1.5.4_PWA_BatteryAnalytics_v3_4_2/host/storage/nvs_runtime_probe/build/gs_nvs_runtime_probe.elf 9 50 20 fault 546 freeze ENV={} EXIT=0
DIAG_OPERATION mode=inplace calls=47 units=1049 latch=1
NVS_RUNTIME_FAULT cut=546 write=ESP_ERR_FLASH_OP_FAIL old=49 new=127 recovered=49
COMMAND=/home/udaybhan/projects/Ghar_sajag_r1_storage/code/ParivarSathi_v1.5.4_PWA_BatteryAnalytics_v3_4_2/host/storage/nvs_runtime_probe/build/gs_nvs_runtime_probe.elf 9 50 20 fault 547 freeze ENV={} EXIT=0
DIAG_OPERATION mode=inplace calls=47 units=1049 latch=1
NVS_RUNTIME_FAULT cut=547 write=ESP_ERR_FLASH_OP_FAIL old=49 new=127 recovered=49
COMMAND=/home/udaybhan/projects/Ghar_sajag_r1_storage/code/ParivarSathi_v1.5.4_PWA_BatteryAnalytics_v3_4_2/host/storage/nvs_runtime_probe/build/gs_nvs_runtime_probe.elf 9 50 20 fault 548 freeze ENV={} EXIT=0
DIAG_OPERATION mode=inplace calls=47 units=1049 latch=1
NVS_RUNTIME_FAULT cut=548 write=ESP_ERR_FLASH_OP_FAIL old=49 new=127 recovered=49
COMMAND=/home/udaybhan/projects/Ghar_sajag_r1_storage/code/ParivarSathi_v1.5.4_PWA_BatteryAnalytics_v3_4_2/host/storage/nvs_runtime_probe/build/gs_nvs_runtime_probe.elf 9 50 20 fault 549 freeze ENV={} EXIT=0
DIAG_OPERATION mode=inplace calls=47 units=1049 latch=1
NVS_RUNTIME_FAULT cut=549 write=ESP_ERR_FLASH_OP_FAIL old=49 new=127 recovered=49
COMMAND=/home/udaybhan/projects/Ghar_sajag_r1_storage/code/ParivarSathi_v1.5.4_PWA_BatteryAnalytics_v3_4_2/host/storage/nvs_runtime_probe/build/gs_nvs_runtime_probe.elf 9 50 20 fault 550 freeze ENV={} EXIT=0
DIAG_OPERATION mode=inplace calls=47 units=1049 latch=1
NVS_RUNTIME_FAULT cut=550 write=ESP_ERR_FLASH_OP_FAIL old=49 new=127 recovered=49
COMMAND=/home/udaybhan/projects/Ghar_sajag_r1_storage/code/ParivarSathi_v1.5.4_PWA_BatteryAnalytics_v3_4_2/host/storage/nvs_runtime_probe/build/gs_nvs_runtime_probe.elf 9 50 20 fault 551 freeze ENV={} EXIT=0
DIAG_OPERATION mode=inplace calls=47 units=1049 latch=1
NVS_RUNTIME_FAULT cut=551 write=ESP_ERR_FLASH_OP_FAIL old=49 new=127 recovered=49
COMMAND=/home/udaybhan/projects/Ghar_sajag_r1_storage/code/ParivarSathi_v1.5.4_PWA_BatteryAnalytics_v3_4_2/host/storage/nvs_runtime_probe/build/gs_nvs_runtime_probe.elf 9 50 20 fault 552 freeze ENV={} EXIT=0
DIAG_OPERATION mode=inplace calls=47 units=1049 latch=1
NVS_RUNTIME_FAULT cut=552 write=ESP_ERR_FLASH_OP_FAIL old=49 new=127 recovered=49
COMMAND=/home/udaybhan/projects/Ghar_sajag_r1_storage/code/ParivarSathi_v1.5.4_PWA_BatteryAnalytics_v3_4_2/host/storage/nvs_runtime_probe/build/gs_nvs_runtime_probe.elf 9 50 20 fault 553 freeze ENV={} EXIT=0
DIAG_OPERATION mode=inplace calls=47 units=1049 latch=1
NVS_RUNTIME_FAULT cut=553 write=ESP_ERR_FLASH_OP_FAIL old=49 new=127 recovered=49
COMMAND=/home/udaybhan/projects/Ghar_sajag_r1_storage/code/ParivarSathi_v1.5.4_PWA_BatteryAnalytics_v3_4_2/host/storage/nvs_runtime_probe/build/gs_nvs_runtime_probe.elf 9 50 20 fault 554 freeze ENV={} EXIT=0
DIAG_OPERATION mode=inplace calls=47 units=1049 latch=1
NVS_RUNTIME_FAULT cut=554 write=ESP_ERR_FLASH_OP_FAIL old=49 new=127 recovered=49
COMMAND=/home/udaybhan/projects/Ghar_sajag_r1_storage/code/ParivarSathi_v1.5.4_PWA_BatteryAnalytics_v3_4_2/host/storage/nvs_runtime_probe/build/gs_nvs_runtime_probe.elf 9 50 20 fault 555 freeze ENV={} EXIT=0
DIAG_OPERATION mode=inplace calls=47 units=1049 latch=1
NVS_RUNTIME_FAULT cut=555 write=ESP_ERR_FLASH_OP_FAIL old=49 new=127 recovered=49
COMMAND=/home/udaybhan/projects/Ghar_sajag_r1_storage/code/ParivarSathi_v1.5.4_PWA_BatteryAnalytics_v3_4_2/host/storage/nvs_runtime_probe/build/gs_nvs_runtime_probe.elf 9 50 20 fault 556 freeze ENV={} EXIT=0
DIAG_OPERATION mode=inplace calls=47 units=1049 latch=1
NVS_RUNTIME_FAULT cut=556 write=ESP_ERR_FLASH_OP_FAIL old=49 new=127 recovered=49
COMMAND=/home/udaybhan/projects/Ghar_sajag_r1_storage/code/ParivarSathi_v1.5.4_PWA_BatteryAnalytics_v3_4_2/host/storage/nvs_runtime_probe/build/gs_nvs_runtime_probe.elf 9 50 20 fault 557 freeze ENV={} EXIT=0
DIAG_OPERATION mode=inplace calls=47 units=1049 latch=1
NVS_RUNTIME_FAULT cut=557 write=ESP_ERR_FLASH_OP_FAIL old=49 new=127 recovered=49
COMMAND=/home/udaybhan/projects/Ghar_sajag_r1_storage/code/ParivarSathi_v1.5.4_PWA_BatteryAnalytics_v3_4_2/host/storage/nvs_runtime_probe/build/gs_nvs_runtime_probe.elf 9 50 20 fault 558 freeze ENV={} EXIT=0
DIAG_OPERATION mode=inplace calls=47 units=1049 latch=1
NVS_RUNTIME_FAULT cut=558 write=ESP_ERR_FLASH_OP_FAIL old=49 new=127 recovered=49
COMMAND=/home/udaybhan/projects/Ghar_sajag_r1_storage/code/ParivarSathi_v1.5.4_PWA_BatteryAnalytics_v3_4_2/host/storage/nvs_runtime_probe/build/gs_nvs_runtime_probe.elf 9 50 20 fault 559 freeze ENV={} EXIT=0
DIAG_OPERATION mode=inplace calls=47 units=1049 latch=1
NVS_RUNTIME_FAULT cut=559 write=ESP_ERR_FLASH_OP_FAIL old=49 new=127 recovered=49
COMMAND=/home/udaybhan/projects/Ghar_sajag_r1_storage/code/ParivarSathi_v1.5.4_PWA_BatteryAnalytics_v3_4_2/host/storage/nvs_runtime_probe/build/gs_nvs_runtime_probe.elf 9 50 20 fault 560 freeze ENV={} EXIT=0
DIAG_OPERATION mode=inplace calls=47 units=1049 latch=1
NVS_RUNTIME_FAULT cut=560 write=ESP_ERR_FLASH_OP_FAIL old=49 new=127 recovered=49
COMMAND=/home/udaybhan/projects/Ghar_sajag_r1_storage/code/ParivarSathi_v1.5.4_PWA_BatteryAnalytics_v3_4_2/host/storage/nvs_runtime_probe/build/gs_nvs_runtime_probe.elf 9 50 20 fault 561 freeze ENV={} EXIT=0
DIAG_OPERATION mode=inplace calls=47 units=1049 latch=1
NVS_RUNTIME_FAULT cut=561 write=ESP_ERR_FLASH_OP_FAIL old=49 new=127 recovered=49
COMMAND=/home/udaybhan/projects/Ghar_sajag_r1_storage/code/ParivarSathi_v1.5.4_PWA_BatteryAnalytics_v3_4_2/host/storage/nvs_runtime_probe/build/gs_nvs_runtime_probe.elf 9 50 20 fault 562 freeze ENV={} EXIT=0
DIAG_OPERATION mode=inplace calls=47 units=1049 latch=1
NVS_RUNTIME_FAULT cut=562 write=ESP_ERR_FLASH_OP_FAIL old=49 new=127 recovered=49
COMMAND=/home/udaybhan/projects/Ghar_sajag_r1_storage/code/ParivarSathi_v1.5.4_PWA_BatteryAnalytics_v3_4_2/host/storage/nvs_runtime_probe/build/gs_nvs_runtime_probe.elf 9 50 20 fault 563 freeze ENV={} EXIT=0
DIAG_OPERATION mode=inplace calls=47 units=1049 latch=1
NVS_RUNTIME_FAULT cut=563 write=ESP_ERR_FLASH_OP_FAIL old=49 new=127 recovered=49
COMMAND=/home/udaybhan/projects/Ghar_sajag_r1_storage/code/ParivarSathi_v1.5.4_PWA_BatteryAnalytics_v3_4_2/host/storage/nvs_runtime_probe/build/gs_nvs_runtime_probe.elf 9 50 20 fault 564 freeze ENV={} EXIT=0
DIAG_OPERATION mode=inplace calls=47 units=1049 latch=1
NVS_RUNTIME_FAULT cut=564 write=ESP_ERR_FLASH_OP_FAIL old=49 new=127 recovered=49
COMMAND=/home/udaybhan/projects/Ghar_sajag_r1_storage/code/ParivarSathi_v1.5.4_PWA_BatteryAnalytics_v3_4_2/host/storage/nvs_runtime_probe/build/gs_nvs_runtime_probe.elf 9 50 20 fault 565 freeze ENV={} EXIT=0
DIAG_OPERATION mode=inplace calls=47 units=1049 latch=1
NVS_RUNTIME_FAULT cut=565 write=ESP_ERR_FLASH_OP_FAIL old=49 new=127 recovered=49
COMMAND=/home/udaybhan/projects/Ghar_sajag_r1_storage/code/ParivarSathi_v1.5.4_PWA_BatteryAnalytics_v3_4_2/host/storage/nvs_runtime_probe/build/gs_nvs_runtime_probe.elf 9 50 20 fault 566 freeze ENV={} EXIT=0
DIAG_OPERATION mode=inplace calls=47 units=1049 latch=1
NVS_RUNTIME_FAULT cut=566 write=ESP_ERR_FLASH_OP_FAIL old=49 new=127 recovered=49
COMMAND=/home/udaybhan/projects/Ghar_sajag_r1_storage/code/ParivarSathi_v1.5.4_PWA_BatteryAnalytics_v3_4_2/host/storage/nvs_runtime_probe/build/gs_nvs_runtime_probe.elf 9 50 20 fault 567 freeze ENV={} EXIT=0
DIAG_OPERATION mode=inplace calls=47 units=1049 latch=1
NVS_RUNTIME_FAULT cut=567 write=ESP_ERR_FLASH_OP_FAIL old=49 new=127 recovered=49
COMMAND=/home/udaybhan/projects/Ghar_sajag_r1_storage/code/ParivarSathi_v1.5.4_PWA_BatteryAnalytics_v3_4_2/host/storage/nvs_runtime_probe/build/gs_nvs_runtime_probe.elf 9 50 20 fault 568 freeze ENV={} EXIT=0
DIAG_OPERATION mode=inplace calls=47 units=1049 latch=1
NVS_RUNTIME_FAULT cut=568 write=ESP_ERR_FLASH_OP_FAIL old=49 new=127 recovered=49
COMMAND=/home/udaybhan/projects/Ghar_sajag_r1_storage/code/ParivarSathi_v1.5.4_PWA_BatteryAnalytics_v3_4_2/host/storage/nvs_runtime_probe/build/gs_nvs_runtime_probe.elf 9 50 20 fault 569 freeze ENV={} EXIT=0
DIAG_OPERATION mode=inplace calls=47 units=1049 latch=1
NVS_RUNTIME_FAULT cut=569 write=ESP_ERR_FLASH_OP_FAIL old=49 new=127 recovered=49
COMMAND=/home/udaybhan/projects/Ghar_sajag_r1_storage/code/ParivarSathi_v1.5.4_PWA_BatteryAnalytics_v3_4_2/host/storage/nvs_runtime_probe/build/gs_nvs_runtime_probe.elf 9 50 20 fault 570 freeze ENV={} EXIT=0
DIAG_OPERATION mode=inplace calls=47 units=1049 latch=1
NVS_RUNTIME_FAULT cut=570 write=ESP_ERR_FLASH_OP_FAIL old=49 new=127 recovered=49
COMMAND=/home/udaybhan/projects/Ghar_sajag_r1_storage/code/ParivarSathi_v1.5.4_PWA_BatteryAnalytics_v3_4_2/host/storage/nvs_runtime_probe/build/gs_nvs_runtime_probe.elf 9 50 20 fault 571 freeze ENV={} EXIT=0
DIAG_OPERATION mode=inplace calls=47 units=1049 latch=1
NVS_RUNTIME_FAULT cut=571 write=ESP_ERR_FLASH_OP_FAIL old=49 new=127 recovered=49
COMMAND=/home/udaybhan/projects/Ghar_sajag_r1_storage/code/ParivarSathi_v1.5.4_PWA_BatteryAnalytics_v3_4_2/host/storage/nvs_runtime_probe/build/gs_nvs_runtime_probe.elf 9 50 20 fault 572 freeze ENV={} EXIT=0
DIAG_OPERATION mode=inplace calls=47 units=1049 latch=1
NVS_RUNTIME_FAULT cut=572 write=ESP_ERR_FLASH_OP_FAIL old=49 new=127 recovered=49
COMMAND=/home/udaybhan/projects/Ghar_sajag_r1_storage/code/ParivarSathi_v1.5.4_PWA_BatteryAnalytics_v3_4_2/host/storage/nvs_runtime_probe/build/gs_nvs_runtime_probe.elf 9 50 20 fault 573 freeze ENV={} EXIT=0
DIAG_OPERATION mode=inplace calls=47 units=1049 latch=1
NVS_RUNTIME_FAULT cut=573 write=ESP_ERR_FLASH_OP_FAIL old=49 new=127 recovered=49
COMMAND=/home/udaybhan/projects/Ghar_sajag_r1_storage/code/ParivarSathi_v1.5.4_PWA_BatteryAnalytics_v3_4_2/host/storage/nvs_runtime_probe/build/gs_nvs_runtime_probe.elf 9 50 20 fault 574 freeze ENV={} EXIT=0
DIAG_OPERATION mode=inplace calls=47 units=1049 latch=1
NVS_RUNTIME_FAULT cut=574 write=ESP_ERR_FLASH_OP_FAIL old=49 new=127 recovered=49
COMMAND=/home/udaybhan/projects/Ghar_sajag_r1_storage/code/ParivarSathi_v1.5.4_PWA_BatteryAnalytics_v3_4_2/host/storage/nvs_runtime_probe/build/gs_nvs_runtime_probe.elf 9 50 20 fault 575 freeze ENV={} EXIT=0
DIAG_OPERATION mode=inplace calls=47 units=1049 latch=1
NVS_RUNTIME_FAULT cut=575 write=ESP_ERR_FLASH_OP_FAIL old=49 new=127 recovered=49
COMMAND=/home/udaybhan/projects/Ghar_sajag_r1_storage/code/ParivarSathi_v1.5.4_PWA_BatteryAnalytics_v3_4_2/host/storage/nvs_runtime_probe/build/gs_nvs_runtime_probe.elf 9 50 20 fault 576 freeze ENV={} EXIT=0
DIAG_OPERATION mode=inplace calls=47 units=1049 latch=1
NVS_RUNTIME_FAULT cut=576 write=ESP_ERR_FLASH_OP_FAIL old=49 new=127 recovered=49
COMMAND=/home/udaybhan/projects/Ghar_sajag_r1_storage/code/ParivarSathi_v1.5.4_PWA_BatteryAnalytics_v3_4_2/host/storage/nvs_runtime_probe/build/gs_nvs_runtime_probe.elf 9 50 20 fault 577 freeze ENV={} EXIT=0
DIAG_OPERATION mode=inplace calls=47 units=1049 latch=1
NVS_RUNTIME_FAULT cut=577 write=ESP_ERR_FLASH_OP_FAIL old=49 new=127 recovered=49
COMMAND=/home/udaybhan/projects/Ghar_sajag_r1_storage/code/ParivarSathi_v1.5.4_PWA_BatteryAnalytics_v3_4_2/host/storage/nvs_runtime_probe/build/gs_nvs_runtime_probe.elf 9 50 20 fault 578 freeze ENV={} EXIT=0
DIAG_OPERATION mode=inplace calls=47 units=1049 latch=1
NVS_RUNTIME_FAULT cut=578 write=ESP_ERR_FLASH_OP_FAIL old=49 new=127 recovered=49
COMMAND=/home/udaybhan/projects/Ghar_sajag_r1_storage/code/ParivarSathi_v1.5.4_PWA_BatteryAnalytics_v3_4_2/host/storage/nvs_runtime_probe/build/gs_nvs_runtime_probe.elf 9 50 20 fault 579 freeze ENV={} EXIT=0
DIAG_OPERATION mode=inplace calls=47 units=1049 latch=1
NVS_RUNTIME_FAULT cut=579 write=ESP_ERR_FLASH_OP_FAIL old=49 new=127 recovered=49
COMMAND=/home/udaybhan/projects/Ghar_sajag_r1_storage/code/ParivarSathi_v1.5.4_PWA_BatteryAnalytics_v3_4_2/host/storage/nvs_runtime_probe/build/gs_nvs_runtime_probe.elf 9 50 20 fault 580 freeze ENV={} EXIT=0
DIAG_OPERATION mode=inplace calls=47 units=1049 latch=1
NVS_RUNTIME_FAULT cut=580 write=ESP_ERR_FLASH_OP_FAIL old=49 new=127 recovered=49
COMMAND=/home/udaybhan/projects/Ghar_sajag_r1_storage/code/ParivarSathi_v1.5.4_PWA_BatteryAnalytics_v3_4_2/host/storage/nvs_runtime_probe/build/gs_nvs_runtime_probe.elf 9 50 20 fault 581 freeze ENV={} EXIT=0
DIAG_OPERATION mode=inplace calls=47 units=1049 latch=1
NVS_RUNTIME_FAULT cut=581 write=ESP_ERR_FLASH_OP_FAIL old=49 new=127 recovered=49
COMMAND=/home/udaybhan/projects/Ghar_sajag_r1_storage/code/ParivarSathi_v1.5.4_PWA_BatteryAnalytics_v3_4_2/host/storage/nvs_runtime_probe/build/gs_nvs_runtime_probe.elf 9 50 20 fault 582 freeze ENV={} EXIT=0
DIAG_OPERATION mode=inplace calls=47 units=1049 latch=1
NVS_RUNTIME_FAULT cut=582 write=ESP_ERR_FLASH_OP_FAIL old=49 new=127 recovered=49
COMMAND=/home/udaybhan/projects/Ghar_sajag_r1_storage/code/ParivarSathi_v1.5.4_PWA_BatteryAnalytics_v3_4_2/host/storage/nvs_runtime_probe/build/gs_nvs_runtime_probe.elf 9 50 20 fault 583 freeze ENV={} EXIT=0
DIAG_OPERATION mode=inplace calls=47 units=1049 latch=1
NVS_RUNTIME_FAULT cut=583 write=ESP_ERR_FLASH_OP_FAIL old=49 new=127 recovered=49
COMMAND=/home/udaybhan/projects/Ghar_sajag_r1_storage/code/ParivarSathi_v1.5.4_PWA_BatteryAnalytics_v3_4_2/host/storage/nvs_runtime_probe/build/gs_nvs_runtime_probe.elf 9 50 20 fault 584 freeze ENV={} EXIT=0
DIAG_OPERATION mode=inplace calls=47 units=1049 latch=1
NVS_RUNTIME_FAULT cut=584 write=ESP_ERR_FLASH_OP_FAIL old=49 new=127 recovered=49
COMMAND=/home/udaybhan/projects/Ghar_sajag_r1_storage/code/ParivarSathi_v1.5.4_PWA_BatteryAnalytics_v3_4_2/host/storage/nvs_runtime_probe/build/gs_nvs_runtime_probe.elf 9 50 20 fault 585 freeze ENV={} EXIT=0
DIAG_OPERATION mode=inplace calls=47 units=1049 latch=1
NVS_RUNTIME_FAULT cut=585 write=ESP_ERR_FLASH_OP_FAIL old=49 new=127 recovered=49
COMMAND=/home/udaybhan/projects/Ghar_sajag_r1_storage/code/ParivarSathi_v1.5.4_PWA_BatteryAnalytics_v3_4_2/host/storage/nvs_runtime_probe/build/gs_nvs_runtime_probe.elf 9 50 20 fault 586 freeze ENV={} EXIT=0
DIAG_OPERATION mode=inplace calls=47 units=1049 latch=1
NVS_RUNTIME_FAULT cut=586 write=ESP_ERR_FLASH_OP_FAIL old=49 new=127 recovered=49
COMMAND=/home/udaybhan/projects/Ghar_sajag_r1_storage/code/ParivarSathi_v1.5.4_PWA_BatteryAnalytics_v3_4_2/host/storage/nvs_runtime_probe/build/gs_nvs_runtime_probe.elf 9 50 20 fault 587 freeze ENV={} EXIT=0
DIAG_OPERATION mode=inplace calls=47 units=1049 latch=1
NVS_RUNTIME_FAULT cut=587 write=ESP_ERR_FLASH_OP_FAIL old=49 new=127 recovered=49
COMMAND=/home/udaybhan/projects/Ghar_sajag_r1_storage/code/ParivarSathi_v1.5.4_PWA_BatteryAnalytics_v3_4_2/host/storage/nvs_runtime_probe/build/gs_nvs_runtime_probe.elf 9 50 20 fault 588 freeze ENV={} EXIT=0
DIAG_OPERATION mode=inplace calls=47 units=1049 latch=1
NVS_RUNTIME_FAULT cut=588 write=ESP_ERR_FLASH_OP_FAIL old=49 new=127 recovered=49
COMMAND=/home/udaybhan/projects/Ghar_sajag_r1_storage/code/ParivarSathi_v1.5.4_PWA_BatteryAnalytics_v3_4_2/host/storage/nvs_runtime_probe/build/gs_nvs_runtime_probe.elf 9 50 20 fault 589 freeze ENV={} EXIT=0
DIAG_OPERATION mode=inplace calls=47 units=1049 latch=1
NVS_RUNTIME_FAULT cut=589 write=ESP_ERR_FLASH_OP_FAIL old=49 new=127 recovered=49
COMMAND=/home/udaybhan/projects/Ghar_sajag_r1_storage/code/ParivarSathi_v1.5.4_PWA_BatteryAnalytics_v3_4_2/host/storage/nvs_runtime_probe/build/gs_nvs_runtime_probe.elf 9 50 20 fault 590 freeze ENV={} EXIT=0
DIAG_OPERATION mode=inplace calls=47 units=1049 latch=1
NVS_RUNTIME_FAULT cut=590 write=ESP_ERR_FLASH_OP_FAIL old=49 new=127 recovered=49
COMMAND=/home/udaybhan/projects/Ghar_sajag_r1_storage/code/ParivarSathi_v1.5.4_PWA_BatteryAnalytics_v3_4_2/host/storage/nvs_runtime_probe/build/gs_nvs_runtime_probe.elf 9 50 20 fault 591 freeze ENV={} EXIT=0
DIAG_OPERATION mode=inplace calls=47 units=1049 latch=1
NVS_RUNTIME_FAULT cut=591 write=ESP_ERR_FLASH_OP_FAIL old=49 new=127 recovered=49
COMMAND=/home/udaybhan/projects/Ghar_sajag_r1_storage/code/ParivarSathi_v1.5.4_PWA_BatteryAnalytics_v3_4_2/host/storage/nvs_runtime_probe/build/gs_nvs_runtime_probe.elf 9 50 20 fault 592 freeze ENV={} EXIT=0
DIAG_OPERATION mode=inplace calls=47 units=1049 latch=1
NVS_RUNTIME_FAULT cut=592 write=ESP_ERR_FLASH_OP_FAIL old=49 new=127 recovered=49
COMMAND=/home/udaybhan/projects/Ghar_sajag_r1_storage/code/ParivarSathi_v1.5.4_PWA_BatteryAnalytics_v3_4_2/host/storage/nvs_runtime_probe/build/gs_nvs_runtime_probe.elf 9 50 20 fault 593 freeze ENV={} EXIT=0
DIAG_OPERATION mode=inplace calls=47 units=1049 latch=1
NVS_RUNTIME_FAULT cut=593 write=ESP_ERR_FLASH_OP_FAIL old=49 new=127 recovered=49
COMMAND=/home/udaybhan/projects/Ghar_sajag_r1_storage/code/ParivarSathi_v1.5.4_PWA_BatteryAnalytics_v3_4_2/host/storage/nvs_runtime_probe/build/gs_nvs_runtime_probe.elf 9 50 20 fault 594 freeze ENV={} EXIT=0
DIAG_OPERATION mode=inplace calls=47 units=1049 latch=1
NVS_RUNTIME_FAULT cut=594 write=ESP_ERR_FLASH_OP_FAIL old=49 new=127 recovered=49
COMMAND=/home/udaybhan/projects/Ghar_sajag_r1_storage/code/ParivarSathi_v1.5.4_PWA_BatteryAnalytics_v3_4_2/host/storage/nvs_runtime_probe/build/gs_nvs_runtime_probe.elf 9 50 20 fault 595 freeze ENV={} EXIT=0
DIAG_OPERATION mode=inplace calls=47 units=1049 latch=1
NVS_RUNTIME_FAULT cut=595 write=ESP_ERR_FLASH_OP_FAIL old=49 new=127 recovered=49
COMMAND=/home/udaybhan/projects/Ghar_sajag_r1_storage/code/ParivarSathi_v1.5.4_PWA_BatteryAnalytics_v3_4_2/host/storage/nvs_runtime_probe/build/gs_nvs_runtime_probe.elf 9 50 20 fault 596 freeze ENV={} EXIT=0
DIAG_OPERATION mode=inplace calls=47 units=1049 latch=1
NVS_RUNTIME_FAULT cut=596 write=ESP_ERR_FLASH_OP_FAIL old=49 new=127 recovered=49
COMMAND=/home/udaybhan/projects/Ghar_sajag_r1_storage/code/ParivarSathi_v1.5.4_PWA_BatteryAnalytics_v3_4_2/host/storage/nvs_runtime_probe/build/gs_nvs_runtime_probe.elf 9 50 20 fault 597 freeze ENV={} EXIT=0
DIAG_OPERATION mode=inplace calls=47 units=1049 latch=1
NVS_RUNTIME_FAULT cut=597 write=ESP_ERR_FLASH_OP_FAIL old=49 new=127 recovered=49
COMMAND=/home/udaybhan/projects/Ghar_sajag_r1_storage/code/ParivarSathi_v1.5.4_PWA_BatteryAnalytics_v3_4_2/host/storage/nvs_runtime_probe/build/gs_nvs_runtime_probe.elf 9 50 20 fault 598 freeze ENV={} EXIT=0
DIAG_OPERATION mode=inplace calls=47 units=1049 latch=1
NVS_RUNTIME_FAULT cut=598 write=ESP_ERR_FLASH_OP_FAIL old=49 new=127 recovered=49
COMMAND=/home/udaybhan/projects/Ghar_sajag_r1_storage/code/ParivarSathi_v1.5.4_PWA_BatteryAnalytics_v3_4_2/host/storage/nvs_runtime_probe/build/gs_nvs_runtime_probe.elf 9 50 20 fault 599 freeze ENV={} EXIT=0
DIAG_OPERATION mode=inplace calls=47 units=1049 latch=1
NVS_RUNTIME_FAULT cut=599 write=ESP_ERR_FLASH_OP_FAIL old=49 new=127 recovered=49
COMMAND=/home/udaybhan/projects/Ghar_sajag_r1_storage/code/ParivarSathi_v1.5.4_PWA_BatteryAnalytics_v3_4_2/host/storage/nvs_runtime_probe/build/gs_nvs_runtime_probe.elf 9 50 20 fault 600 freeze ENV={} EXIT=0
DIAG_OPERATION mode=inplace calls=47 units=1049 latch=1
NVS_RUNTIME_FAULT cut=600 write=ESP_ERR_FLASH_OP_FAIL old=49 new=127 recovered=49
COMMAND=/home/udaybhan/projects/Ghar_sajag_r1_storage/code/ParivarSathi_v1.5.4_PWA_BatteryAnalytics_v3_4_2/host/storage/nvs_runtime_probe/build/gs_nvs_runtime_probe.elf 9 50 20 fault 601 freeze ENV={} EXIT=0
DIAG_OPERATION mode=inplace calls=47 units=1049 latch=1
NVS_RUNTIME_FAULT cut=601 write=ESP_ERR_FLASH_OP_FAIL old=49 new=127 recovered=49
COMMAND=/home/udaybhan/projects/Ghar_sajag_r1_storage/code/ParivarSathi_v1.5.4_PWA_BatteryAnalytics_v3_4_2/host/storage/nvs_runtime_probe/build/gs_nvs_runtime_probe.elf 9 50 20 fault 602 freeze ENV={} EXIT=0
DIAG_OPERATION mode=inplace calls=47 units=1049 latch=1
NVS_RUNTIME_FAULT cut=602 write=ESP_ERR_FLASH_OP_FAIL old=49 new=127 recovered=49
COMMAND=/home/udaybhan/projects/Ghar_sajag_r1_storage/code/ParivarSathi_v1.5.4_PWA_BatteryAnalytics_v3_4_2/host/storage/nvs_runtime_probe/build/gs_nvs_runtime_probe.elf 9 50 20 fault 603 freeze ENV={} EXIT=0
DIAG_OPERATION mode=inplace calls=47 units=1049 latch=1
NVS_RUNTIME_FAULT cut=603 write=ESP_ERR_FLASH_OP_FAIL old=49 new=127 recovered=49
COMMAND=/home/udaybhan/projects/Ghar_sajag_r1_storage/code/ParivarSathi_v1.5.4_PWA_BatteryAnalytics_v3_4_2/host/storage/nvs_runtime_probe/build/gs_nvs_runtime_probe.elf 9 50 20 fault 604 freeze ENV={} EXIT=0
DIAG_OPERATION mode=inplace calls=47 units=1049 latch=1
NVS_RUNTIME_FAULT cut=604 write=ESP_ERR_FLASH_OP_FAIL old=49 new=127 recovered=49
COMMAND=/home/udaybhan/projects/Ghar_sajag_r1_storage/code/ParivarSathi_v1.5.4_PWA_BatteryAnalytics_v3_4_2/host/storage/nvs_runtime_probe/build/gs_nvs_runtime_probe.elf 9 50 20 fault 605 freeze ENV={} EXIT=0
DIAG_OPERATION mode=inplace calls=47 units=1049 latch=1
NVS_RUNTIME_FAULT cut=605 write=ESP_ERR_FLASH_OP_FAIL old=49 new=127 recovered=49
COMMAND=/home/udaybhan/projects/Ghar_sajag_r1_storage/code/ParivarSathi_v1.5.4_PWA_BatteryAnalytics_v3_4_2/host/storage/nvs_runtime_probe/build/gs_nvs_runtime_probe.elf 9 50 20 fault 606 freeze ENV={} EXIT=0
DIAG_OPERATION mode=inplace calls=47 units=1049 latch=1
NVS_RUNTIME_FAULT cut=606 write=ESP_ERR_FLASH_OP_FAIL old=49 new=127 recovered=49
COMMAND=/home/udaybhan/projects/Ghar_sajag_r1_storage/code/ParivarSathi_v1.5.4_PWA_BatteryAnalytics_v3_4_2/host/storage/nvs_runtime_probe/build/gs_nvs_runtime_probe.elf 9 50 20 fault 607 freeze ENV={} EXIT=0
DIAG_OPERATION mode=inplace calls=47 units=1049 latch=1
NVS_RUNTIME_FAULT cut=607 write=ESP_ERR_FLASH_OP_FAIL old=49 new=127 recovered=49
COMMAND=/home/udaybhan/projects/Ghar_sajag_r1_storage/code/ParivarSathi_v1.5.4_PWA_BatteryAnalytics_v3_4_2/host/storage/nvs_runtime_probe/build/gs_nvs_runtime_probe.elf 9 50 20 fault 608 freeze ENV={} EXIT=0
DIAG_OPERATION mode=inplace calls=47 units=1049 latch=1
NVS_RUNTIME_FAULT cut=608 write=ESP_ERR_FLASH_OP_FAIL old=49 new=127 recovered=49
COMMAND=/home/udaybhan/projects/Ghar_sajag_r1_storage/code/ParivarSathi_v1.5.4_PWA_BatteryAnalytics_v3_4_2/host/storage/nvs_runtime_probe/build/gs_nvs_runtime_probe.elf 9 50 20 fault 609 freeze ENV={} EXIT=0
DIAG_OPERATION mode=inplace calls=47 units=1049 latch=1
NVS_RUNTIME_FAULT cut=609 write=ESP_ERR_FLASH_OP_FAIL old=49 new=127 recovered=49
COMMAND=/home/udaybhan/projects/Ghar_sajag_r1_storage/code/ParivarSathi_v1.5.4_PWA_BatteryAnalytics_v3_4_2/host/storage/nvs_runtime_probe/build/gs_nvs_runtime_probe.elf 9 50 20 fault 610 freeze ENV={} EXIT=0
DIAG_OPERATION mode=inplace calls=47 units=1049 latch=1
NVS_RUNTIME_FAULT cut=610 write=ESP_ERR_FLASH_OP_FAIL old=49 new=127 recovered=49
COMMAND=/home/udaybhan/projects/Ghar_sajag_r1_storage/code/ParivarSathi_v1.5.4_PWA_BatteryAnalytics_v3_4_2/host/storage/nvs_runtime_probe/build/gs_nvs_runtime_probe.elf 9 50 20 fault 611 freeze ENV={} EXIT=0
DIAG_OPERATION mode=inplace calls=47 units=1049 latch=1
NVS_RUNTIME_FAULT cut=611 write=ESP_ERR_FLASH_OP_FAIL old=49 new=127 recovered=49
COMMAND=/home/udaybhan/projects/Ghar_sajag_r1_storage/code/ParivarSathi_v1.5.4_PWA_BatteryAnalytics_v3_4_2/host/storage/nvs_runtime_probe/build/gs_nvs_runtime_probe.elf 9 50 20 fault 612 freeze ENV={} EXIT=0
DIAG_OPERATION mode=inplace calls=47 units=1049 latch=1
NVS_RUNTIME_FAULT cut=612 write=ESP_ERR_FLASH_OP_FAIL old=49 new=127 recovered=49
COMMAND=/home/udaybhan/projects/Ghar_sajag_r1_storage/code/ParivarSathi_v1.5.4_PWA_BatteryAnalytics_v3_4_2/host/storage/nvs_runtime_probe/build/gs_nvs_runtime_probe.elf 9 50 20 fault 613 freeze ENV={} EXIT=0
DIAG_OPERATION mode=inplace calls=47 units=1049 latch=1
NVS_RUNTIME_FAULT cut=613 write=ESP_ERR_FLASH_OP_FAIL old=49 new=127 recovered=49
COMMAND=/home/udaybhan/projects/Ghar_sajag_r1_storage/code/ParivarSathi_v1.5.4_PWA_BatteryAnalytics_v3_4_2/host/storage/nvs_runtime_probe/build/gs_nvs_runtime_probe.elf 9 50 20 fault 614 freeze ENV={} EXIT=0
DIAG_OPERATION mode=inplace calls=47 units=1049 latch=1
NVS_RUNTIME_FAULT cut=614 write=ESP_ERR_FLASH_OP_FAIL old=49 new=127 recovered=49
COMMAND=/home/udaybhan/projects/Ghar_sajag_r1_storage/code/ParivarSathi_v1.5.4_PWA_BatteryAnalytics_v3_4_2/host/storage/nvs_runtime_probe/build/gs_nvs_runtime_probe.elf 9 50 20 fault 615 freeze ENV={} EXIT=0
DIAG_OPERATION mode=inplace calls=47 units=1049 latch=1
NVS_RUNTIME_FAULT cut=615 write=ESP_ERR_FLASH_OP_FAIL old=49 new=127 recovered=49
COMMAND=/home/udaybhan/projects/Ghar_sajag_r1_storage/code/ParivarSathi_v1.5.4_PWA_BatteryAnalytics_v3_4_2/host/storage/nvs_runtime_probe/build/gs_nvs_runtime_probe.elf 9 50 20 fault 616 freeze ENV={} EXIT=0
DIAG_OPERATION mode=inplace calls=47 units=1049 latch=1
NVS_RUNTIME_FAULT cut=616 write=ESP_ERR_FLASH_OP_FAIL old=49 new=127 recovered=49
COMMAND=/home/udaybhan/projects/Ghar_sajag_r1_storage/code/ParivarSathi_v1.5.4_PWA_BatteryAnalytics_v3_4_2/host/storage/nvs_runtime_probe/build/gs_nvs_runtime_probe.elf 9 50 20 fault 617 freeze ENV={} EXIT=0
DIAG_OPERATION mode=inplace calls=47 units=1049 latch=1
NVS_RUNTIME_FAULT cut=617 write=ESP_ERR_FLASH_OP_FAIL old=49 new=127 recovered=49
COMMAND=/home/udaybhan/projects/Ghar_sajag_r1_storage/code/ParivarSathi_v1.5.4_PWA_BatteryAnalytics_v3_4_2/host/storage/nvs_runtime_probe/build/gs_nvs_runtime_probe.elf 9 50 20 fault 618 freeze ENV={} EXIT=0
DIAG_OPERATION mode=inplace calls=47 units=1049 latch=1
NVS_RUNTIME_FAULT cut=618 write=ESP_ERR_FLASH_OP_FAIL old=49 new=127 recovered=49
COMMAND=/home/udaybhan/projects/Ghar_sajag_r1_storage/code/ParivarSathi_v1.5.4_PWA_BatteryAnalytics_v3_4_2/host/storage/nvs_runtime_probe/build/gs_nvs_runtime_probe.elf 9 50 20 fault 619 freeze ENV={} EXIT=0
DIAG_OPERATION mode=inplace calls=47 units=1049 latch=1
NVS_RUNTIME_FAULT cut=619 write=ESP_ERR_FLASH_OP_FAIL old=49 new=127 recovered=49
COMMAND=/home/udaybhan/projects/Ghar_sajag_r1_storage/code/ParivarSathi_v1.5.4_PWA_BatteryAnalytics_v3_4_2/host/storage/nvs_runtime_probe/build/gs_nvs_runtime_probe.elf 9 50 20 fault 620 freeze ENV={} EXIT=0
DIAG_OPERATION mode=inplace calls=47 units=1049 latch=1
NVS_RUNTIME_FAULT cut=620 write=ESP_ERR_FLASH_OP_FAIL old=49 new=127 recovered=49
COMMAND=/home/udaybhan/projects/Ghar_sajag_r1_storage/code/ParivarSathi_v1.5.4_PWA_BatteryAnalytics_v3_4_2/host/storage/nvs_runtime_probe/build/gs_nvs_runtime_probe.elf 9 50 20 fault 621 freeze ENV={} EXIT=0
DIAG_OPERATION mode=inplace calls=47 units=1049 latch=1
NVS_RUNTIME_FAULT cut=621 write=ESP_ERR_FLASH_OP_FAIL old=49 new=127 recovered=49
COMMAND=/home/udaybhan/projects/Ghar_sajag_r1_storage/code/ParivarSathi_v1.5.4_PWA_BatteryAnalytics_v3_4_2/host/storage/nvs_runtime_probe/build/gs_nvs_runtime_probe.elf 9 50 20 fault 622 freeze ENV={} EXIT=0
DIAG_OPERATION mode=inplace calls=47 units=1049 latch=1
NVS_RUNTIME_FAULT cut=622 write=ESP_ERR_FLASH_OP_FAIL old=49 new=127 recovered=49
COMMAND=/home/udaybhan/projects/Ghar_sajag_r1_storage/code/ParivarSathi_v1.5.4_PWA_BatteryAnalytics_v3_4_2/host/storage/nvs_runtime_probe/build/gs_nvs_runtime_probe.elf 9 50 20 fault 623 freeze ENV={} EXIT=0
DIAG_OPERATION mode=inplace calls=47 units=1049 latch=1
NVS_RUNTIME_FAULT cut=623 write=ESP_ERR_FLASH_OP_FAIL old=49 new=127 recovered=49
COMMAND=/home/udaybhan/projects/Ghar_sajag_r1_storage/code/ParivarSathi_v1.5.4_PWA_BatteryAnalytics_v3_4_2/host/storage/nvs_runtime_probe/build/gs_nvs_runtime_probe.elf 9 50 20 fault 624 freeze ENV={} EXIT=0
DIAG_OPERATION mode=inplace calls=47 units=1049 latch=1
NVS_RUNTIME_FAULT cut=624 write=ESP_ERR_FLASH_OP_FAIL old=49 new=127 recovered=49
COMMAND=/home/udaybhan/projects/Ghar_sajag_r1_storage/code/ParivarSathi_v1.5.4_PWA_BatteryAnalytics_v3_4_2/host/storage/nvs_runtime_probe/build/gs_nvs_runtime_probe.elf 9 50 20 fault 625 freeze ENV={} EXIT=0
DIAG_OPERATION mode=inplace calls=47 units=1049 latch=1
NVS_RUNTIME_FAULT cut=625 write=ESP_ERR_FLASH_OP_FAIL old=49 new=127 recovered=49
COMMAND=/home/udaybhan/projects/Ghar_sajag_r1_storage/code/ParivarSathi_v1.5.4_PWA_BatteryAnalytics_v3_4_2/host/storage/nvs_runtime_probe/build/gs_nvs_runtime_probe.elf 9 50 20 fault 626 freeze ENV={} EXIT=0
DIAG_OPERATION mode=inplace calls=47 units=1049 latch=1
NVS_RUNTIME_FAULT cut=626 write=ESP_ERR_FLASH_OP_FAIL old=49 new=127 recovered=49
COMMAND=/home/udaybhan/projects/Ghar_sajag_r1_storage/code/ParivarSathi_v1.5.4_PWA_BatteryAnalytics_v3_4_2/host/storage/nvs_runtime_probe/build/gs_nvs_runtime_probe.elf 9 50 20 fault 627 freeze ENV={} EXIT=0
DIAG_OPERATION mode=inplace calls=47 units=1049 latch=1
NVS_RUNTIME_FAULT cut=627 write=ESP_ERR_FLASH_OP_FAIL old=49 new=127 recovered=49
COMMAND=/home/udaybhan/projects/Ghar_sajag_r1_storage/code/ParivarSathi_v1.5.4_PWA_BatteryAnalytics_v3_4_2/host/storage/nvs_runtime_probe/build/gs_nvs_runtime_probe.elf 9 50 20 fault 628 freeze ENV={} EXIT=0
DIAG_OPERATION mode=inplace calls=47 units=1049 latch=1
NVS_RUNTIME_FAULT cut=628 write=ESP_ERR_FLASH_OP_FAIL old=49 new=127 recovered=49
COMMAND=/home/udaybhan/projects/Ghar_sajag_r1_storage/code/ParivarSathi_v1.5.4_PWA_BatteryAnalytics_v3_4_2/host/storage/nvs_runtime_probe/build/gs_nvs_runtime_probe.elf 9 50 20 fault 629 freeze ENV={} EXIT=0
DIAG_OPERATION mode=inplace calls=47 units=1049 latch=1
NVS_RUNTIME_FAULT cut=629 write=ESP_ERR_FLASH_OP_FAIL old=49 new=127 recovered=49
COMMAND=/home/udaybhan/projects/Ghar_sajag_r1_storage/code/ParivarSathi_v1.5.4_PWA_BatteryAnalytics_v3_4_2/host/storage/nvs_runtime_probe/build/gs_nvs_runtime_probe.elf 9 50 20 fault 630 freeze ENV={} EXIT=0
DIAG_OPERATION mode=inplace calls=47 units=1049 latch=1
NVS_RUNTIME_FAULT cut=630 write=ESP_ERR_FLASH_OP_FAIL old=49 new=127 recovered=49
COMMAND=/home/udaybhan/projects/Ghar_sajag_r1_storage/code/ParivarSathi_v1.5.4_PWA_BatteryAnalytics_v3_4_2/host/storage/nvs_runtime_probe/build/gs_nvs_runtime_probe.elf 9 50 20 fault 631 freeze ENV={} EXIT=0
DIAG_OPERATION mode=inplace calls=47 units=1049 latch=1
NVS_RUNTIME_FAULT cut=631 write=ESP_ERR_FLASH_OP_FAIL old=49 new=127 recovered=49
COMMAND=/home/udaybhan/projects/Ghar_sajag_r1_storage/code/ParivarSathi_v1.5.4_PWA_BatteryAnalytics_v3_4_2/host/storage/nvs_runtime_probe/build/gs_nvs_runtime_probe.elf 9 50 20 fault 632 freeze ENV={} EXIT=0
DIAG_OPERATION mode=inplace calls=47 units=1049 latch=1
NVS_RUNTIME_FAULT cut=632 write=ESP_ERR_FLASH_OP_FAIL old=49 new=127 recovered=49
COMMAND=/home/udaybhan/projects/Ghar_sajag_r1_storage/code/ParivarSathi_v1.5.4_PWA_BatteryAnalytics_v3_4_2/host/storage/nvs_runtime_probe/build/gs_nvs_runtime_probe.elf 9 50 20 fault 633 freeze ENV={} EXIT=0
DIAG_OPERATION mode=inplace calls=47 units=1049 latch=1
NVS_RUNTIME_FAULT cut=633 write=ESP_ERR_FLASH_OP_FAIL old=49 new=127 recovered=49
COMMAND=/home/udaybhan/projects/Ghar_sajag_r1_storage/code/ParivarSathi_v1.5.4_PWA_BatteryAnalytics_v3_4_2/host/storage/nvs_runtime_probe/build/gs_nvs_runtime_probe.elf 9 50 20 fault 634 freeze ENV={} EXIT=0
DIAG_OPERATION mode=inplace calls=47 units=1049 latch=1
NVS_RUNTIME_FAULT cut=634 write=ESP_ERR_FLASH_OP_FAIL old=49 new=127 recovered=49
COMMAND=/home/udaybhan/projects/Ghar_sajag_r1_storage/code/ParivarSathi_v1.5.4_PWA_BatteryAnalytics_v3_4_2/host/storage/nvs_runtime_probe/build/gs_nvs_runtime_probe.elf 9 50 20 fault 635 freeze ENV={} EXIT=0
DIAG_OPERATION mode=inplace calls=47 units=1049 latch=1
NVS_RUNTIME_FAULT cut=635 write=ESP_ERR_FLASH_OP_FAIL old=49 new=127 recovered=49
COMMAND=/home/udaybhan/projects/Ghar_sajag_r1_storage/code/ParivarSathi_v1.5.4_PWA_BatteryAnalytics_v3_4_2/host/storage/nvs_runtime_probe/build/gs_nvs_runtime_probe.elf 9 50 20 fault 636 freeze ENV={} EXIT=0
DIAG_OPERATION mode=inplace calls=47 units=1049 latch=1
NVS_RUNTIME_FAULT cut=636 write=ESP_ERR_FLASH_OP_FAIL old=49 new=127 recovered=49
COMMAND=/home/udaybhan/projects/Ghar_sajag_r1_storage/code/ParivarSathi_v1.5.4_PWA_BatteryAnalytics_v3_4_2/host/storage/nvs_runtime_probe/build/gs_nvs_runtime_probe.elf 9 50 20 fault 637 freeze ENV={} EXIT=0
DIAG_OPERATION mode=inplace calls=47 units=1049 latch=1
NVS_RUNTIME_FAULT cut=637 write=ESP_ERR_FLASH_OP_FAIL old=49 new=127 recovered=49
COMMAND=/home/udaybhan/projects/Ghar_sajag_r1_storage/code/ParivarSathi_v1.5.4_PWA_BatteryAnalytics_v3_4_2/host/storage/nvs_runtime_probe/build/gs_nvs_runtime_probe.elf 9 50 20 fault 638 freeze ENV={} EXIT=0
DIAG_OPERATION mode=inplace calls=47 units=1049 latch=1
NVS_RUNTIME_FAULT cut=638 write=ESP_ERR_FLASH_OP_FAIL old=49 new=127 recovered=49
COMMAND=/home/udaybhan/projects/Ghar_sajag_r1_storage/code/ParivarSathi_v1.5.4_PWA_BatteryAnalytics_v3_4_2/host/storage/nvs_runtime_probe/build/gs_nvs_runtime_probe.elf 9 50 20 fault 639 freeze ENV={} EXIT=0
DIAG_OPERATION mode=inplace calls=47 units=1049 latch=1
NVS_RUNTIME_FAULT cut=639 write=ESP_ERR_FLASH_OP_FAIL old=49 new=127 recovered=49
COMMAND=/home/udaybhan/projects/Ghar_sajag_r1_storage/code/ParivarSathi_v1.5.4_PWA_BatteryAnalytics_v3_4_2/host/storage/nvs_runtime_probe/build/gs_nvs_runtime_probe.elf 9 50 20 fault 640 freeze ENV={} EXIT=0
DIAG_OPERATION mode=inplace calls=47 units=1049 latch=1
NVS_RUNTIME_FAULT cut=640 write=ESP_ERR_FLASH_OP_FAIL old=49 new=127 recovered=49
COMMAND=/home/udaybhan/projects/Ghar_sajag_r1_storage/code/ParivarSathi_v1.5.4_PWA_BatteryAnalytics_v3_4_2/host/storage/nvs_runtime_probe/build/gs_nvs_runtime_probe.elf 9 50 20 fault 641 freeze ENV={} EXIT=0
DIAG_OPERATION mode=inplace calls=47 units=1049 latch=1
NVS_RUNTIME_FAULT cut=641 write=ESP_ERR_FLASH_OP_FAIL old=49 new=127 recovered=49
COMMAND=/home/udaybhan/projects/Ghar_sajag_r1_storage/code/ParivarSathi_v1.5.4_PWA_BatteryAnalytics_v3_4_2/host/storage/nvs_runtime_probe/build/gs_nvs_runtime_probe.elf 9 50 20 fault 642 freeze ENV={} EXIT=0
DIAG_OPERATION mode=inplace calls=47 units=1049 latch=1
NVS_RUNTIME_FAULT cut=642 write=ESP_ERR_FLASH_OP_FAIL old=49 new=127 recovered=49
COMMAND=/home/udaybhan/projects/Ghar_sajag_r1_storage/code/ParivarSathi_v1.5.4_PWA_BatteryAnalytics_v3_4_2/host/storage/nvs_runtime_probe/build/gs_nvs_runtime_probe.elf 9 50 20 fault 643 freeze ENV={} EXIT=0
DIAG_OPERATION mode=inplace calls=47 units=1049 latch=1
NVS_RUNTIME_FAULT cut=643 write=ESP_ERR_FLASH_OP_FAIL old=49 new=127 recovered=49
COMMAND=/home/udaybhan/projects/Ghar_sajag_r1_storage/code/ParivarSathi_v1.5.4_PWA_BatteryAnalytics_v3_4_2/host/storage/nvs_runtime_probe/build/gs_nvs_runtime_probe.elf 9 50 20 fault 644 freeze ENV={} EXIT=0
DIAG_OPERATION mode=inplace calls=47 units=1049 latch=1
NVS_RUNTIME_FAULT cut=644 write=ESP_ERR_FLASH_OP_FAIL old=49 new=127 recovered=49
COMMAND=/home/udaybhan/projects/Ghar_sajag_r1_storage/code/ParivarSathi_v1.5.4_PWA_BatteryAnalytics_v3_4_2/host/storage/nvs_runtime_probe/build/gs_nvs_runtime_probe.elf 9 50 20 fault 645 freeze ENV={} EXIT=0
DIAG_OPERATION mode=inplace calls=47 units=1049 latch=1
NVS_RUNTIME_FAULT cut=645 write=ESP_ERR_FLASH_OP_FAIL old=49 new=127 recovered=49
COMMAND=/home/udaybhan/projects/Ghar_sajag_r1_storage/code/ParivarSathi_v1.5.4_PWA_BatteryAnalytics_v3_4_2/host/storage/nvs_runtime_probe/build/gs_nvs_runtime_probe.elf 9 50 20 fault 646 freeze ENV={} EXIT=0
DIAG_OPERATION mode=inplace calls=47 units=1049 latch=1
NVS_RUNTIME_FAULT cut=646 write=ESP_ERR_FLASH_OP_FAIL old=49 new=127 recovered=49
COMMAND=/home/udaybhan/projects/Ghar_sajag_r1_storage/code/ParivarSathi_v1.5.4_PWA_BatteryAnalytics_v3_4_2/host/storage/nvs_runtime_probe/build/gs_nvs_runtime_probe.elf 9 50 20 fault 647 freeze ENV={} EXIT=0
DIAG_OPERATION mode=inplace calls=47 units=1049 latch=1
NVS_RUNTIME_FAULT cut=647 write=ESP_ERR_FLASH_OP_FAIL old=49 new=127 recovered=49
COMMAND=/home/udaybhan/projects/Ghar_sajag_r1_storage/code/ParivarSathi_v1.5.4_PWA_BatteryAnalytics_v3_4_2/host/storage/nvs_runtime_probe/build/gs_nvs_runtime_probe.elf 9 50 20 fault 648 freeze ENV={} EXIT=0
DIAG_OPERATION mode=inplace calls=47 units=1049 latch=1
NVS_RUNTIME_FAULT cut=648 write=ESP_ERR_FLASH_OP_FAIL old=49 new=127 recovered=49
COMMAND=/home/udaybhan/projects/Ghar_sajag_r1_storage/code/ParivarSathi_v1.5.4_PWA_BatteryAnalytics_v3_4_2/host/storage/nvs_runtime_probe/build/gs_nvs_runtime_probe.elf 9 50 20 fault 649 freeze ENV={} EXIT=0
DIAG_OPERATION mode=inplace calls=47 units=1049 latch=1
NVS_RUNTIME_FAULT cut=649 write=ESP_ERR_FLASH_OP_FAIL old=49 new=127 recovered=49
COMMAND=/home/udaybhan/projects/Ghar_sajag_r1_storage/code/ParivarSathi_v1.5.4_PWA_BatteryAnalytics_v3_4_2/host/storage/nvs_runtime_probe/build/gs_nvs_runtime_probe.elf 9 50 20 fault 650 freeze ENV={} EXIT=0
DIAG_OPERATION mode=inplace calls=47 units=1049 latch=1
NVS_RUNTIME_FAULT cut=650 write=ESP_ERR_FLASH_OP_FAIL old=49 new=127 recovered=49
COMMAND=/home/udaybhan/projects/Ghar_sajag_r1_storage/code/ParivarSathi_v1.5.4_PWA_BatteryAnalytics_v3_4_2/host/storage/nvs_runtime_probe/build/gs_nvs_runtime_probe.elf 9 50 20 fault 651 freeze ENV={} EXIT=0
DIAG_OPERATION mode=inplace calls=47 units=1049 latch=1
NVS_RUNTIME_FAULT cut=651 write=ESP_ERR_FLASH_OP_FAIL old=49 new=127 recovered=49
COMMAND=/home/udaybhan/projects/Ghar_sajag_r1_storage/code/ParivarSathi_v1.5.4_PWA_BatteryAnalytics_v3_4_2/host/storage/nvs_runtime_probe/build/gs_nvs_runtime_probe.elf 9 50 20 fault 652 freeze ENV={} EXIT=0
DIAG_OPERATION mode=inplace calls=47 units=1049 latch=1
NVS_RUNTIME_FAULT cut=652 write=ESP_ERR_FLASH_OP_FAIL old=49 new=127 recovered=49
COMMAND=/home/udaybhan/projects/Ghar_sajag_r1_storage/code/ParivarSathi_v1.5.4_PWA_BatteryAnalytics_v3_4_2/host/storage/nvs_runtime_probe/build/gs_nvs_runtime_probe.elf 9 50 20 fault 653 freeze ENV={} EXIT=0
DIAG_OPERATION mode=inplace calls=47 units=1049 latch=1
NVS_RUNTIME_FAULT cut=653 write=ESP_ERR_FLASH_OP_FAIL old=49 new=127 recovered=49
COMMAND=/home/udaybhan/projects/Ghar_sajag_r1_storage/code/ParivarSathi_v1.5.4_PWA_BatteryAnalytics_v3_4_2/host/storage/nvs_runtime_probe/build/gs_nvs_runtime_probe.elf 9 50 20 fault 654 freeze ENV={} EXIT=0
DIAG_OPERATION mode=inplace calls=47 units=1049 latch=1
NVS_RUNTIME_FAULT cut=654 write=ESP_ERR_FLASH_OP_FAIL old=49 new=127 recovered=49
COMMAND=/home/udaybhan/projects/Ghar_sajag_r1_storage/code/ParivarSathi_v1.5.4_PWA_BatteryAnalytics_v3_4_2/host/storage/nvs_runtime_probe/build/gs_nvs_runtime_probe.elf 9 50 20 fault 655 freeze ENV={} EXIT=0
DIAG_OPERATION mode=inplace calls=47 units=1049 latch=1
NVS_RUNTIME_FAULT cut=655 write=ESP_ERR_FLASH_OP_FAIL old=49 new=127 recovered=49
COMMAND=/home/udaybhan/projects/Ghar_sajag_r1_storage/code/ParivarSathi_v1.5.4_PWA_BatteryAnalytics_v3_4_2/host/storage/nvs_runtime_probe/build/gs_nvs_runtime_probe.elf 9 50 20 fault 656 freeze ENV={} EXIT=0
DIAG_OPERATION mode=inplace calls=47 units=1049 latch=1
NVS_RUNTIME_FAULT cut=656 write=ESP_ERR_FLASH_OP_FAIL old=49 new=127 recovered=49
COMMAND=/home/udaybhan/projects/Ghar_sajag_r1_storage/code/ParivarSathi_v1.5.4_PWA_BatteryAnalytics_v3_4_2/host/storage/nvs_runtime_probe/build/gs_nvs_runtime_probe.elf 9 50 20 fault 657 freeze ENV={} EXIT=0
DIAG_OPERATION mode=inplace calls=47 units=1049 latch=1
NVS_RUNTIME_FAULT cut=657 write=ESP_ERR_FLASH_OP_FAIL old=49 new=127 recovered=49
COMMAND=/home/udaybhan/projects/Ghar_sajag_r1_storage/code/ParivarSathi_v1.5.4_PWA_BatteryAnalytics_v3_4_2/host/storage/nvs_runtime_probe/build/gs_nvs_runtime_probe.elf 9 50 20 fault 658 freeze ENV={} EXIT=0
DIAG_OPERATION mode=inplace calls=47 units=1049 latch=1
NVS_RUNTIME_FAULT cut=658 write=ESP_ERR_FLASH_OP_FAIL old=49 new=127 recovered=49
COMMAND=/home/udaybhan/projects/Ghar_sajag_r1_storage/code/ParivarSathi_v1.5.4_PWA_BatteryAnalytics_v3_4_2/host/storage/nvs_runtime_probe/build/gs_nvs_runtime_probe.elf 9 50 20 fault 659 freeze ENV={} EXIT=0
DIAG_OPERATION mode=inplace calls=47 units=1049 latch=1
NVS_RUNTIME_FAULT cut=659 write=ESP_ERR_FLASH_OP_FAIL old=49 new=127 recovered=49
COMMAND=/home/udaybhan/projects/Ghar_sajag_r1_storage/code/ParivarSathi_v1.5.4_PWA_BatteryAnalytics_v3_4_2/host/storage/nvs_runtime_probe/build/gs_nvs_runtime_probe.elf 9 50 20 fault 660 freeze ENV={} EXIT=0
DIAG_OPERATION mode=inplace calls=47 units=1049 latch=1
NVS_RUNTIME_FAULT cut=660 write=ESP_ERR_FLASH_OP_FAIL old=49 new=127 recovered=49
COMMAND=/home/udaybhan/projects/Ghar_sajag_r1_storage/code/ParivarSathi_v1.5.4_PWA_BatteryAnalytics_v3_4_2/host/storage/nvs_runtime_probe/build/gs_nvs_runtime_probe.elf 9 50 20 fault 661 freeze ENV={} EXIT=0
DIAG_OPERATION mode=inplace calls=47 units=1049 latch=1
NVS_RUNTIME_FAULT cut=661 write=ESP_ERR_FLASH_OP_FAIL old=49 new=127 recovered=49
COMMAND=/home/udaybhan/projects/Ghar_sajag_r1_storage/code/ParivarSathi_v1.5.4_PWA_BatteryAnalytics_v3_4_2/host/storage/nvs_runtime_probe/build/gs_nvs_runtime_probe.elf 9 50 20 fault 662 freeze ENV={} EXIT=0
DIAG_OPERATION mode=inplace calls=47 units=1049 latch=1
NVS_RUNTIME_FAULT cut=662 write=ESP_ERR_FLASH_OP_FAIL old=49 new=127 recovered=49
COMMAND=/home/udaybhan/projects/Ghar_sajag_r1_storage/code/ParivarSathi_v1.5.4_PWA_BatteryAnalytics_v3_4_2/host/storage/nvs_runtime_probe/build/gs_nvs_runtime_probe.elf 9 50 20 fault 663 freeze ENV={} EXIT=0
DIAG_OPERATION mode=inplace calls=47 units=1049 latch=1
NVS_RUNTIME_FAULT cut=663 write=ESP_ERR_FLASH_OP_FAIL old=49 new=127 recovered=49
COMMAND=/home/udaybhan/projects/Ghar_sajag_r1_storage/code/ParivarSathi_v1.5.4_PWA_BatteryAnalytics_v3_4_2/host/storage/nvs_runtime_probe/build/gs_nvs_runtime_probe.elf 9 50 20 fault 664 freeze ENV={} EXIT=0
DIAG_OPERATION mode=inplace calls=47 units=1049 latch=1
NVS_RUNTIME_FAULT cut=664 write=ESP_ERR_FLASH_OP_FAIL old=49 new=127 recovered=49
COMMAND=/home/udaybhan/projects/Ghar_sajag_r1_storage/code/ParivarSathi_v1.5.4_PWA_BatteryAnalytics_v3_4_2/host/storage/nvs_runtime_probe/build/gs_nvs_runtime_probe.elf 9 50 20 fault 665 freeze ENV={} EXIT=0
DIAG_OPERATION mode=inplace calls=47 units=1049 latch=1
NVS_RUNTIME_FAULT cut=665 write=ESP_ERR_FLASH_OP_FAIL old=49 new=127 recovered=49
COMMAND=/home/udaybhan/projects/Ghar_sajag_r1_storage/code/ParivarSathi_v1.5.4_PWA_BatteryAnalytics_v3_4_2/host/storage/nvs_runtime_probe/build/gs_nvs_runtime_probe.elf 9 50 20 fault 666 freeze ENV={} EXIT=0
DIAG_OPERATION mode=inplace calls=47 units=1049 latch=1
NVS_RUNTIME_FAULT cut=666 write=ESP_ERR_FLASH_OP_FAIL old=49 new=127 recovered=49
COMMAND=/home/udaybhan/projects/Ghar_sajag_r1_storage/code/ParivarSathi_v1.5.4_PWA_BatteryAnalytics_v3_4_2/host/storage/nvs_runtime_probe/build/gs_nvs_runtime_probe.elf 9 50 20 fault 667 freeze ENV={} EXIT=0
DIAG_OPERATION mode=inplace calls=47 units=1049 latch=1
NVS_RUNTIME_FAULT cut=667 write=ESP_ERR_FLASH_OP_FAIL old=49 new=127 recovered=49
COMMAND=/home/udaybhan/projects/Ghar_sajag_r1_storage/code/ParivarSathi_v1.5.4_PWA_BatteryAnalytics_v3_4_2/host/storage/nvs_runtime_probe/build/gs_nvs_runtime_probe.elf 9 50 20 fault 668 freeze ENV={} EXIT=0
DIAG_OPERATION mode=inplace calls=47 units=1049 latch=1
NVS_RUNTIME_FAULT cut=668 write=ESP_ERR_FLASH_OP_FAIL old=49 new=127 recovered=49
COMMAND=/home/udaybhan/projects/Ghar_sajag_r1_storage/code/ParivarSathi_v1.5.4_PWA_BatteryAnalytics_v3_4_2/host/storage/nvs_runtime_probe/build/gs_nvs_runtime_probe.elf 9 50 20 fault 669 freeze ENV={} EXIT=0
DIAG_OPERATION mode=inplace calls=47 units=1049 latch=1
NVS_RUNTIME_FAULT cut=669 write=ESP_ERR_FLASH_OP_FAIL old=49 new=127 recovered=49
COMMAND=/home/udaybhan/projects/Ghar_sajag_r1_storage/code/ParivarSathi_v1.5.4_PWA_BatteryAnalytics_v3_4_2/host/storage/nvs_runtime_probe/build/gs_nvs_runtime_probe.elf 9 50 20 fault 670 freeze ENV={} EXIT=0
DIAG_OPERATION mode=inplace calls=47 units=1049 latch=1
NVS_RUNTIME_FAULT cut=670 write=ESP_ERR_FLASH_OP_FAIL old=49 new=127 recovered=49
COMMAND=/home/udaybhan/projects/Ghar_sajag_r1_storage/code/ParivarSathi_v1.5.4_PWA_BatteryAnalytics_v3_4_2/host/storage/nvs_runtime_probe/build/gs_nvs_runtime_probe.elf 9 50 20 fault 671 freeze ENV={} EXIT=0
DIAG_OPERATION mode=inplace calls=47 units=1049 latch=1
NVS_RUNTIME_FAULT cut=671 write=ESP_ERR_FLASH_OP_FAIL old=49 new=127 recovered=49
COMMAND=/home/udaybhan/projects/Ghar_sajag_r1_storage/code/ParivarSathi_v1.5.4_PWA_BatteryAnalytics_v3_4_2/host/storage/nvs_runtime_probe/build/gs_nvs_runtime_probe.elf 9 50 20 fault 672 freeze ENV={} EXIT=0
DIAG_OPERATION mode=inplace calls=47 units=1049 latch=1
NVS_RUNTIME_FAULT cut=672 write=ESP_ERR_FLASH_OP_FAIL old=49 new=127 recovered=49
COMMAND=/home/udaybhan/projects/Ghar_sajag_r1_storage/code/ParivarSathi_v1.5.4_PWA_BatteryAnalytics_v3_4_2/host/storage/nvs_runtime_probe/build/gs_nvs_runtime_probe.elf 9 50 20 fault 673 freeze ENV={} EXIT=0
DIAG_OPERATION mode=inplace calls=47 units=1049 latch=1
NVS_RUNTIME_FAULT cut=673 write=ESP_ERR_FLASH_OP_FAIL old=49 new=127 recovered=49
COMMAND=/home/udaybhan/projects/Ghar_sajag_r1_storage/code/ParivarSathi_v1.5.4_PWA_BatteryAnalytics_v3_4_2/host/storage/nvs_runtime_probe/build/gs_nvs_runtime_probe.elf 9 50 20 fault 674 freeze ENV={} EXIT=0
DIAG_OPERATION mode=inplace calls=47 units=1049 latch=1
NVS_RUNTIME_FAULT cut=674 write=ESP_ERR_FLASH_OP_FAIL old=49 new=127 recovered=49
COMMAND=/home/udaybhan/projects/Ghar_sajag_r1_storage/code/ParivarSathi_v1.5.4_PWA_BatteryAnalytics_v3_4_2/host/storage/nvs_runtime_probe/build/gs_nvs_runtime_probe.elf 9 50 20 fault 675 freeze ENV={} EXIT=0
DIAG_OPERATION mode=inplace calls=47 units=1049 latch=1
NVS_RUNTIME_FAULT cut=675 write=ESP_ERR_FLASH_OP_FAIL old=49 new=127 recovered=49
COMMAND=/home/udaybhan/projects/Ghar_sajag_r1_storage/code/ParivarSathi_v1.5.4_PWA_BatteryAnalytics_v3_4_2/host/storage/nvs_runtime_probe/build/gs_nvs_runtime_probe.elf 9 50 20 fault 676 freeze ENV={} EXIT=0
DIAG_OPERATION mode=inplace calls=47 units=1049 latch=1
NVS_RUNTIME_FAULT cut=676 write=ESP_ERR_FLASH_OP_FAIL old=49 new=127 recovered=49
COMMAND=/home/udaybhan/projects/Ghar_sajag_r1_storage/code/ParivarSathi_v1.5.4_PWA_BatteryAnalytics_v3_4_2/host/storage/nvs_runtime_probe/build/gs_nvs_runtime_probe.elf 9 50 20 fault 677 freeze ENV={} EXIT=0
DIAG_OPERATION mode=inplace calls=47 units=1049 latch=1
NVS_RUNTIME_FAULT cut=677 write=ESP_ERR_FLASH_OP_FAIL old=49 new=127 recovered=49
COMMAND=/home/udaybhan/projects/Ghar_sajag_r1_storage/code/ParivarSathi_v1.5.4_PWA_BatteryAnalytics_v3_4_2/host/storage/nvs_runtime_probe/build/gs_nvs_runtime_probe.elf 9 50 20 fault 678 freeze ENV={} EXIT=0
DIAG_OPERATION mode=inplace calls=47 units=1049 latch=1
NVS_RUNTIME_FAULT cut=678 write=ESP_ERR_FLASH_OP_FAIL old=49 new=127 recovered=49
COMMAND=/home/udaybhan/projects/Ghar_sajag_r1_storage/code/ParivarSathi_v1.5.4_PWA_BatteryAnalytics_v3_4_2/host/storage/nvs_runtime_probe/build/gs_nvs_runtime_probe.elf 9 50 20 fault 679 freeze ENV={} EXIT=0
DIAG_OPERATION mode=inplace calls=47 units=1049 latch=1
NVS_RUNTIME_FAULT cut=679 write=ESP_ERR_FLASH_OP_FAIL old=49 new=127 recovered=49
COMMAND=/home/udaybhan/projects/Ghar_sajag_r1_storage/code/ParivarSathi_v1.5.4_PWA_BatteryAnalytics_v3_4_2/host/storage/nvs_runtime_probe/build/gs_nvs_runtime_probe.elf 9 50 20 fault 680 freeze ENV={} EXIT=0
DIAG_OPERATION mode=inplace calls=47 units=1049 latch=1
NVS_RUNTIME_FAULT cut=680 write=ESP_ERR_FLASH_OP_FAIL old=49 new=127 recovered=49
COMMAND=/home/udaybhan/projects/Ghar_sajag_r1_storage/code/ParivarSathi_v1.5.4_PWA_BatteryAnalytics_v3_4_2/host/storage/nvs_runtime_probe/build/gs_nvs_runtime_probe.elf 9 50 20 fault 681 freeze ENV={} EXIT=0
DIAG_OPERATION mode=inplace calls=47 units=1049 latch=1
NVS_RUNTIME_FAULT cut=681 write=ESP_ERR_FLASH_OP_FAIL old=49 new=127 recovered=49
COMMAND=/home/udaybhan/projects/Ghar_sajag_r1_storage/code/ParivarSathi_v1.5.4_PWA_BatteryAnalytics_v3_4_2/host/storage/nvs_runtime_probe/build/gs_nvs_runtime_probe.elf 9 50 20 fault 682 freeze ENV={} EXIT=0
DIAG_OPERATION mode=inplace calls=47 units=1049 latch=1
NVS_RUNTIME_FAULT cut=682 write=ESP_ERR_FLASH_OP_FAIL old=49 new=127 recovered=49
COMMAND=/home/udaybhan/projects/Ghar_sajag_r1_storage/code/ParivarSathi_v1.5.4_PWA_BatteryAnalytics_v3_4_2/host/storage/nvs_runtime_probe/build/gs_nvs_runtime_probe.elf 9 50 20 fault 683 freeze ENV={} EXIT=0
DIAG_OPERATION mode=inplace calls=47 units=1049 latch=1
NVS_RUNTIME_FAULT cut=683 write=ESP_ERR_FLASH_OP_FAIL old=49 new=127 recovered=49
COMMAND=/home/udaybhan/projects/Ghar_sajag_r1_storage/code/ParivarSathi_v1.5.4_PWA_BatteryAnalytics_v3_4_2/host/storage/nvs_runtime_probe/build/gs_nvs_runtime_probe.elf 9 50 20 fault 684 freeze ENV={} EXIT=0
DIAG_OPERATION mode=inplace calls=47 units=1049 latch=1
NVS_RUNTIME_FAULT cut=684 write=ESP_ERR_FLASH_OP_FAIL old=49 new=127 recovered=49
COMMAND=/home/udaybhan/projects/Ghar_sajag_r1_storage/code/ParivarSathi_v1.5.4_PWA_BatteryAnalytics_v3_4_2/host/storage/nvs_runtime_probe/build/gs_nvs_runtime_probe.elf 9 50 20 fault 685 freeze ENV={} EXIT=0
DIAG_OPERATION mode=inplace calls=47 units=1049 latch=1
NVS_RUNTIME_FAULT cut=685 write=ESP_ERR_FLASH_OP_FAIL old=49 new=127 recovered=49
COMMAND=/home/udaybhan/projects/Ghar_sajag_r1_storage/code/ParivarSathi_v1.5.4_PWA_BatteryAnalytics_v3_4_2/host/storage/nvs_runtime_probe/build/gs_nvs_runtime_probe.elf 9 50 20 fault 686 freeze ENV={} EXIT=0
DIAG_OPERATION mode=inplace calls=47 units=1049 latch=1
NVS_RUNTIME_FAULT cut=686 write=ESP_ERR_FLASH_OP_FAIL old=49 new=127 recovered=49
COMMAND=/home/udaybhan/projects/Ghar_sajag_r1_storage/code/ParivarSathi_v1.5.4_PWA_BatteryAnalytics_v3_4_2/host/storage/nvs_runtime_probe/build/gs_nvs_runtime_probe.elf 9 50 20 fault 687 freeze ENV={} EXIT=0
DIAG_OPERATION mode=inplace calls=47 units=1049 latch=1
NVS_RUNTIME_FAULT cut=687 write=ESP_ERR_FLASH_OP_FAIL old=49 new=127 recovered=49
COMMAND=/home/udaybhan/projects/Ghar_sajag_r1_storage/code/ParivarSathi_v1.5.4_PWA_BatteryAnalytics_v3_4_2/host/storage/nvs_runtime_probe/build/gs_nvs_runtime_probe.elf 9 50 20 fault 688 freeze ENV={} EXIT=0
DIAG_OPERATION mode=inplace calls=47 units=1049 latch=1
NVS_RUNTIME_FAULT cut=688 write=ESP_ERR_FLASH_OP_FAIL old=49 new=127 recovered=49
COMMAND=/home/udaybhan/projects/Ghar_sajag_r1_storage/code/ParivarSathi_v1.5.4_PWA_BatteryAnalytics_v3_4_2/host/storage/nvs_runtime_probe/build/gs_nvs_runtime_probe.elf 9 50 20 fault 689 freeze ENV={} EXIT=0
DIAG_OPERATION mode=inplace calls=47 units=1049 latch=1
NVS_RUNTIME_FAULT cut=689 write=ESP_ERR_FLASH_OP_FAIL old=49 new=127 recovered=49
COMMAND=/home/udaybhan/projects/Ghar_sajag_r1_storage/code/ParivarSathi_v1.5.4_PWA_BatteryAnalytics_v3_4_2/host/storage/nvs_runtime_probe/build/gs_nvs_runtime_probe.elf 9 50 20 fault 690 freeze ENV={} EXIT=0
DIAG_OPERATION mode=inplace calls=47 units=1049 latch=1
NVS_RUNTIME_FAULT cut=690 write=ESP_ERR_FLASH_OP_FAIL old=49 new=127 recovered=49
COMMAND=/home/udaybhan/projects/Ghar_sajag_r1_storage/code/ParivarSathi_v1.5.4_PWA_BatteryAnalytics_v3_4_2/host/storage/nvs_runtime_probe/build/gs_nvs_runtime_probe.elf 9 50 20 fault 691 freeze ENV={} EXIT=0
DIAG_OPERATION mode=inplace calls=47 units=1049 latch=1
NVS_RUNTIME_FAULT cut=691 write=ESP_ERR_FLASH_OP_FAIL old=49 new=127 recovered=49
COMMAND=/home/udaybhan/projects/Ghar_sajag_r1_storage/code/ParivarSathi_v1.5.4_PWA_BatteryAnalytics_v3_4_2/host/storage/nvs_runtime_probe/build/gs_nvs_runtime_probe.elf 9 50 20 fault 692 freeze ENV={} EXIT=0
DIAG_OPERATION mode=inplace calls=47 units=1049 latch=1
NVS_RUNTIME_FAULT cut=692 write=ESP_ERR_FLASH_OP_FAIL old=49 new=127 recovered=49
COMMAND=/home/udaybhan/projects/Ghar_sajag_r1_storage/code/ParivarSathi_v1.5.4_PWA_BatteryAnalytics_v3_4_2/host/storage/nvs_runtime_probe/build/gs_nvs_runtime_probe.elf 9 50 20 fault 693 freeze ENV={} EXIT=0
DIAG_OPERATION mode=inplace calls=47 units=1049 latch=1
NVS_RUNTIME_FAULT cut=693 write=ESP_ERR_FLASH_OP_FAIL old=49 new=127 recovered=49
COMMAND=/home/udaybhan/projects/Ghar_sajag_r1_storage/code/ParivarSathi_v1.5.4_PWA_BatteryAnalytics_v3_4_2/host/storage/nvs_runtime_probe/build/gs_nvs_runtime_probe.elf 9 50 20 fault 694 freeze ENV={} EXIT=0
DIAG_OPERATION mode=inplace calls=47 units=1049 latch=1
NVS_RUNTIME_FAULT cut=694 write=ESP_ERR_FLASH_OP_FAIL old=49 new=127 recovered=49
COMMAND=/home/udaybhan/projects/Ghar_sajag_r1_storage/code/ParivarSathi_v1.5.4_PWA_BatteryAnalytics_v3_4_2/host/storage/nvs_runtime_probe/build/gs_nvs_runtime_probe.elf 9 50 20 fault 695 freeze ENV={} EXIT=0
DIAG_OPERATION mode=inplace calls=47 units=1049 latch=1
NVS_RUNTIME_FAULT cut=695 write=ESP_ERR_FLASH_OP_FAIL old=49 new=127 recovered=49
COMMAND=/home/udaybhan/projects/Ghar_sajag_r1_storage/code/ParivarSathi_v1.5.4_PWA_BatteryAnalytics_v3_4_2/host/storage/nvs_runtime_probe/build/gs_nvs_runtime_probe.elf 9 50 20 fault 696 freeze ENV={} EXIT=0
DIAG_OPERATION mode=inplace calls=47 units=1049 latch=1
NVS_RUNTIME_FAULT cut=696 write=ESP_ERR_FLASH_OP_FAIL old=49 new=127 recovered=49
COMMAND=/home/udaybhan/projects/Ghar_sajag_r1_storage/code/ParivarSathi_v1.5.4_PWA_BatteryAnalytics_v3_4_2/host/storage/nvs_runtime_probe/build/gs_nvs_runtime_probe.elf 9 50 20 fault 697 freeze ENV={} EXIT=0
DIAG_OPERATION mode=inplace calls=47 units=1049 latch=1
NVS_RUNTIME_FAULT cut=697 write=ESP_ERR_FLASH_OP_FAIL old=49 new=127 recovered=49
COMMAND=/home/udaybhan/projects/Ghar_sajag_r1_storage/code/ParivarSathi_v1.5.4_PWA_BatteryAnalytics_v3_4_2/host/storage/nvs_runtime_probe/build/gs_nvs_runtime_probe.elf 9 50 20 fault 698 freeze ENV={} EXIT=0
DIAG_OPERATION mode=inplace calls=47 units=1049 latch=1
NVS_RUNTIME_FAULT cut=698 write=ESP_ERR_FLASH_OP_FAIL old=49 new=127 recovered=49
COMMAND=/home/udaybhan/projects/Ghar_sajag_r1_storage/code/ParivarSathi_v1.5.4_PWA_BatteryAnalytics_v3_4_2/host/storage/nvs_runtime_probe/build/gs_nvs_runtime_probe.elf 9 50 20 fault 699 freeze ENV={} EXIT=0
DIAG_OPERATION mode=inplace calls=47 units=1049 latch=1
NVS_RUNTIME_FAULT cut=699 write=ESP_ERR_FLASH_OP_FAIL old=49 new=127 recovered=49
COMMAND=/home/udaybhan/projects/Ghar_sajag_r1_storage/code/ParivarSathi_v1.5.4_PWA_BatteryAnalytics_v3_4_2/host/storage/nvs_runtime_probe/build/gs_nvs_runtime_probe.elf 9 50 20 fault 700 freeze ENV={} EXIT=0
DIAG_OPERATION mode=inplace calls=47 units=1049 latch=1
NVS_RUNTIME_FAULT cut=700 write=ESP_ERR_FLASH_OP_FAIL old=49 new=127 recovered=49
COMMAND=/home/udaybhan/projects/Ghar_sajag_r1_storage/code/ParivarSathi_v1.5.4_PWA_BatteryAnalytics_v3_4_2/host/storage/nvs_runtime_probe/build/gs_nvs_runtime_probe.elf 9 50 20 fault 701 freeze ENV={} EXIT=0
DIAG_OPERATION mode=inplace calls=47 units=1049 latch=1
NVS_RUNTIME_FAULT cut=701 write=ESP_ERR_FLASH_OP_FAIL old=49 new=127 recovered=49
COMMAND=/home/udaybhan/projects/Ghar_sajag_r1_storage/code/ParivarSathi_v1.5.4_PWA_BatteryAnalytics_v3_4_2/host/storage/nvs_runtime_probe/build/gs_nvs_runtime_probe.elf 9 50 20 fault 702 freeze ENV={} EXIT=0
DIAG_OPERATION mode=inplace calls=47 units=1049 latch=1
NVS_RUNTIME_FAULT cut=702 write=ESP_ERR_FLASH_OP_FAIL old=49 new=127 recovered=49
COMMAND=/home/udaybhan/projects/Ghar_sajag_r1_storage/code/ParivarSathi_v1.5.4_PWA_BatteryAnalytics_v3_4_2/host/storage/nvs_runtime_probe/build/gs_nvs_runtime_probe.elf 9 50 20 fault 703 freeze ENV={} EXIT=0
DIAG_OPERATION mode=inplace calls=47 units=1049 latch=1
NVS_RUNTIME_FAULT cut=703 write=ESP_ERR_FLASH_OP_FAIL old=49 new=127 recovered=49
COMMAND=/home/udaybhan/projects/Ghar_sajag_r1_storage/code/ParivarSathi_v1.5.4_PWA_BatteryAnalytics_v3_4_2/host/storage/nvs_runtime_probe/build/gs_nvs_runtime_probe.elf 9 50 20 fault 704 freeze ENV={} EXIT=0
DIAG_OPERATION mode=inplace calls=47 units=1049 latch=1
NVS_RUNTIME_FAULT cut=704 write=ESP_ERR_FLASH_OP_FAIL old=49 new=127 recovered=49
COMMAND=/home/udaybhan/projects/Ghar_sajag_r1_storage/code/ParivarSathi_v1.5.4_PWA_BatteryAnalytics_v3_4_2/host/storage/nvs_runtime_probe/build/gs_nvs_runtime_probe.elf 9 50 20 fault 705 freeze ENV={} EXIT=0
DIAG_OPERATION mode=inplace calls=47 units=1049 latch=1
NVS_RUNTIME_FAULT cut=705 write=ESP_ERR_FLASH_OP_FAIL old=49 new=127 recovered=49
COMMAND=/home/udaybhan/projects/Ghar_sajag_r1_storage/code/ParivarSathi_v1.5.4_PWA_BatteryAnalytics_v3_4_2/host/storage/nvs_runtime_probe/build/gs_nvs_runtime_probe.elf 9 50 20 fault 706 freeze ENV={} EXIT=0
DIAG_OPERATION mode=inplace calls=47 units=1049 latch=1
NVS_RUNTIME_FAULT cut=706 write=ESP_ERR_FLASH_OP_FAIL old=49 new=127 recovered=49
COMMAND=/home/udaybhan/projects/Ghar_sajag_r1_storage/code/ParivarSathi_v1.5.4_PWA_BatteryAnalytics_v3_4_2/host/storage/nvs_runtime_probe/build/gs_nvs_runtime_probe.elf 9 50 20 fault 707 freeze ENV={} EXIT=0
DIAG_OPERATION mode=inplace calls=47 units=1049 latch=1
NVS_RUNTIME_FAULT cut=707 write=ESP_ERR_FLASH_OP_FAIL old=49 new=127 recovered=49
COMMAND=/home/udaybhan/projects/Ghar_sajag_r1_storage/code/ParivarSathi_v1.5.4_PWA_BatteryAnalytics_v3_4_2/host/storage/nvs_runtime_probe/build/gs_nvs_runtime_probe.elf 9 50 20 fault 708 freeze ENV={} EXIT=0
DIAG_OPERATION mode=inplace calls=47 units=1049 latch=1
NVS_RUNTIME_FAULT cut=708 write=ESP_ERR_FLASH_OP_FAIL old=49 new=127 recovered=49
COMMAND=/home/udaybhan/projects/Ghar_sajag_r1_storage/code/ParivarSathi_v1.5.4_PWA_BatteryAnalytics_v3_4_2/host/storage/nvs_runtime_probe/build/gs_nvs_runtime_probe.elf 9 50 20 fault 709 freeze ENV={} EXIT=0
DIAG_OPERATION mode=inplace calls=47 units=1049 latch=1
NVS_RUNTIME_FAULT cut=709 write=ESP_ERR_FLASH_OP_FAIL old=49 new=127 recovered=49
COMMAND=/home/udaybhan/projects/Ghar_sajag_r1_storage/code/ParivarSathi_v1.5.4_PWA_BatteryAnalytics_v3_4_2/host/storage/nvs_runtime_probe/build/gs_nvs_runtime_probe.elf 9 50 20 fault 710 freeze ENV={} EXIT=0
DIAG_OPERATION mode=inplace calls=47 units=1049 latch=1
NVS_RUNTIME_FAULT cut=710 write=ESP_ERR_FLASH_OP_FAIL old=49 new=127 recovered=49
COMMAND=/home/udaybhan/projects/Ghar_sajag_r1_storage/code/ParivarSathi_v1.5.4_PWA_BatteryAnalytics_v3_4_2/host/storage/nvs_runtime_probe/build/gs_nvs_runtime_probe.elf 9 50 20 fault 711 freeze ENV={} EXIT=0
DIAG_OPERATION mode=inplace calls=47 units=1049 latch=1
NVS_RUNTIME_FAULT cut=711 write=ESP_ERR_FLASH_OP_FAIL old=49 new=127 recovered=49
COMMAND=/home/udaybhan/projects/Ghar_sajag_r1_storage/code/ParivarSathi_v1.5.4_PWA_BatteryAnalytics_v3_4_2/host/storage/nvs_runtime_probe/build/gs_nvs_runtime_probe.elf 9 50 20 fault 712 freeze ENV={} EXIT=0
DIAG_OPERATION mode=inplace calls=47 units=1049 latch=1
NVS_RUNTIME_FAULT cut=712 write=ESP_ERR_FLASH_OP_FAIL old=49 new=127 recovered=49
COMMAND=/home/udaybhan/projects/Ghar_sajag_r1_storage/code/ParivarSathi_v1.5.4_PWA_BatteryAnalytics_v3_4_2/host/storage/nvs_runtime_probe/build/gs_nvs_runtime_probe.elf 9 50 20 fault 713 freeze ENV={} EXIT=0
DIAG_OPERATION mode=inplace calls=47 units=1049 latch=1
NVS_RUNTIME_FAULT cut=713 write=ESP_ERR_FLASH_OP_FAIL old=49 new=127 recovered=49
COMMAND=/home/udaybhan/projects/Ghar_sajag_r1_storage/code/ParivarSathi_v1.5.4_PWA_BatteryAnalytics_v3_4_2/host/storage/nvs_runtime_probe/build/gs_nvs_runtime_probe.elf 9 50 20 fault 714 freeze ENV={} EXIT=0
DIAG_OPERATION mode=inplace calls=47 units=1049 latch=1
NVS_RUNTIME_FAULT cut=714 write=ESP_ERR_FLASH_OP_FAIL old=49 new=127 recovered=49
COMMAND=/home/udaybhan/projects/Ghar_sajag_r1_storage/code/ParivarSathi_v1.5.4_PWA_BatteryAnalytics_v3_4_2/host/storage/nvs_runtime_probe/build/gs_nvs_runtime_probe.elf 9 50 20 fault 715 freeze ENV={} EXIT=0
DIAG_OPERATION mode=inplace calls=47 units=1049 latch=1
NVS_RUNTIME_FAULT cut=715 write=ESP_ERR_FLASH_OP_FAIL old=49 new=127 recovered=49
COMMAND=/home/udaybhan/projects/Ghar_sajag_r1_storage/code/ParivarSathi_v1.5.4_PWA_BatteryAnalytics_v3_4_2/host/storage/nvs_runtime_probe/build/gs_nvs_runtime_probe.elf 9 50 20 fault 716 freeze ENV={} EXIT=0
DIAG_OPERATION mode=inplace calls=47 units=1049 latch=1
NVS_RUNTIME_FAULT cut=716 write=ESP_ERR_FLASH_OP_FAIL old=49 new=127 recovered=49
COMMAND=/home/udaybhan/projects/Ghar_sajag_r1_storage/code/ParivarSathi_v1.5.4_PWA_BatteryAnalytics_v3_4_2/host/storage/nvs_runtime_probe/build/gs_nvs_runtime_probe.elf 9 50 20 fault 717 freeze ENV={} EXIT=0
DIAG_OPERATION mode=inplace calls=47 units=1049 latch=1
NVS_RUNTIME_FAULT cut=717 write=ESP_ERR_FLASH_OP_FAIL old=49 new=127 recovered=49
COMMAND=/home/udaybhan/projects/Ghar_sajag_r1_storage/code/ParivarSathi_v1.5.4_PWA_BatteryAnalytics_v3_4_2/host/storage/nvs_runtime_probe/build/gs_nvs_runtime_probe.elf 9 50 20 fault 718 freeze ENV={} EXIT=0
DIAG_OPERATION mode=inplace calls=47 units=1049 latch=1
NVS_RUNTIME_FAULT cut=718 write=ESP_ERR_FLASH_OP_FAIL old=49 new=127 recovered=49
COMMAND=/home/udaybhan/projects/Ghar_sajag_r1_storage/code/ParivarSathi_v1.5.4_PWA_BatteryAnalytics_v3_4_2/host/storage/nvs_runtime_probe/build/gs_nvs_runtime_probe.elf 9 50 20 fault 719 freeze ENV={} EXIT=0
DIAG_OPERATION mode=inplace calls=47 units=1049 latch=1
NVS_RUNTIME_FAULT cut=719 write=ESP_ERR_FLASH_OP_FAIL old=49 new=127 recovered=49
COMMAND=/home/udaybhan/projects/Ghar_sajag_r1_storage/code/ParivarSathi_v1.5.4_PWA_BatteryAnalytics_v3_4_2/host/storage/nvs_runtime_probe/build/gs_nvs_runtime_probe.elf 9 50 20 fault 720 freeze ENV={} EXIT=0
DIAG_OPERATION mode=inplace calls=47 units=1049 latch=1
NVS_RUNTIME_FAULT cut=720 write=ESP_ERR_FLASH_OP_FAIL old=49 new=127 recovered=49
COMMAND=/home/udaybhan/projects/Ghar_sajag_r1_storage/code/ParivarSathi_v1.5.4_PWA_BatteryAnalytics_v3_4_2/host/storage/nvs_runtime_probe/build/gs_nvs_runtime_probe.elf 9 50 20 fault 721 freeze ENV={} EXIT=0
DIAG_OPERATION mode=inplace calls=47 units=1049 latch=1
NVS_RUNTIME_FAULT cut=721 write=ESP_ERR_FLASH_OP_FAIL old=49 new=127 recovered=49
COMMAND=/home/udaybhan/projects/Ghar_sajag_r1_storage/code/ParivarSathi_v1.5.4_PWA_BatteryAnalytics_v3_4_2/host/storage/nvs_runtime_probe/build/gs_nvs_runtime_probe.elf 9 50 20 fault 722 freeze ENV={} EXIT=0
DIAG_OPERATION mode=inplace calls=47 units=1049 latch=1
NVS_RUNTIME_FAULT cut=722 write=ESP_ERR_FLASH_OP_FAIL old=49 new=127 recovered=49
COMMAND=/home/udaybhan/projects/Ghar_sajag_r1_storage/code/ParivarSathi_v1.5.4_PWA_BatteryAnalytics_v3_4_2/host/storage/nvs_runtime_probe/build/gs_nvs_runtime_probe.elf 9 50 20 fault 723 freeze ENV={} EXIT=0
DIAG_OPERATION mode=inplace calls=47 units=1049 latch=1
NVS_RUNTIME_FAULT cut=723 write=ESP_ERR_FLASH_OP_FAIL old=49 new=127 recovered=49
COMMAND=/home/udaybhan/projects/Ghar_sajag_r1_storage/code/ParivarSathi_v1.5.4_PWA_BatteryAnalytics_v3_4_2/host/storage/nvs_runtime_probe/build/gs_nvs_runtime_probe.elf 9 50 20 fault 724 freeze ENV={} EXIT=0
DIAG_OPERATION mode=inplace calls=47 units=1049 latch=1
NVS_RUNTIME_FAULT cut=724 write=ESP_ERR_FLASH_OP_FAIL old=49 new=127 recovered=49
COMMAND=/home/udaybhan/projects/Ghar_sajag_r1_storage/code/ParivarSathi_v1.5.4_PWA_BatteryAnalytics_v3_4_2/host/storage/nvs_runtime_probe/build/gs_nvs_runtime_probe.elf 9 50 20 fault 725 freeze ENV={} EXIT=0
DIAG_OPERATION mode=inplace calls=47 units=1049 latch=1
NVS_RUNTIME_FAULT cut=725 write=ESP_ERR_FLASH_OP_FAIL old=49 new=127 recovered=49
COMMAND=/home/udaybhan/projects/Ghar_sajag_r1_storage/code/ParivarSathi_v1.5.4_PWA_BatteryAnalytics_v3_4_2/host/storage/nvs_runtime_probe/build/gs_nvs_runtime_probe.elf 9 50 20 fault 726 freeze ENV={} EXIT=0
DIAG_OPERATION mode=inplace calls=47 units=1049 latch=1
NVS_RUNTIME_FAULT cut=726 write=ESP_ERR_FLASH_OP_FAIL old=49 new=127 recovered=49
COMMAND=/home/udaybhan/projects/Ghar_sajag_r1_storage/code/ParivarSathi_v1.5.4_PWA_BatteryAnalytics_v3_4_2/host/storage/nvs_runtime_probe/build/gs_nvs_runtime_probe.elf 9 50 20 fault 727 freeze ENV={} EXIT=0
DIAG_OPERATION mode=inplace calls=47 units=1049 latch=1
NVS_RUNTIME_FAULT cut=727 write=ESP_ERR_FLASH_OP_FAIL old=49 new=127 recovered=49
COMMAND=/home/udaybhan/projects/Ghar_sajag_r1_storage/code/ParivarSathi_v1.5.4_PWA_BatteryAnalytics_v3_4_2/host/storage/nvs_runtime_probe/build/gs_nvs_runtime_probe.elf 9 50 20 fault 728 freeze ENV={} EXIT=0
DIAG_OPERATION mode=inplace calls=47 units=1049 latch=1
NVS_RUNTIME_FAULT cut=728 write=ESP_ERR_FLASH_OP_FAIL old=49 new=127 recovered=49
COMMAND=/home/udaybhan/projects/Ghar_sajag_r1_storage/code/ParivarSathi_v1.5.4_PWA_BatteryAnalytics_v3_4_2/host/storage/nvs_runtime_probe/build/gs_nvs_runtime_probe.elf 9 50 20 fault 729 freeze ENV={} EXIT=0
DIAG_OPERATION mode=inplace calls=47 units=1049 latch=1
NVS_RUNTIME_FAULT cut=729 write=ESP_ERR_FLASH_OP_FAIL old=49 new=127 recovered=49
COMMAND=/home/udaybhan/projects/Ghar_sajag_r1_storage/code/ParivarSathi_v1.5.4_PWA_BatteryAnalytics_v3_4_2/host/storage/nvs_runtime_probe/build/gs_nvs_runtime_probe.elf 9 50 20 fault 730 freeze ENV={} EXIT=0
DIAG_OPERATION mode=inplace calls=47 units=1049 latch=1
NVS_RUNTIME_FAULT cut=730 write=ESP_ERR_FLASH_OP_FAIL old=49 new=127 recovered=49
COMMAND=/home/udaybhan/projects/Ghar_sajag_r1_storage/code/ParivarSathi_v1.5.4_PWA_BatteryAnalytics_v3_4_2/host/storage/nvs_runtime_probe/build/gs_nvs_runtime_probe.elf 9 50 20 fault 731 freeze ENV={} EXIT=0
DIAG_OPERATION mode=inplace calls=47 units=1049 latch=1
NVS_RUNTIME_FAULT cut=731 write=ESP_ERR_FLASH_OP_FAIL old=49 new=127 recovered=49
COMMAND=/home/udaybhan/projects/Ghar_sajag_r1_storage/code/ParivarSathi_v1.5.4_PWA_BatteryAnalytics_v3_4_2/host/storage/nvs_runtime_probe/build/gs_nvs_runtime_probe.elf 9 50 20 fault 732 freeze ENV={} EXIT=0
DIAG_OPERATION mode=inplace calls=47 units=1049 latch=1
NVS_RUNTIME_FAULT cut=732 write=ESP_ERR_FLASH_OP_FAIL old=49 new=127 recovered=49
COMMAND=/home/udaybhan/projects/Ghar_sajag_r1_storage/code/ParivarSathi_v1.5.4_PWA_BatteryAnalytics_v3_4_2/host/storage/nvs_runtime_probe/build/gs_nvs_runtime_probe.elf 9 50 20 fault 733 freeze ENV={} EXIT=0
DIAG_OPERATION mode=inplace calls=47 units=1049 latch=1
NVS_RUNTIME_FAULT cut=733 write=ESP_ERR_FLASH_OP_FAIL old=49 new=127 recovered=49
COMMAND=/home/udaybhan/projects/Ghar_sajag_r1_storage/code/ParivarSathi_v1.5.4_PWA_BatteryAnalytics_v3_4_2/host/storage/nvs_runtime_probe/build/gs_nvs_runtime_probe.elf 9 50 20 fault 734 freeze ENV={} EXIT=0
DIAG_OPERATION mode=inplace calls=47 units=1049 latch=1
NVS_RUNTIME_FAULT cut=734 write=ESP_ERR_FLASH_OP_FAIL old=49 new=127 recovered=49
COMMAND=/home/udaybhan/projects/Ghar_sajag_r1_storage/code/ParivarSathi_v1.5.4_PWA_BatteryAnalytics_v3_4_2/host/storage/nvs_runtime_probe/build/gs_nvs_runtime_probe.elf 9 50 20 fault 735 freeze ENV={} EXIT=0
DIAG_OPERATION mode=inplace calls=47 units=1049 latch=1
NVS_RUNTIME_FAULT cut=735 write=ESP_ERR_FLASH_OP_FAIL old=49 new=127 recovered=49
COMMAND=/home/udaybhan/projects/Ghar_sajag_r1_storage/code/ParivarSathi_v1.5.4_PWA_BatteryAnalytics_v3_4_2/host/storage/nvs_runtime_probe/build/gs_nvs_runtime_probe.elf 9 50 20 fault 736 freeze ENV={} EXIT=0
DIAG_OPERATION mode=inplace calls=47 units=1049 latch=1
NVS_RUNTIME_FAULT cut=736 write=ESP_ERR_FLASH_OP_FAIL old=49 new=127 recovered=49
COMMAND=/home/udaybhan/projects/Ghar_sajag_r1_storage/code/ParivarSathi_v1.5.4_PWA_BatteryAnalytics_v3_4_2/host/storage/nvs_runtime_probe/build/gs_nvs_runtime_probe.elf 9 50 20 fault 737 freeze ENV={} EXIT=0
DIAG_OPERATION mode=inplace calls=47 units=1049 latch=1
NVS_RUNTIME_FAULT cut=737 write=ESP_ERR_FLASH_OP_FAIL old=49 new=127 recovered=49
COMMAND=/home/udaybhan/projects/Ghar_sajag_r1_storage/code/ParivarSathi_v1.5.4_PWA_BatteryAnalytics_v3_4_2/host/storage/nvs_runtime_probe/build/gs_nvs_runtime_probe.elf 9 50 20 fault 738 freeze ENV={} EXIT=0
DIAG_OPERATION mode=inplace calls=47 units=1049 latch=1
NVS_RUNTIME_FAULT cut=738 write=ESP_ERR_FLASH_OP_FAIL old=49 new=127 recovered=49
COMMAND=/home/udaybhan/projects/Ghar_sajag_r1_storage/code/ParivarSathi_v1.5.4_PWA_BatteryAnalytics_v3_4_2/host/storage/nvs_runtime_probe/build/gs_nvs_runtime_probe.elf 9 50 20 fault 739 freeze ENV={} EXIT=0
DIAG_OPERATION mode=inplace calls=47 units=1049 latch=1
NVS_RUNTIME_FAULT cut=739 write=ESP_ERR_FLASH_OP_FAIL old=49 new=127 recovered=49
COMMAND=/home/udaybhan/projects/Ghar_sajag_r1_storage/code/ParivarSathi_v1.5.4_PWA_BatteryAnalytics_v3_4_2/host/storage/nvs_runtime_probe/build/gs_nvs_runtime_probe.elf 9 50 20 fault 740 freeze ENV={} EXIT=0
DIAG_OPERATION mode=inplace calls=47 units=1049 latch=1
NVS_RUNTIME_FAULT cut=740 write=ESP_ERR_FLASH_OP_FAIL old=49 new=127 recovered=49
COMMAND=/home/udaybhan/projects/Ghar_sajag_r1_storage/code/ParivarSathi_v1.5.4_PWA_BatteryAnalytics_v3_4_2/host/storage/nvs_runtime_probe/build/gs_nvs_runtime_probe.elf 9 50 20 fault 741 freeze ENV={} EXIT=0
DIAG_OPERATION mode=inplace calls=47 units=1049 latch=1
NVS_RUNTIME_FAULT cut=741 write=ESP_ERR_FLASH_OP_FAIL old=49 new=127 recovered=49
COMMAND=/home/udaybhan/projects/Ghar_sajag_r1_storage/code/ParivarSathi_v1.5.4_PWA_BatteryAnalytics_v3_4_2/host/storage/nvs_runtime_probe/build/gs_nvs_runtime_probe.elf 9 50 20 fault 742 freeze ENV={} EXIT=0
DIAG_OPERATION mode=inplace calls=47 units=1049 latch=1
NVS_RUNTIME_FAULT cut=742 write=ESP_ERR_FLASH_OP_FAIL old=49 new=127 recovered=49
COMMAND=/home/udaybhan/projects/Ghar_sajag_r1_storage/code/ParivarSathi_v1.5.4_PWA_BatteryAnalytics_v3_4_2/host/storage/nvs_runtime_probe/build/gs_nvs_runtime_probe.elf 9 50 20 fault 743 freeze ENV={} EXIT=0
DIAG_OPERATION mode=inplace calls=47 units=1049 latch=1
NVS_RUNTIME_FAULT cut=743 write=ESP_ERR_FLASH_OP_FAIL old=49 new=127 recovered=49
COMMAND=/home/udaybhan/projects/Ghar_sajag_r1_storage/code/ParivarSathi_v1.5.4_PWA_BatteryAnalytics_v3_4_2/host/storage/nvs_runtime_probe/build/gs_nvs_runtime_probe.elf 9 50 20 fault 744 freeze ENV={} EXIT=0
DIAG_OPERATION mode=inplace calls=47 units=1049 latch=1
NVS_RUNTIME_FAULT cut=744 write=ESP_ERR_FLASH_OP_FAIL old=49 new=127 recovered=49
COMMAND=/home/udaybhan/projects/Ghar_sajag_r1_storage/code/ParivarSathi_v1.5.4_PWA_BatteryAnalytics_v3_4_2/host/storage/nvs_runtime_probe/build/gs_nvs_runtime_probe.elf 9 50 20 fault 745 freeze ENV={} EXIT=0
DIAG_OPERATION mode=inplace calls=47 units=1049 latch=1
NVS_RUNTIME_FAULT cut=745 write=ESP_ERR_FLASH_OP_FAIL old=49 new=127 recovered=49
COMMAND=/home/udaybhan/projects/Ghar_sajag_r1_storage/code/ParivarSathi_v1.5.4_PWA_BatteryAnalytics_v3_4_2/host/storage/nvs_runtime_probe/build/gs_nvs_runtime_probe.elf 9 50 20 fault 746 freeze ENV={} EXIT=0
DIAG_OPERATION mode=inplace calls=47 units=1049 latch=1
NVS_RUNTIME_FAULT cut=746 write=ESP_ERR_FLASH_OP_FAIL old=49 new=127 recovered=49
COMMAND=/home/udaybhan/projects/Ghar_sajag_r1_storage/code/ParivarSathi_v1.5.4_PWA_BatteryAnalytics_v3_4_2/host/storage/nvs_runtime_probe/build/gs_nvs_runtime_probe.elf 9 50 20 fault 747 freeze ENV={} EXIT=0
DIAG_OPERATION mode=inplace calls=47 units=1049 latch=1
NVS_RUNTIME_FAULT cut=747 write=ESP_ERR_FLASH_OP_FAIL old=49 new=127 recovered=49
COMMAND=/home/udaybhan/projects/Ghar_sajag_r1_storage/code/ParivarSathi_v1.5.4_PWA_BatteryAnalytics_v3_4_2/host/storage/nvs_runtime_probe/build/gs_nvs_runtime_probe.elf 9 50 20 fault 748 freeze ENV={} EXIT=0
DIAG_OPERATION mode=inplace calls=47 units=1049 latch=1
NVS_RUNTIME_FAULT cut=748 write=ESP_ERR_FLASH_OP_FAIL old=49 new=127 recovered=49
COMMAND=/home/udaybhan/projects/Ghar_sajag_r1_storage/code/ParivarSathi_v1.5.4_PWA_BatteryAnalytics_v3_4_2/host/storage/nvs_runtime_probe/build/gs_nvs_runtime_probe.elf 9 50 20 fault 749 freeze ENV={} EXIT=0
DIAG_OPERATION mode=inplace calls=47 units=1049 latch=1
NVS_RUNTIME_FAULT cut=749 write=ESP_ERR_FLASH_OP_FAIL old=49 new=127 recovered=49
COMMAND=/home/udaybhan/projects/Ghar_sajag_r1_storage/code/ParivarSathi_v1.5.4_PWA_BatteryAnalytics_v3_4_2/host/storage/nvs_runtime_probe/build/gs_nvs_runtime_probe.elf 9 50 20 fault 750 freeze ENV={} EXIT=0
DIAG_OPERATION mode=inplace calls=47 units=1049 latch=1
NVS_RUNTIME_FAULT cut=750 write=ESP_ERR_FLASH_OP_FAIL old=49 new=127 recovered=49
COMMAND=/home/udaybhan/projects/Ghar_sajag_r1_storage/code/ParivarSathi_v1.5.4_PWA_BatteryAnalytics_v3_4_2/host/storage/nvs_runtime_probe/build/gs_nvs_runtime_probe.elf 9 50 20 fault 751 freeze ENV={} EXIT=0
DIAG_OPERATION mode=inplace calls=47 units=1049 latch=1
NVS_RUNTIME_FAULT cut=751 write=ESP_ERR_FLASH_OP_FAIL old=49 new=127 recovered=49
COMMAND=/home/udaybhan/projects/Ghar_sajag_r1_storage/code/ParivarSathi_v1.5.4_PWA_BatteryAnalytics_v3_4_2/host/storage/nvs_runtime_probe/build/gs_nvs_runtime_probe.elf 9 50 20 fault 752 freeze ENV={} EXIT=0
DIAG_OPERATION mode=inplace calls=47 units=1049 latch=1
NVS_RUNTIME_FAULT cut=752 write=ESP_ERR_FLASH_OP_FAIL old=49 new=127 recovered=49
COMMAND=/home/udaybhan/projects/Ghar_sajag_r1_storage/code/ParivarSathi_v1.5.4_PWA_BatteryAnalytics_v3_4_2/host/storage/nvs_runtime_probe/build/gs_nvs_runtime_probe.elf 9 50 20 fault 753 freeze ENV={} EXIT=0
DIAG_OPERATION mode=inplace calls=47 units=1049 latch=1
NVS_RUNTIME_FAULT cut=753 write=ESP_ERR_FLASH_OP_FAIL old=49 new=127 recovered=49
COMMAND=/home/udaybhan/projects/Ghar_sajag_r1_storage/code/ParivarSathi_v1.5.4_PWA_BatteryAnalytics_v3_4_2/host/storage/nvs_runtime_probe/build/gs_nvs_runtime_probe.elf 9 50 20 fault 754 freeze ENV={} EXIT=0
DIAG_OPERATION mode=inplace calls=47 units=1049 latch=1
NVS_RUNTIME_FAULT cut=754 write=ESP_ERR_FLASH_OP_FAIL old=49 new=127 recovered=49
COMMAND=/home/udaybhan/projects/Ghar_sajag_r1_storage/code/ParivarSathi_v1.5.4_PWA_BatteryAnalytics_v3_4_2/host/storage/nvs_runtime_probe/build/gs_nvs_runtime_probe.elf 9 50 20 fault 755 freeze ENV={} EXIT=0
DIAG_OPERATION mode=inplace calls=47 units=1049 latch=1
NVS_RUNTIME_FAULT cut=755 write=ESP_ERR_FLASH_OP_FAIL old=49 new=127 recovered=49
COMMAND=/home/udaybhan/projects/Ghar_sajag_r1_storage/code/ParivarSathi_v1.5.4_PWA_BatteryAnalytics_v3_4_2/host/storage/nvs_runtime_probe/build/gs_nvs_runtime_probe.elf 9 50 20 fault 756 freeze ENV={} EXIT=0
DIAG_OPERATION mode=inplace calls=47 units=1049 latch=1
NVS_RUNTIME_FAULT cut=756 write=ESP_ERR_FLASH_OP_FAIL old=49 new=127 recovered=49
COMMAND=/home/udaybhan/projects/Ghar_sajag_r1_storage/code/ParivarSathi_v1.5.4_PWA_BatteryAnalytics_v3_4_2/host/storage/nvs_runtime_probe/build/gs_nvs_runtime_probe.elf 9 50 20 fault 757 freeze ENV={} EXIT=0
DIAG_OPERATION mode=inplace calls=47 units=1049 latch=1
NVS_RUNTIME_FAULT cut=757 write=ESP_ERR_FLASH_OP_FAIL old=49 new=127 recovered=49
COMMAND=/home/udaybhan/projects/Ghar_sajag_r1_storage/code/ParivarSathi_v1.5.4_PWA_BatteryAnalytics_v3_4_2/host/storage/nvs_runtime_probe/build/gs_nvs_runtime_probe.elf 9 50 20 fault 758 freeze ENV={} EXIT=0
DIAG_OPERATION mode=inplace calls=47 units=1049 latch=1
NVS_RUNTIME_FAULT cut=758 write=ESP_ERR_FLASH_OP_FAIL old=49 new=127 recovered=49
COMMAND=/home/udaybhan/projects/Ghar_sajag_r1_storage/code/ParivarSathi_v1.5.4_PWA_BatteryAnalytics_v3_4_2/host/storage/nvs_runtime_probe/build/gs_nvs_runtime_probe.elf 9 50 20 fault 759 freeze ENV={} EXIT=0
DIAG_OPERATION mode=inplace calls=47 units=1049 latch=1
NVS_RUNTIME_FAULT cut=759 write=ESP_ERR_FLASH_OP_FAIL old=49 new=127 recovered=49
COMMAND=/home/udaybhan/projects/Ghar_sajag_r1_storage/code/ParivarSathi_v1.5.4_PWA_BatteryAnalytics_v3_4_2/host/storage/nvs_runtime_probe/build/gs_nvs_runtime_probe.elf 9 50 20 fault 760 freeze ENV={} EXIT=0
DIAG_OPERATION mode=inplace calls=47 units=1049 latch=1
NVS_RUNTIME_FAULT cut=760 write=ESP_ERR_FLASH_OP_FAIL old=49 new=127 recovered=49
COMMAND=/home/udaybhan/projects/Ghar_sajag_r1_storage/code/ParivarSathi_v1.5.4_PWA_BatteryAnalytics_v3_4_2/host/storage/nvs_runtime_probe/build/gs_nvs_runtime_probe.elf 9 50 20 fault 761 freeze ENV={} EXIT=0
DIAG_OPERATION mode=inplace calls=47 units=1049 latch=1
NVS_RUNTIME_FAULT cut=761 write=ESP_ERR_FLASH_OP_FAIL old=49 new=127 recovered=49
COMMAND=/home/udaybhan/projects/Ghar_sajag_r1_storage/code/ParivarSathi_v1.5.4_PWA_BatteryAnalytics_v3_4_2/host/storage/nvs_runtime_probe/build/gs_nvs_runtime_probe.elf 9 50 20 fault 762 freeze ENV={} EXIT=0
DIAG_OPERATION mode=inplace calls=47 units=1049 latch=1
NVS_RUNTIME_FAULT cut=762 write=ESP_ERR_FLASH_OP_FAIL old=49 new=127 recovered=49
COMMAND=/home/udaybhan/projects/Ghar_sajag_r1_storage/code/ParivarSathi_v1.5.4_PWA_BatteryAnalytics_v3_4_2/host/storage/nvs_runtime_probe/build/gs_nvs_runtime_probe.elf 9 50 20 fault 763 freeze ENV={} EXIT=0
DIAG_OPERATION mode=inplace calls=47 units=1049 latch=1
NVS_RUNTIME_FAULT cut=763 write=ESP_ERR_FLASH_OP_FAIL old=49 new=127 recovered=49
COMMAND=/home/udaybhan/projects/Ghar_sajag_r1_storage/code/ParivarSathi_v1.5.4_PWA_BatteryAnalytics_v3_4_2/host/storage/nvs_runtime_probe/build/gs_nvs_runtime_probe.elf 9 50 20 fault 764 freeze ENV={} EXIT=0
DIAG_OPERATION mode=inplace calls=47 units=1049 latch=1
NVS_RUNTIME_FAULT cut=764 write=ESP_ERR_FLASH_OP_FAIL old=49 new=127 recovered=49
COMMAND=/home/udaybhan/projects/Ghar_sajag_r1_storage/code/ParivarSathi_v1.5.4_PWA_BatteryAnalytics_v3_4_2/host/storage/nvs_runtime_probe/build/gs_nvs_runtime_probe.elf 9 50 20 fault 765 freeze ENV={} EXIT=0
DIAG_OPERATION mode=inplace calls=47 units=1049 latch=1
NVS_RUNTIME_FAULT cut=765 write=ESP_ERR_FLASH_OP_FAIL old=49 new=127 recovered=49
COMMAND=/home/udaybhan/projects/Ghar_sajag_r1_storage/code/ParivarSathi_v1.5.4_PWA_BatteryAnalytics_v3_4_2/host/storage/nvs_runtime_probe/build/gs_nvs_runtime_probe.elf 9 50 20 fault 766 freeze ENV={} EXIT=0
DIAG_OPERATION mode=inplace calls=47 units=1049 latch=1
NVS_RUNTIME_FAULT cut=766 write=ESP_ERR_FLASH_OP_FAIL old=49 new=127 recovered=49
COMMAND=/home/udaybhan/projects/Ghar_sajag_r1_storage/code/ParivarSathi_v1.5.4_PWA_BatteryAnalytics_v3_4_2/host/storage/nvs_runtime_probe/build/gs_nvs_runtime_probe.elf 9 50 20 fault 767 freeze ENV={} EXIT=0
DIAG_OPERATION mode=inplace calls=47 units=1049 latch=1
NVS_RUNTIME_FAULT cut=767 write=ESP_ERR_FLASH_OP_FAIL old=49 new=127 recovered=49
COMMAND=/home/udaybhan/projects/Ghar_sajag_r1_storage/code/ParivarSathi_v1.5.4_PWA_BatteryAnalytics_v3_4_2/host/storage/nvs_runtime_probe/build/gs_nvs_runtime_probe.elf 9 50 20 fault 768 freeze ENV={} EXIT=0
DIAG_OPERATION mode=inplace calls=47 units=1049 latch=1
NVS_RUNTIME_FAULT cut=768 write=ESP_ERR_FLASH_OP_FAIL old=49 new=127 recovered=49
COMMAND=/home/udaybhan/projects/Ghar_sajag_r1_storage/code/ParivarSathi_v1.5.4_PWA_BatteryAnalytics_v3_4_2/host/storage/nvs_runtime_probe/build/gs_nvs_runtime_probe.elf 9 50 20 fault 769 freeze ENV={} EXIT=0
DIAG_OPERATION mode=inplace calls=47 units=1049 latch=1
NVS_RUNTIME_FAULT cut=769 write=ESP_ERR_FLASH_OP_FAIL old=49 new=127 recovered=49
COMMAND=/home/udaybhan/projects/Ghar_sajag_r1_storage/code/ParivarSathi_v1.5.4_PWA_BatteryAnalytics_v3_4_2/host/storage/nvs_runtime_probe/build/gs_nvs_runtime_probe.elf 9 50 20 fault 770 freeze ENV={} EXIT=0
DIAG_OPERATION mode=inplace calls=47 units=1049 latch=1
NVS_RUNTIME_FAULT cut=770 write=ESP_ERR_FLASH_OP_FAIL old=49 new=127 recovered=49
COMMAND=/home/udaybhan/projects/Ghar_sajag_r1_storage/code/ParivarSathi_v1.5.4_PWA_BatteryAnalytics_v3_4_2/host/storage/nvs_runtime_probe/build/gs_nvs_runtime_probe.elf 9 50 20 fault 771 freeze ENV={} EXIT=0
DIAG_OPERATION mode=inplace calls=47 units=1049 latch=1
NVS_RUNTIME_FAULT cut=771 write=ESP_ERR_FLASH_OP_FAIL old=49 new=127 recovered=49
COMMAND=/home/udaybhan/projects/Ghar_sajag_r1_storage/code/ParivarSathi_v1.5.4_PWA_BatteryAnalytics_v3_4_2/host/storage/nvs_runtime_probe/build/gs_nvs_runtime_probe.elf 9 50 20 fault 772 freeze ENV={} EXIT=0
DIAG_OPERATION mode=inplace calls=47 units=1049 latch=1
NVS_RUNTIME_FAULT cut=772 write=ESP_ERR_FLASH_OP_FAIL old=49 new=127 recovered=49
COMMAND=/home/udaybhan/projects/Ghar_sajag_r1_storage/code/ParivarSathi_v1.5.4_PWA_BatteryAnalytics_v3_4_2/host/storage/nvs_runtime_probe/build/gs_nvs_runtime_probe.elf 9 50 20 fault 773 freeze ENV={} EXIT=0
DIAG_OPERATION mode=inplace calls=47 units=1049 latch=1
NVS_RUNTIME_FAULT cut=773 write=ESP_ERR_FLASH_OP_FAIL old=49 new=127 recovered=49
COMMAND=/home/udaybhan/projects/Ghar_sajag_r1_storage/code/ParivarSathi_v1.5.4_PWA_BatteryAnalytics_v3_4_2/host/storage/nvs_runtime_probe/build/gs_nvs_runtime_probe.elf 9 50 20 fault 774 freeze ENV={} EXIT=0
DIAG_OPERATION mode=inplace calls=47 units=1049 latch=1
NVS_RUNTIME_FAULT cut=774 write=ESP_ERR_FLASH_OP_FAIL old=49 new=127 recovered=49
COMMAND=/home/udaybhan/projects/Ghar_sajag_r1_storage/code/ParivarSathi_v1.5.4_PWA_BatteryAnalytics_v3_4_2/host/storage/nvs_runtime_probe/build/gs_nvs_runtime_probe.elf 9 50 20 fault 775 freeze ENV={} EXIT=0
DIAG_OPERATION mode=inplace calls=47 units=1049 latch=1
NVS_RUNTIME_FAULT cut=775 write=ESP_ERR_FLASH_OP_FAIL old=49 new=127 recovered=49
COMMAND=/home/udaybhan/projects/Ghar_sajag_r1_storage/code/ParivarSathi_v1.5.4_PWA_BatteryAnalytics_v3_4_2/host/storage/nvs_runtime_probe/build/gs_nvs_runtime_probe.elf 9 50 20 fault 776 freeze ENV={} EXIT=0
DIAG_OPERATION mode=inplace calls=47 units=1049 latch=1
NVS_RUNTIME_FAULT cut=776 write=ESP_ERR_FLASH_OP_FAIL old=49 new=127 recovered=49
COMMAND=/home/udaybhan/projects/Ghar_sajag_r1_storage/code/ParivarSathi_v1.5.4_PWA_BatteryAnalytics_v3_4_2/host/storage/nvs_runtime_probe/build/gs_nvs_runtime_probe.elf 9 50 20 fault 777 freeze ENV={} EXIT=0
DIAG_OPERATION mode=inplace calls=47 units=1049 latch=1
NVS_RUNTIME_FAULT cut=777 write=ESP_ERR_FLASH_OP_FAIL old=49 new=127 recovered=49
COMMAND=/home/udaybhan/projects/Ghar_sajag_r1_storage/code/ParivarSathi_v1.5.4_PWA_BatteryAnalytics_v3_4_2/host/storage/nvs_runtime_probe/build/gs_nvs_runtime_probe.elf 9 50 20 fault 778 freeze ENV={} EXIT=0
DIAG_OPERATION mode=inplace calls=47 units=1049 latch=1
NVS_RUNTIME_FAULT cut=778 write=ESP_ERR_FLASH_OP_FAIL old=49 new=127 recovered=49
COMMAND=/home/udaybhan/projects/Ghar_sajag_r1_storage/code/ParivarSathi_v1.5.4_PWA_BatteryAnalytics_v3_4_2/host/storage/nvs_runtime_probe/build/gs_nvs_runtime_probe.elf 9 50 20 fault 779 freeze ENV={} EXIT=0
DIAG_OPERATION mode=inplace calls=47 units=1049 latch=1
NVS_RUNTIME_FAULT cut=779 write=ESP_ERR_FLASH_OP_FAIL old=49 new=127 recovered=49
COMMAND=/home/udaybhan/projects/Ghar_sajag_r1_storage/code/ParivarSathi_v1.5.4_PWA_BatteryAnalytics_v3_4_2/host/storage/nvs_runtime_probe/build/gs_nvs_runtime_probe.elf 9 50 20 fault 780 freeze ENV={} EXIT=0
DIAG_OPERATION mode=inplace calls=47 units=1049 latch=1
NVS_RUNTIME_FAULT cut=780 write=ESP_ERR_FLASH_OP_FAIL old=49 new=127 recovered=49
COMMAND=/home/udaybhan/projects/Ghar_sajag_r1_storage/code/ParivarSathi_v1.5.4_PWA_BatteryAnalytics_v3_4_2/host/storage/nvs_runtime_probe/build/gs_nvs_runtime_probe.elf 9 50 20 fault 781 freeze ENV={} EXIT=0
DIAG_OPERATION mode=inplace calls=47 units=1049 latch=1
NVS_RUNTIME_FAULT cut=781 write=ESP_ERR_FLASH_OP_FAIL old=49 new=127 recovered=49
COMMAND=/home/udaybhan/projects/Ghar_sajag_r1_storage/code/ParivarSathi_v1.5.4_PWA_BatteryAnalytics_v3_4_2/host/storage/nvs_runtime_probe/build/gs_nvs_runtime_probe.elf 9 50 20 fault 782 freeze ENV={} EXIT=0
DIAG_OPERATION mode=inplace calls=47 units=1049 latch=1
NVS_RUNTIME_FAULT cut=782 write=ESP_ERR_FLASH_OP_FAIL old=49 new=127 recovered=49
COMMAND=/home/udaybhan/projects/Ghar_sajag_r1_storage/code/ParivarSathi_v1.5.4_PWA_BatteryAnalytics_v3_4_2/host/storage/nvs_runtime_probe/build/gs_nvs_runtime_probe.elf 9 50 20 fault 783 freeze ENV={} EXIT=0
DIAG_OPERATION mode=inplace calls=47 units=1049 latch=1
NVS_RUNTIME_FAULT cut=783 write=ESP_ERR_FLASH_OP_FAIL old=49 new=127 recovered=49
COMMAND=/home/udaybhan/projects/Ghar_sajag_r1_storage/code/ParivarSathi_v1.5.4_PWA_BatteryAnalytics_v3_4_2/host/storage/nvs_runtime_probe/build/gs_nvs_runtime_probe.elf 9 50 20 fault 784 freeze ENV={} EXIT=0
DIAG_OPERATION mode=inplace calls=47 units=1049 latch=1
NVS_RUNTIME_FAULT cut=784 write=ESP_ERR_FLASH_OP_FAIL old=49 new=127 recovered=49
COMMAND=/home/udaybhan/projects/Ghar_sajag_r1_storage/code/ParivarSathi_v1.5.4_PWA_BatteryAnalytics_v3_4_2/host/storage/nvs_runtime_probe/build/gs_nvs_runtime_probe.elf 9 50 20 fault 785 freeze ENV={} EXIT=0
DIAG_OPERATION mode=inplace calls=47 units=1049 latch=1
NVS_RUNTIME_FAULT cut=785 write=ESP_ERR_FLASH_OP_FAIL old=49 new=127 recovered=49
COMMAND=/home/udaybhan/projects/Ghar_sajag_r1_storage/code/ParivarSathi_v1.5.4_PWA_BatteryAnalytics_v3_4_2/host/storage/nvs_runtime_probe/build/gs_nvs_runtime_probe.elf 9 50 20 fault 786 freeze ENV={} EXIT=0
DIAG_OPERATION mode=inplace calls=47 units=1049 latch=1
NVS_RUNTIME_FAULT cut=786 write=ESP_ERR_FLASH_OP_FAIL old=49 new=127 recovered=49
COMMAND=/home/udaybhan/projects/Ghar_sajag_r1_storage/code/ParivarSathi_v1.5.4_PWA_BatteryAnalytics_v3_4_2/host/storage/nvs_runtime_probe/build/gs_nvs_runtime_probe.elf 9 50 20 fault 787 freeze ENV={} EXIT=0
DIAG_OPERATION mode=inplace calls=47 units=1049 latch=1
NVS_RUNTIME_FAULT cut=787 write=ESP_ERR_FLASH_OP_FAIL old=49 new=127 recovered=49
COMMAND=/home/udaybhan/projects/Ghar_sajag_r1_storage/code/ParivarSathi_v1.5.4_PWA_BatteryAnalytics_v3_4_2/host/storage/nvs_runtime_probe/build/gs_nvs_runtime_probe.elf 9 50 20 fault 788 freeze ENV={} EXIT=0
DIAG_OPERATION mode=inplace calls=47 units=1049 latch=1
NVS_RUNTIME_FAULT cut=788 write=ESP_ERR_FLASH_OP_FAIL old=49 new=127 recovered=49
COMMAND=/home/udaybhan/projects/Ghar_sajag_r1_storage/code/ParivarSathi_v1.5.4_PWA_BatteryAnalytics_v3_4_2/host/storage/nvs_runtime_probe/build/gs_nvs_runtime_probe.elf 9 50 20 fault 789 freeze ENV={} EXIT=0
DIAG_OPERATION mode=inplace calls=47 units=1049 latch=1
NVS_RUNTIME_FAULT cut=789 write=ESP_ERR_FLASH_OP_FAIL old=49 new=127 recovered=49
COMMAND=/home/udaybhan/projects/Ghar_sajag_r1_storage/code/ParivarSathi_v1.5.4_PWA_BatteryAnalytics_v3_4_2/host/storage/nvs_runtime_probe/build/gs_nvs_runtime_probe.elf 9 50 20 fault 790 freeze ENV={} EXIT=0
DIAG_OPERATION mode=inplace calls=47 units=1049 latch=1
NVS_RUNTIME_FAULT cut=790 write=ESP_ERR_FLASH_OP_FAIL old=49 new=127 recovered=49
COMMAND=/home/udaybhan/projects/Ghar_sajag_r1_storage/code/ParivarSathi_v1.5.4_PWA_BatteryAnalytics_v3_4_2/host/storage/nvs_runtime_probe/build/gs_nvs_runtime_probe.elf 9 50 20 fault 791 freeze ENV={} EXIT=0
DIAG_OPERATION mode=inplace calls=47 units=1049 latch=1
NVS_RUNTIME_FAULT cut=791 write=ESP_ERR_FLASH_OP_FAIL old=49 new=127 recovered=49
COMMAND=/home/udaybhan/projects/Ghar_sajag_r1_storage/code/ParivarSathi_v1.5.4_PWA_BatteryAnalytics_v3_4_2/host/storage/nvs_runtime_probe/build/gs_nvs_runtime_probe.elf 9 50 20 fault 792 freeze ENV={} EXIT=0
DIAG_OPERATION mode=inplace calls=47 units=1049 latch=1
NVS_RUNTIME_FAULT cut=792 write=ESP_ERR_FLASH_OP_FAIL old=49 new=127 recovered=49
COMMAND=/home/udaybhan/projects/Ghar_sajag_r1_storage/code/ParivarSathi_v1.5.4_PWA_BatteryAnalytics_v3_4_2/host/storage/nvs_runtime_probe/build/gs_nvs_runtime_probe.elf 9 50 20 fault 793 freeze ENV={} EXIT=0
DIAG_OPERATION mode=inplace calls=47 units=1049 latch=1
NVS_RUNTIME_FAULT cut=793 write=ESP_ERR_FLASH_OP_FAIL old=49 new=127 recovered=49
COMMAND=/home/udaybhan/projects/Ghar_sajag_r1_storage/code/ParivarSathi_v1.5.4_PWA_BatteryAnalytics_v3_4_2/host/storage/nvs_runtime_probe/build/gs_nvs_runtime_probe.elf 9 50 20 fault 794 freeze ENV={} EXIT=0
DIAG_OPERATION mode=inplace calls=47 units=1049 latch=1
NVS_RUNTIME_FAULT cut=794 write=ESP_ERR_FLASH_OP_FAIL old=49 new=127 recovered=49
COMMAND=/home/udaybhan/projects/Ghar_sajag_r1_storage/code/ParivarSathi_v1.5.4_PWA_BatteryAnalytics_v3_4_2/host/storage/nvs_runtime_probe/build/gs_nvs_runtime_probe.elf 9 50 20 fault 795 freeze ENV={} EXIT=0
DIAG_OPERATION mode=inplace calls=47 units=1049 latch=1
NVS_RUNTIME_FAULT cut=795 write=ESP_ERR_FLASH_OP_FAIL old=49 new=127 recovered=49
COMMAND=/home/udaybhan/projects/Ghar_sajag_r1_storage/code/ParivarSathi_v1.5.4_PWA_BatteryAnalytics_v3_4_2/host/storage/nvs_runtime_probe/build/gs_nvs_runtime_probe.elf 9 50 20 fault 796 freeze ENV={} EXIT=0
DIAG_OPERATION mode=inplace calls=47 units=1049 latch=1
NVS_RUNTIME_FAULT cut=796 write=ESP_ERR_FLASH_OP_FAIL old=49 new=127 recovered=49
COMMAND=/home/udaybhan/projects/Ghar_sajag_r1_storage/code/ParivarSathi_v1.5.4_PWA_BatteryAnalytics_v3_4_2/host/storage/nvs_runtime_probe/build/gs_nvs_runtime_probe.elf 9 50 20 fault 797 freeze ENV={} EXIT=0
DIAG_OPERATION mode=inplace calls=47 units=1049 latch=1
NVS_RUNTIME_FAULT cut=797 write=ESP_ERR_FLASH_OP_FAIL old=49 new=127 recovered=49
COMMAND=/home/udaybhan/projects/Ghar_sajag_r1_storage/code/ParivarSathi_v1.5.4_PWA_BatteryAnalytics_v3_4_2/host/storage/nvs_runtime_probe/build/gs_nvs_runtime_probe.elf 9 50 20 fault 798 freeze ENV={} EXIT=0
DIAG_OPERATION mode=inplace calls=47 units=1049 latch=1
NVS_RUNTIME_FAULT cut=798 write=ESP_ERR_FLASH_OP_FAIL old=49 new=127 recovered=49
COMMAND=/home/udaybhan/projects/Ghar_sajag_r1_storage/code/ParivarSathi_v1.5.4_PWA_BatteryAnalytics_v3_4_2/host/storage/nvs_runtime_probe/build/gs_nvs_runtime_probe.elf 9 50 20 fault 799 freeze ENV={} EXIT=0
DIAG_OPERATION mode=inplace calls=47 units=1049 latch=1
NVS_RUNTIME_FAULT cut=799 write=ESP_ERR_FLASH_OP_FAIL old=49 new=127 recovered=49
COMMAND=/home/udaybhan/projects/Ghar_sajag_r1_storage/code/ParivarSathi_v1.5.4_PWA_BatteryAnalytics_v3_4_2/host/storage/nvs_runtime_probe/build/gs_nvs_runtime_probe.elf 9 50 20 fault 800 freeze ENV={} EXIT=0
DIAG_OPERATION mode=inplace calls=47 units=1049 latch=1
NVS_RUNTIME_FAULT cut=800 write=ESP_ERR_FLASH_OP_FAIL old=49 new=127 recovered=49
COMMAND=/home/udaybhan/projects/Ghar_sajag_r1_storage/code/ParivarSathi_v1.5.4_PWA_BatteryAnalytics_v3_4_2/host/storage/nvs_runtime_probe/build/gs_nvs_runtime_probe.elf 9 50 20 fault 801 freeze ENV={} EXIT=0
DIAG_OPERATION mode=inplace calls=47 units=1049 latch=1
NVS_RUNTIME_FAULT cut=801 write=ESP_ERR_FLASH_OP_FAIL old=49 new=127 recovered=49
COMMAND=/home/udaybhan/projects/Ghar_sajag_r1_storage/code/ParivarSathi_v1.5.4_PWA_BatteryAnalytics_v3_4_2/host/storage/nvs_runtime_probe/build/gs_nvs_runtime_probe.elf 9 50 20 fault 802 freeze ENV={} EXIT=0
DIAG_OPERATION mode=inplace calls=47 units=1049 latch=1
NVS_RUNTIME_FAULT cut=802 write=ESP_ERR_FLASH_OP_FAIL old=49 new=127 recovered=49
COMMAND=/home/udaybhan/projects/Ghar_sajag_r1_storage/code/ParivarSathi_v1.5.4_PWA_BatteryAnalytics_v3_4_2/host/storage/nvs_runtime_probe/build/gs_nvs_runtime_probe.elf 9 50 20 fault 803 freeze ENV={} EXIT=0
DIAG_OPERATION mode=inplace calls=47 units=1049 latch=1
NVS_RUNTIME_FAULT cut=803 write=ESP_ERR_FLASH_OP_FAIL old=49 new=127 recovered=49
COMMAND=/home/udaybhan/projects/Ghar_sajag_r1_storage/code/ParivarSathi_v1.5.4_PWA_BatteryAnalytics_v3_4_2/host/storage/nvs_runtime_probe/build/gs_nvs_runtime_probe.elf 9 50 20 fault 804 freeze ENV={} EXIT=0
DIAG_OPERATION mode=inplace calls=47 units=1049 latch=1
NVS_RUNTIME_FAULT cut=804 write=ESP_ERR_FLASH_OP_FAIL old=49 new=127 recovered=49
COMMAND=/home/udaybhan/projects/Ghar_sajag_r1_storage/code/ParivarSathi_v1.5.4_PWA_BatteryAnalytics_v3_4_2/host/storage/nvs_runtime_probe/build/gs_nvs_runtime_probe.elf 9 50 20 fault 805 freeze ENV={} EXIT=0
DIAG_OPERATION mode=inplace calls=47 units=1049 latch=1
NVS_RUNTIME_FAULT cut=805 write=ESP_ERR_FLASH_OP_FAIL old=49 new=127 recovered=49
COMMAND=/home/udaybhan/projects/Ghar_sajag_r1_storage/code/ParivarSathi_v1.5.4_PWA_BatteryAnalytics_v3_4_2/host/storage/nvs_runtime_probe/build/gs_nvs_runtime_probe.elf 9 50 20 fault 806 freeze ENV={} EXIT=0
DIAG_OPERATION mode=inplace calls=47 units=1049 latch=1
NVS_RUNTIME_FAULT cut=806 write=ESP_ERR_FLASH_OP_FAIL old=49 new=127 recovered=49
COMMAND=/home/udaybhan/projects/Ghar_sajag_r1_storage/code/ParivarSathi_v1.5.4_PWA_BatteryAnalytics_v3_4_2/host/storage/nvs_runtime_probe/build/gs_nvs_runtime_probe.elf 9 50 20 fault 807 freeze ENV={} EXIT=0
DIAG_OPERATION mode=inplace calls=47 units=1049 latch=1
NVS_RUNTIME_FAULT cut=807 write=ESP_ERR_FLASH_OP_FAIL old=49 new=127 recovered=49
COMMAND=/home/udaybhan/projects/Ghar_sajag_r1_storage/code/ParivarSathi_v1.5.4_PWA_BatteryAnalytics_v3_4_2/host/storage/nvs_runtime_probe/build/gs_nvs_runtime_probe.elf 9 50 20 fault 808 freeze ENV={} EXIT=0
DIAG_OPERATION mode=inplace calls=47 units=1049 latch=1
NVS_RUNTIME_FAULT cut=808 write=ESP_ERR_FLASH_OP_FAIL old=49 new=127 recovered=49
COMMAND=/home/udaybhan/projects/Ghar_sajag_r1_storage/code/ParivarSathi_v1.5.4_PWA_BatteryAnalytics_v3_4_2/host/storage/nvs_runtime_probe/build/gs_nvs_runtime_probe.elf 9 50 20 fault 809 freeze ENV={} EXIT=0
DIAG_OPERATION mode=inplace calls=47 units=1049 latch=1
NVS_RUNTIME_FAULT cut=809 write=ESP_ERR_FLASH_OP_FAIL old=49 new=127 recovered=49
COMMAND=/home/udaybhan/projects/Ghar_sajag_r1_storage/code/ParivarSathi_v1.5.4_PWA_BatteryAnalytics_v3_4_2/host/storage/nvs_runtime_probe/build/gs_nvs_runtime_probe.elf 9 50 20 fault 810 freeze ENV={} EXIT=0
DIAG_OPERATION mode=inplace calls=47 units=1049 latch=1
NVS_RUNTIME_FAULT cut=810 write=ESP_ERR_FLASH_OP_FAIL old=49 new=127 recovered=49
COMMAND=/home/udaybhan/projects/Ghar_sajag_r1_storage/code/ParivarSathi_v1.5.4_PWA_BatteryAnalytics_v3_4_2/host/storage/nvs_runtime_probe/build/gs_nvs_runtime_probe.elf 9 50 20 fault 811 freeze ENV={} EXIT=0
DIAG_OPERATION mode=inplace calls=47 units=1049 latch=1
NVS_RUNTIME_FAULT cut=811 write=ESP_ERR_FLASH_OP_FAIL old=49 new=127 recovered=49
COMMAND=/home/udaybhan/projects/Ghar_sajag_r1_storage/code/ParivarSathi_v1.5.4_PWA_BatteryAnalytics_v3_4_2/host/storage/nvs_runtime_probe/build/gs_nvs_runtime_probe.elf 9 50 20 fault 812 freeze ENV={} EXIT=0
DIAG_OPERATION mode=inplace calls=47 units=1049 latch=1
NVS_RUNTIME_FAULT cut=812 write=ESP_ERR_FLASH_OP_FAIL old=49 new=127 recovered=49
COMMAND=/home/udaybhan/projects/Ghar_sajag_r1_storage/code/ParivarSathi_v1.5.4_PWA_BatteryAnalytics_v3_4_2/host/storage/nvs_runtime_probe/build/gs_nvs_runtime_probe.elf 9 50 20 fault 813 freeze ENV={} EXIT=0
DIAG_OPERATION mode=inplace calls=47 units=1049 latch=1
NVS_RUNTIME_FAULT cut=813 write=ESP_ERR_FLASH_OP_FAIL old=49 new=127 recovered=49
COMMAND=/home/udaybhan/projects/Ghar_sajag_r1_storage/code/ParivarSathi_v1.5.4_PWA_BatteryAnalytics_v3_4_2/host/storage/nvs_runtime_probe/build/gs_nvs_runtime_probe.elf 9 50 20 fault 814 freeze ENV={} EXIT=0
DIAG_OPERATION mode=inplace calls=47 units=1049 latch=1
NVS_RUNTIME_FAULT cut=814 write=ESP_ERR_FLASH_OP_FAIL old=49 new=127 recovered=49
COMMAND=/home/udaybhan/projects/Ghar_sajag_r1_storage/code/ParivarSathi_v1.5.4_PWA_BatteryAnalytics_v3_4_2/host/storage/nvs_runtime_probe/build/gs_nvs_runtime_probe.elf 9 50 20 fault 815 freeze ENV={} EXIT=0
DIAG_OPERATION mode=inplace calls=47 units=1049 latch=1
NVS_RUNTIME_FAULT cut=815 write=ESP_ERR_FLASH_OP_FAIL old=49 new=127 recovered=49
COMMAND=/home/udaybhan/projects/Ghar_sajag_r1_storage/code/ParivarSathi_v1.5.4_PWA_BatteryAnalytics_v3_4_2/host/storage/nvs_runtime_probe/build/gs_nvs_runtime_probe.elf 9 50 20 fault 816 freeze ENV={} EXIT=0
DIAG_OPERATION mode=inplace calls=47 units=1049 latch=1
NVS_RUNTIME_FAULT cut=816 write=ESP_ERR_FLASH_OP_FAIL old=49 new=127 recovered=49
COMMAND=/home/udaybhan/projects/Ghar_sajag_r1_storage/code/ParivarSathi_v1.5.4_PWA_BatteryAnalytics_v3_4_2/host/storage/nvs_runtime_probe/build/gs_nvs_runtime_probe.elf 9 50 20 fault 817 freeze ENV={} EXIT=0
DIAG_OPERATION mode=inplace calls=47 units=1049 latch=1
NVS_RUNTIME_FAULT cut=817 write=ESP_ERR_FLASH_OP_FAIL old=49 new=127 recovered=49
COMMAND=/home/udaybhan/projects/Ghar_sajag_r1_storage/code/ParivarSathi_v1.5.4_PWA_BatteryAnalytics_v3_4_2/host/storage/nvs_runtime_probe/build/gs_nvs_runtime_probe.elf 9 50 20 fault 818 freeze ENV={} EXIT=0
DIAG_OPERATION mode=inplace calls=47 units=1049 latch=1
NVS_RUNTIME_FAULT cut=818 write=ESP_ERR_FLASH_OP_FAIL old=49 new=127 recovered=49
COMMAND=/home/udaybhan/projects/Ghar_sajag_r1_storage/code/ParivarSathi_v1.5.4_PWA_BatteryAnalytics_v3_4_2/host/storage/nvs_runtime_probe/build/gs_nvs_runtime_probe.elf 9 50 20 fault 819 freeze ENV={} EXIT=0
DIAG_OPERATION mode=inplace calls=47 units=1049 latch=1
NVS_RUNTIME_FAULT cut=819 write=ESP_ERR_FLASH_OP_FAIL old=49 new=127 recovered=49
COMMAND=/home/udaybhan/projects/Ghar_sajag_r1_storage/code/ParivarSathi_v1.5.4_PWA_BatteryAnalytics_v3_4_2/host/storage/nvs_runtime_probe/build/gs_nvs_runtime_probe.elf 9 50 20 fault 820 freeze ENV={} EXIT=0
DIAG_OPERATION mode=inplace calls=47 units=1049 latch=1
NVS_RUNTIME_FAULT cut=820 write=ESP_ERR_FLASH_OP_FAIL old=49 new=127 recovered=49
COMMAND=/home/udaybhan/projects/Ghar_sajag_r1_storage/code/ParivarSathi_v1.5.4_PWA_BatteryAnalytics_v3_4_2/host/storage/nvs_runtime_probe/build/gs_nvs_runtime_probe.elf 9 50 20 fault 821 freeze ENV={} EXIT=0
DIAG_OPERATION mode=inplace calls=47 units=1049 latch=1
NVS_RUNTIME_FAULT cut=821 write=ESP_ERR_FLASH_OP_FAIL old=49 new=127 recovered=49
COMMAND=/home/udaybhan/projects/Ghar_sajag_r1_storage/code/ParivarSathi_v1.5.4_PWA_BatteryAnalytics_v3_4_2/host/storage/nvs_runtime_probe/build/gs_nvs_runtime_probe.elf 9 50 20 fault 822 freeze ENV={} EXIT=0
DIAG_OPERATION mode=inplace calls=47 units=1049 latch=1
NVS_RUNTIME_FAULT cut=822 write=ESP_ERR_FLASH_OP_FAIL old=49 new=127 recovered=49
COMMAND=/home/udaybhan/projects/Ghar_sajag_r1_storage/code/ParivarSathi_v1.5.4_PWA_BatteryAnalytics_v3_4_2/host/storage/nvs_runtime_probe/build/gs_nvs_runtime_probe.elf 9 50 20 fault 823 freeze ENV={} EXIT=0
DIAG_OPERATION mode=inplace calls=47 units=1049 latch=1
NVS_RUNTIME_FAULT cut=823 write=ESP_ERR_FLASH_OP_FAIL old=49 new=127 recovered=49
COMMAND=/home/udaybhan/projects/Ghar_sajag_r1_storage/code/ParivarSathi_v1.5.4_PWA_BatteryAnalytics_v3_4_2/host/storage/nvs_runtime_probe/build/gs_nvs_runtime_probe.elf 9 50 20 fault 824 freeze ENV={} EXIT=0
DIAG_OPERATION mode=inplace calls=47 units=1049 latch=1
NVS_RUNTIME_FAULT cut=824 write=ESP_ERR_FLASH_OP_FAIL old=49 new=127 recovered=49
COMMAND=/home/udaybhan/projects/Ghar_sajag_r1_storage/code/ParivarSathi_v1.5.4_PWA_BatteryAnalytics_v3_4_2/host/storage/nvs_runtime_probe/build/gs_nvs_runtime_probe.elf 9 50 20 fault 825 freeze ENV={} EXIT=0
DIAG_OPERATION mode=inplace calls=47 units=1049 latch=1
NVS_RUNTIME_FAULT cut=825 write=ESP_ERR_FLASH_OP_FAIL old=49 new=127 recovered=49
COMMAND=/home/udaybhan/projects/Ghar_sajag_r1_storage/code/ParivarSathi_v1.5.4_PWA_BatteryAnalytics_v3_4_2/host/storage/nvs_runtime_probe/build/gs_nvs_runtime_probe.elf 9 50 20 fault 826 freeze ENV={} EXIT=0
DIAG_OPERATION mode=inplace calls=47 units=1049 latch=1
NVS_RUNTIME_FAULT cut=826 write=ESP_ERR_FLASH_OP_FAIL old=49 new=127 recovered=49
COMMAND=/home/udaybhan/projects/Ghar_sajag_r1_storage/code/ParivarSathi_v1.5.4_PWA_BatteryAnalytics_v3_4_2/host/storage/nvs_runtime_probe/build/gs_nvs_runtime_probe.elf 9 50 20 fault 827 freeze ENV={} EXIT=0
DIAG_OPERATION mode=inplace calls=47 units=1049 latch=1
NVS_RUNTIME_FAULT cut=827 write=ESP_ERR_FLASH_OP_FAIL old=49 new=127 recovered=49
COMMAND=/home/udaybhan/projects/Ghar_sajag_r1_storage/code/ParivarSathi_v1.5.4_PWA_BatteryAnalytics_v3_4_2/host/storage/nvs_runtime_probe/build/gs_nvs_runtime_probe.elf 9 50 20 fault 828 freeze ENV={} EXIT=0
DIAG_OPERATION mode=inplace calls=47 units=1049 latch=1
NVS_RUNTIME_FAULT cut=828 write=ESP_ERR_FLASH_OP_FAIL old=49 new=127 recovered=49
COMMAND=/home/udaybhan/projects/Ghar_sajag_r1_storage/code/ParivarSathi_v1.5.4_PWA_BatteryAnalytics_v3_4_2/host/storage/nvs_runtime_probe/build/gs_nvs_runtime_probe.elf 9 50 20 fault 829 freeze ENV={} EXIT=0
DIAG_OPERATION mode=inplace calls=47 units=1049 latch=1
NVS_RUNTIME_FAULT cut=829 write=ESP_ERR_FLASH_OP_FAIL old=49 new=127 recovered=49
COMMAND=/home/udaybhan/projects/Ghar_sajag_r1_storage/code/ParivarSathi_v1.5.4_PWA_BatteryAnalytics_v3_4_2/host/storage/nvs_runtime_probe/build/gs_nvs_runtime_probe.elf 9 50 20 fault 830 freeze ENV={} EXIT=0
DIAG_OPERATION mode=inplace calls=47 units=1049 latch=1
NVS_RUNTIME_FAULT cut=830 write=ESP_ERR_FLASH_OP_FAIL old=49 new=127 recovered=49
COMMAND=/home/udaybhan/projects/Ghar_sajag_r1_storage/code/ParivarSathi_v1.5.4_PWA_BatteryAnalytics_v3_4_2/host/storage/nvs_runtime_probe/build/gs_nvs_runtime_probe.elf 9 50 20 fault 831 freeze ENV={} EXIT=0
DIAG_OPERATION mode=inplace calls=47 units=1049 latch=1
NVS_RUNTIME_FAULT cut=831 write=ESP_ERR_FLASH_OP_FAIL old=49 new=127 recovered=49
COMMAND=/home/udaybhan/projects/Ghar_sajag_r1_storage/code/ParivarSathi_v1.5.4_PWA_BatteryAnalytics_v3_4_2/host/storage/nvs_runtime_probe/build/gs_nvs_runtime_probe.elf 9 50 20 fault 832 freeze ENV={} EXIT=0
DIAG_OPERATION mode=inplace calls=47 units=1049 latch=1
NVS_RUNTIME_FAULT cut=832 write=ESP_ERR_FLASH_OP_FAIL old=49 new=127 recovered=49
COMMAND=/home/udaybhan/projects/Ghar_sajag_r1_storage/code/ParivarSathi_v1.5.4_PWA_BatteryAnalytics_v3_4_2/host/storage/nvs_runtime_probe/build/gs_nvs_runtime_probe.elf 9 50 20 fault 833 freeze ENV={} EXIT=0
DIAG_OPERATION mode=inplace calls=47 units=1049 latch=1
NVS_RUNTIME_FAULT cut=833 write=ESP_ERR_FLASH_OP_FAIL old=49 new=127 recovered=49
COMMAND=/home/udaybhan/projects/Ghar_sajag_r1_storage/code/ParivarSathi_v1.5.4_PWA_BatteryAnalytics_v3_4_2/host/storage/nvs_runtime_probe/build/gs_nvs_runtime_probe.elf 9 50 20 fault 834 freeze ENV={} EXIT=0
DIAG_OPERATION mode=inplace calls=47 units=1049 latch=1
NVS_RUNTIME_FAULT cut=834 write=ESP_ERR_FLASH_OP_FAIL old=49 new=127 recovered=49
COMMAND=/home/udaybhan/projects/Ghar_sajag_r1_storage/code/ParivarSathi_v1.5.4_PWA_BatteryAnalytics_v3_4_2/host/storage/nvs_runtime_probe/build/gs_nvs_runtime_probe.elf 9 50 20 fault 835 freeze ENV={} EXIT=0
DIAG_OPERATION mode=inplace calls=47 units=1049 latch=1
NVS_RUNTIME_FAULT cut=835 write=ESP_ERR_FLASH_OP_FAIL old=49 new=127 recovered=49
COMMAND=/home/udaybhan/projects/Ghar_sajag_r1_storage/code/ParivarSathi_v1.5.4_PWA_BatteryAnalytics_v3_4_2/host/storage/nvs_runtime_probe/build/gs_nvs_runtime_probe.elf 9 50 20 fault 836 freeze ENV={} EXIT=0
DIAG_OPERATION mode=inplace calls=47 units=1049 latch=1
NVS_RUNTIME_FAULT cut=836 write=ESP_ERR_FLASH_OP_FAIL old=49 new=127 recovered=49
COMMAND=/home/udaybhan/projects/Ghar_sajag_r1_storage/code/ParivarSathi_v1.5.4_PWA_BatteryAnalytics_v3_4_2/host/storage/nvs_runtime_probe/build/gs_nvs_runtime_probe.elf 9 50 20 fault 837 freeze ENV={} EXIT=0
DIAG_OPERATION mode=inplace calls=47 units=1049 latch=1
NVS_RUNTIME_FAULT cut=837 write=ESP_ERR_FLASH_OP_FAIL old=49 new=127 recovered=49
COMMAND=/home/udaybhan/projects/Ghar_sajag_r1_storage/code/ParivarSathi_v1.5.4_PWA_BatteryAnalytics_v3_4_2/host/storage/nvs_runtime_probe/build/gs_nvs_runtime_probe.elf 9 50 20 fault 838 freeze ENV={} EXIT=0
DIAG_OPERATION mode=inplace calls=47 units=1049 latch=1
NVS_RUNTIME_FAULT cut=838 write=ESP_ERR_FLASH_OP_FAIL old=49 new=127 recovered=49
COMMAND=/home/udaybhan/projects/Ghar_sajag_r1_storage/code/ParivarSathi_v1.5.4_PWA_BatteryAnalytics_v3_4_2/host/storage/nvs_runtime_probe/build/gs_nvs_runtime_probe.elf 9 50 20 fault 839 freeze ENV={} EXIT=0
DIAG_OPERATION mode=inplace calls=47 units=1049 latch=1
NVS_RUNTIME_FAULT cut=839 write=ESP_ERR_FLASH_OP_FAIL old=49 new=127 recovered=49
COMMAND=/home/udaybhan/projects/Ghar_sajag_r1_storage/code/ParivarSathi_v1.5.4_PWA_BatteryAnalytics_v3_4_2/host/storage/nvs_runtime_probe/build/gs_nvs_runtime_probe.elf 9 50 20 fault 840 freeze ENV={} EXIT=0
DIAG_OPERATION mode=inplace calls=47 units=1049 latch=1
NVS_RUNTIME_FAULT cut=840 write=ESP_ERR_FLASH_OP_FAIL old=49 new=127 recovered=49
COMMAND=/home/udaybhan/projects/Ghar_sajag_r1_storage/code/ParivarSathi_v1.5.4_PWA_BatteryAnalytics_v3_4_2/host/storage/nvs_runtime_probe/build/gs_nvs_runtime_probe.elf 9 50 20 fault 841 freeze ENV={} EXIT=0
DIAG_OPERATION mode=inplace calls=47 units=1049 latch=1
NVS_RUNTIME_FAULT cut=841 write=ESP_ERR_FLASH_OP_FAIL old=49 new=127 recovered=49
COMMAND=/home/udaybhan/projects/Ghar_sajag_r1_storage/code/ParivarSathi_v1.5.4_PWA_BatteryAnalytics_v3_4_2/host/storage/nvs_runtime_probe/build/gs_nvs_runtime_probe.elf 9 50 20 fault 842 freeze ENV={} EXIT=0
DIAG_OPERATION mode=inplace calls=47 units=1049 latch=1
NVS_RUNTIME_FAULT cut=842 write=ESP_ERR_FLASH_OP_FAIL old=49 new=127 recovered=49
COMMAND=/home/udaybhan/projects/Ghar_sajag_r1_storage/code/ParivarSathi_v1.5.4_PWA_BatteryAnalytics_v3_4_2/host/storage/nvs_runtime_probe/build/gs_nvs_runtime_probe.elf 9 50 20 fault 843 freeze ENV={} EXIT=0
DIAG_OPERATION mode=inplace calls=47 units=1049 latch=1
NVS_RUNTIME_FAULT cut=843 write=ESP_ERR_FLASH_OP_FAIL old=49 new=127 recovered=49
COMMAND=/home/udaybhan/projects/Ghar_sajag_r1_storage/code/ParivarSathi_v1.5.4_PWA_BatteryAnalytics_v3_4_2/host/storage/nvs_runtime_probe/build/gs_nvs_runtime_probe.elf 9 50 20 fault 844 freeze ENV={} EXIT=0
DIAG_OPERATION mode=inplace calls=47 units=1049 latch=1
NVS_RUNTIME_FAULT cut=844 write=ESP_ERR_FLASH_OP_FAIL old=49 new=127 recovered=49
COMMAND=/home/udaybhan/projects/Ghar_sajag_r1_storage/code/ParivarSathi_v1.5.4_PWA_BatteryAnalytics_v3_4_2/host/storage/nvs_runtime_probe/build/gs_nvs_runtime_probe.elf 9 50 20 fault 845 freeze ENV={} EXIT=0
DIAG_OPERATION mode=inplace calls=47 units=1049 latch=1
NVS_RUNTIME_FAULT cut=845 write=ESP_ERR_FLASH_OP_FAIL old=49 new=127 recovered=49
COMMAND=/home/udaybhan/projects/Ghar_sajag_r1_storage/code/ParivarSathi_v1.5.4_PWA_BatteryAnalytics_v3_4_2/host/storage/nvs_runtime_probe/build/gs_nvs_runtime_probe.elf 9 50 20 fault 846 freeze ENV={} EXIT=0
DIAG_OPERATION mode=inplace calls=47 units=1049 latch=1
NVS_RUNTIME_FAULT cut=846 write=ESP_ERR_FLASH_OP_FAIL old=49 new=127 recovered=49
COMMAND=/home/udaybhan/projects/Ghar_sajag_r1_storage/code/ParivarSathi_v1.5.4_PWA_BatteryAnalytics_v3_4_2/host/storage/nvs_runtime_probe/build/gs_nvs_runtime_probe.elf 9 50 20 fault 847 freeze ENV={} EXIT=0
DIAG_OPERATION mode=inplace calls=47 units=1049 latch=1
NVS_RUNTIME_FAULT cut=847 write=ESP_ERR_FLASH_OP_FAIL old=49 new=127 recovered=49
COMMAND=/home/udaybhan/projects/Ghar_sajag_r1_storage/code/ParivarSathi_v1.5.4_PWA_BatteryAnalytics_v3_4_2/host/storage/nvs_runtime_probe/build/gs_nvs_runtime_probe.elf 9 50 20 fault 848 freeze ENV={} EXIT=0
DIAG_OPERATION mode=inplace calls=47 units=1049 latch=1
NVS_RUNTIME_FAULT cut=848 write=ESP_ERR_FLASH_OP_FAIL old=49 new=127 recovered=49
COMMAND=/home/udaybhan/projects/Ghar_sajag_r1_storage/code/ParivarSathi_v1.5.4_PWA_BatteryAnalytics_v3_4_2/host/storage/nvs_runtime_probe/build/gs_nvs_runtime_probe.elf 9 50 20 fault 849 freeze ENV={} EXIT=0
DIAG_OPERATION mode=inplace calls=47 units=1049 latch=1
NVS_RUNTIME_FAULT cut=849 write=ESP_ERR_FLASH_OP_FAIL old=49 new=127 recovered=49
COMMAND=/home/udaybhan/projects/Ghar_sajag_r1_storage/code/ParivarSathi_v1.5.4_PWA_BatteryAnalytics_v3_4_2/host/storage/nvs_runtime_probe/build/gs_nvs_runtime_probe.elf 9 50 20 fault 850 freeze ENV={} EXIT=0
DIAG_OPERATION mode=inplace calls=47 units=1049 latch=1
NVS_RUNTIME_FAULT cut=850 write=ESP_ERR_FLASH_OP_FAIL old=49 new=127 recovered=49
COMMAND=/home/udaybhan/projects/Ghar_sajag_r1_storage/code/ParivarSathi_v1.5.4_PWA_BatteryAnalytics_v3_4_2/host/storage/nvs_runtime_probe/build/gs_nvs_runtime_probe.elf 9 50 20 fault 851 freeze ENV={} EXIT=0
DIAG_OPERATION mode=inplace calls=47 units=1049 latch=1
NVS_RUNTIME_FAULT cut=851 write=ESP_ERR_FLASH_OP_FAIL old=49 new=127 recovered=49
COMMAND=/home/udaybhan/projects/Ghar_sajag_r1_storage/code/ParivarSathi_v1.5.4_PWA_BatteryAnalytics_v3_4_2/host/storage/nvs_runtime_probe/build/gs_nvs_runtime_probe.elf 9 50 20 fault 852 freeze ENV={} EXIT=0
DIAG_OPERATION mode=inplace calls=47 units=1049 latch=1
NVS_RUNTIME_FAULT cut=852 write=ESP_ERR_FLASH_OP_FAIL old=49 new=127 recovered=49
COMMAND=/home/udaybhan/projects/Ghar_sajag_r1_storage/code/ParivarSathi_v1.5.4_PWA_BatteryAnalytics_v3_4_2/host/storage/nvs_runtime_probe/build/gs_nvs_runtime_probe.elf 9 50 20 fault 853 freeze ENV={} EXIT=0
DIAG_OPERATION mode=inplace calls=47 units=1049 latch=1
NVS_RUNTIME_FAULT cut=853 write=ESP_ERR_FLASH_OP_FAIL old=49 new=127 recovered=49
COMMAND=/home/udaybhan/projects/Ghar_sajag_r1_storage/code/ParivarSathi_v1.5.4_PWA_BatteryAnalytics_v3_4_2/host/storage/nvs_runtime_probe/build/gs_nvs_runtime_probe.elf 9 50 20 fault 854 freeze ENV={} EXIT=0
DIAG_OPERATION mode=inplace calls=47 units=1049 latch=1
NVS_RUNTIME_FAULT cut=854 write=ESP_ERR_FLASH_OP_FAIL old=49 new=127 recovered=49
COMMAND=/home/udaybhan/projects/Ghar_sajag_r1_storage/code/ParivarSathi_v1.5.4_PWA_BatteryAnalytics_v3_4_2/host/storage/nvs_runtime_probe/build/gs_nvs_runtime_probe.elf 9 50 20 fault 855 freeze ENV={} EXIT=0
DIAG_OPERATION mode=inplace calls=47 units=1049 latch=1
NVS_RUNTIME_FAULT cut=855 write=ESP_ERR_FLASH_OP_FAIL old=49 new=127 recovered=49
COMMAND=/home/udaybhan/projects/Ghar_sajag_r1_storage/code/ParivarSathi_v1.5.4_PWA_BatteryAnalytics_v3_4_2/host/storage/nvs_runtime_probe/build/gs_nvs_runtime_probe.elf 9 50 20 fault 856 freeze ENV={} EXIT=0
DIAG_OPERATION mode=inplace calls=47 units=1049 latch=1
NVS_RUNTIME_FAULT cut=856 write=ESP_ERR_FLASH_OP_FAIL old=49 new=127 recovered=49
COMMAND=/home/udaybhan/projects/Ghar_sajag_r1_storage/code/ParivarSathi_v1.5.4_PWA_BatteryAnalytics_v3_4_2/host/storage/nvs_runtime_probe/build/gs_nvs_runtime_probe.elf 9 50 20 fault 857 freeze ENV={} EXIT=0
DIAG_OPERATION mode=inplace calls=47 units=1049 latch=1
NVS_RUNTIME_FAULT cut=857 write=ESP_ERR_FLASH_OP_FAIL old=49 new=127 recovered=49
COMMAND=/home/udaybhan/projects/Ghar_sajag_r1_storage/code/ParivarSathi_v1.5.4_PWA_BatteryAnalytics_v3_4_2/host/storage/nvs_runtime_probe/build/gs_nvs_runtime_probe.elf 9 50 20 fault 858 freeze ENV={} EXIT=0
DIAG_OPERATION mode=inplace calls=47 units=1049 latch=1
NVS_RUNTIME_FAULT cut=858 write=ESP_ERR_FLASH_OP_FAIL old=49 new=127 recovered=49
COMMAND=/home/udaybhan/projects/Ghar_sajag_r1_storage/code/ParivarSathi_v1.5.4_PWA_BatteryAnalytics_v3_4_2/host/storage/nvs_runtime_probe/build/gs_nvs_runtime_probe.elf 9 50 20 fault 859 freeze ENV={} EXIT=0
DIAG_OPERATION mode=inplace calls=47 units=1049 latch=1
NVS_RUNTIME_FAULT cut=859 write=ESP_ERR_FLASH_OP_FAIL old=49 new=127 recovered=49
COMMAND=/home/udaybhan/projects/Ghar_sajag_r1_storage/code/ParivarSathi_v1.5.4_PWA_BatteryAnalytics_v3_4_2/host/storage/nvs_runtime_probe/build/gs_nvs_runtime_probe.elf 9 50 20 fault 860 freeze ENV={} EXIT=0
DIAG_OPERATION mode=inplace calls=47 units=1049 latch=1
NVS_RUNTIME_FAULT cut=860 write=ESP_ERR_FLASH_OP_FAIL old=49 new=127 recovered=49
COMMAND=/home/udaybhan/projects/Ghar_sajag_r1_storage/code/ParivarSathi_v1.5.4_PWA_BatteryAnalytics_v3_4_2/host/storage/nvs_runtime_probe/build/gs_nvs_runtime_probe.elf 9 50 20 fault 861 freeze ENV={} EXIT=0
DIAG_OPERATION mode=inplace calls=47 units=1049 latch=1
NVS_RUNTIME_FAULT cut=861 write=ESP_ERR_FLASH_OP_FAIL old=49 new=127 recovered=49
COMMAND=/home/udaybhan/projects/Ghar_sajag_r1_storage/code/ParivarSathi_v1.5.4_PWA_BatteryAnalytics_v3_4_2/host/storage/nvs_runtime_probe/build/gs_nvs_runtime_probe.elf 9 50 20 fault 862 freeze ENV={} EXIT=0
DIAG_OPERATION mode=inplace calls=47 units=1049 latch=1
NVS_RUNTIME_FAULT cut=862 write=ESP_ERR_FLASH_OP_FAIL old=49 new=127 recovered=49
COMMAND=/home/udaybhan/projects/Ghar_sajag_r1_storage/code/ParivarSathi_v1.5.4_PWA_BatteryAnalytics_v3_4_2/host/storage/nvs_runtime_probe/build/gs_nvs_runtime_probe.elf 9 50 20 fault 863 freeze ENV={} EXIT=0
DIAG_OPERATION mode=inplace calls=47 units=1049 latch=1
NVS_RUNTIME_FAULT cut=863 write=ESP_ERR_FLASH_OP_FAIL old=49 new=127 recovered=49
COMMAND=/home/udaybhan/projects/Ghar_sajag_r1_storage/code/ParivarSathi_v1.5.4_PWA_BatteryAnalytics_v3_4_2/host/storage/nvs_runtime_probe/build/gs_nvs_runtime_probe.elf 9 50 20 fault 864 freeze ENV={} EXIT=0
DIAG_OPERATION mode=inplace calls=47 units=1049 latch=1
NVS_RUNTIME_FAULT cut=864 write=ESP_ERR_FLASH_OP_FAIL old=49 new=127 recovered=49
COMMAND=/home/udaybhan/projects/Ghar_sajag_r1_storage/code/ParivarSathi_v1.5.4_PWA_BatteryAnalytics_v3_4_2/host/storage/nvs_runtime_probe/build/gs_nvs_runtime_probe.elf 9 50 20 fault 865 freeze ENV={} EXIT=0
DIAG_OPERATION mode=inplace calls=47 units=1049 latch=1
NVS_RUNTIME_FAULT cut=865 write=ESP_ERR_FLASH_OP_FAIL old=49 new=127 recovered=49
COMMAND=/home/udaybhan/projects/Ghar_sajag_r1_storage/code/ParivarSathi_v1.5.4_PWA_BatteryAnalytics_v3_4_2/host/storage/nvs_runtime_probe/build/gs_nvs_runtime_probe.elf 9 50 20 fault 866 freeze ENV={} EXIT=0
DIAG_OPERATION mode=inplace calls=47 units=1049 latch=1
NVS_RUNTIME_FAULT cut=866 write=ESP_ERR_FLASH_OP_FAIL old=49 new=127 recovered=49
COMMAND=/home/udaybhan/projects/Ghar_sajag_r1_storage/code/ParivarSathi_v1.5.4_PWA_BatteryAnalytics_v3_4_2/host/storage/nvs_runtime_probe/build/gs_nvs_runtime_probe.elf 9 50 20 fault 867 freeze ENV={} EXIT=0
DIAG_OPERATION mode=inplace calls=47 units=1049 latch=1
NVS_RUNTIME_FAULT cut=867 write=ESP_ERR_FLASH_OP_FAIL old=49 new=127 recovered=49
COMMAND=/home/udaybhan/projects/Ghar_sajag_r1_storage/code/ParivarSathi_v1.5.4_PWA_BatteryAnalytics_v3_4_2/host/storage/nvs_runtime_probe/build/gs_nvs_runtime_probe.elf 9 50 20 fault 868 freeze ENV={} EXIT=0
DIAG_OPERATION mode=inplace calls=47 units=1049 latch=1
NVS_RUNTIME_FAULT cut=868 write=ESP_ERR_FLASH_OP_FAIL old=49 new=127 recovered=49
COMMAND=/home/udaybhan/projects/Ghar_sajag_r1_storage/code/ParivarSathi_v1.5.4_PWA_BatteryAnalytics_v3_4_2/host/storage/nvs_runtime_probe/build/gs_nvs_runtime_probe.elf 9 50 20 fault 869 freeze ENV={} EXIT=0
DIAG_OPERATION mode=inplace calls=47 units=1049 latch=1
NVS_RUNTIME_FAULT cut=869 write=ESP_ERR_FLASH_OP_FAIL old=49 new=127 recovered=49
COMMAND=/home/udaybhan/projects/Ghar_sajag_r1_storage/code/ParivarSathi_v1.5.4_PWA_BatteryAnalytics_v3_4_2/host/storage/nvs_runtime_probe/build/gs_nvs_runtime_probe.elf 9 50 20 fault 870 freeze ENV={} EXIT=0
DIAG_OPERATION mode=inplace calls=47 units=1049 latch=1
NVS_RUNTIME_FAULT cut=870 write=ESP_ERR_FLASH_OP_FAIL old=49 new=127 recovered=49
COMMAND=/home/udaybhan/projects/Ghar_sajag_r1_storage/code/ParivarSathi_v1.5.4_PWA_BatteryAnalytics_v3_4_2/host/storage/nvs_runtime_probe/build/gs_nvs_runtime_probe.elf 9 50 20 fault 871 freeze ENV={} EXIT=0
DIAG_OPERATION mode=inplace calls=47 units=1049 latch=1
NVS_RUNTIME_FAULT cut=871 write=ESP_ERR_FLASH_OP_FAIL old=49 new=127 recovered=49
COMMAND=/home/udaybhan/projects/Ghar_sajag_r1_storage/code/ParivarSathi_v1.5.4_PWA_BatteryAnalytics_v3_4_2/host/storage/nvs_runtime_probe/build/gs_nvs_runtime_probe.elf 9 50 20 fault 872 freeze ENV={} EXIT=0
DIAG_OPERATION mode=inplace calls=47 units=1049 latch=1
NVS_RUNTIME_FAULT cut=872 write=ESP_ERR_FLASH_OP_FAIL old=49 new=127 recovered=49
COMMAND=/home/udaybhan/projects/Ghar_sajag_r1_storage/code/ParivarSathi_v1.5.4_PWA_BatteryAnalytics_v3_4_2/host/storage/nvs_runtime_probe/build/gs_nvs_runtime_probe.elf 9 50 20 fault 873 freeze ENV={} EXIT=0
DIAG_OPERATION mode=inplace calls=47 units=1049 latch=1
NVS_RUNTIME_FAULT cut=873 write=ESP_ERR_FLASH_OP_FAIL old=49 new=127 recovered=49
COMMAND=/home/udaybhan/projects/Ghar_sajag_r1_storage/code/ParivarSathi_v1.5.4_PWA_BatteryAnalytics_v3_4_2/host/storage/nvs_runtime_probe/build/gs_nvs_runtime_probe.elf 9 50 20 fault 874 freeze ENV={} EXIT=0
DIAG_OPERATION mode=inplace calls=47 units=1049 latch=1
NVS_RUNTIME_FAULT cut=874 write=ESP_ERR_FLASH_OP_FAIL old=49 new=127 recovered=49
COMMAND=/home/udaybhan/projects/Ghar_sajag_r1_storage/code/ParivarSathi_v1.5.4_PWA_BatteryAnalytics_v3_4_2/host/storage/nvs_runtime_probe/build/gs_nvs_runtime_probe.elf 9 50 20 fault 875 freeze ENV={} EXIT=0
DIAG_OPERATION mode=inplace calls=47 units=1049 latch=1
NVS_RUNTIME_FAULT cut=875 write=ESP_ERR_FLASH_OP_FAIL old=49 new=127 recovered=49
COMMAND=/home/udaybhan/projects/Ghar_sajag_r1_storage/code/ParivarSathi_v1.5.4_PWA_BatteryAnalytics_v3_4_2/host/storage/nvs_runtime_probe/build/gs_nvs_runtime_probe.elf 9 50 20 fault 876 freeze ENV={} EXIT=0
DIAG_OPERATION mode=inplace calls=47 units=1049 latch=1
NVS_RUNTIME_FAULT cut=876 write=ESP_ERR_FLASH_OP_FAIL old=49 new=127 recovered=49
COMMAND=/home/udaybhan/projects/Ghar_sajag_r1_storage/code/ParivarSathi_v1.5.4_PWA_BatteryAnalytics_v3_4_2/host/storage/nvs_runtime_probe/build/gs_nvs_runtime_probe.elf 9 50 20 fault 877 freeze ENV={} EXIT=0
DIAG_OPERATION mode=inplace calls=47 units=1049 latch=1
NVS_RUNTIME_FAULT cut=877 write=ESP_ERR_FLASH_OP_FAIL old=49 new=127 recovered=49
COMMAND=/home/udaybhan/projects/Ghar_sajag_r1_storage/code/ParivarSathi_v1.5.4_PWA_BatteryAnalytics_v3_4_2/host/storage/nvs_runtime_probe/build/gs_nvs_runtime_probe.elf 9 50 20 fault 878 freeze ENV={} EXIT=0
DIAG_OPERATION mode=inplace calls=47 units=1049 latch=1
NVS_RUNTIME_FAULT cut=878 write=ESP_ERR_FLASH_OP_FAIL old=49 new=127 recovered=49
COMMAND=/home/udaybhan/projects/Ghar_sajag_r1_storage/code/ParivarSathi_v1.5.4_PWA_BatteryAnalytics_v3_4_2/host/storage/nvs_runtime_probe/build/gs_nvs_runtime_probe.elf 9 50 20 fault 879 freeze ENV={} EXIT=0
DIAG_OPERATION mode=inplace calls=47 units=1049 latch=1
NVS_RUNTIME_FAULT cut=879 write=ESP_ERR_FLASH_OP_FAIL old=49 new=127 recovered=49
COMMAND=/home/udaybhan/projects/Ghar_sajag_r1_storage/code/ParivarSathi_v1.5.4_PWA_BatteryAnalytics_v3_4_2/host/storage/nvs_runtime_probe/build/gs_nvs_runtime_probe.elf 9 50 20 fault 880 freeze ENV={} EXIT=0
DIAG_OPERATION mode=inplace calls=47 units=1049 latch=1
NVS_RUNTIME_FAULT cut=880 write=ESP_ERR_FLASH_OP_FAIL old=49 new=127 recovered=49
COMMAND=/home/udaybhan/projects/Ghar_sajag_r1_storage/code/ParivarSathi_v1.5.4_PWA_BatteryAnalytics_v3_4_2/host/storage/nvs_runtime_probe/build/gs_nvs_runtime_probe.elf 9 50 20 fault 881 freeze ENV={} EXIT=0
DIAG_OPERATION mode=inplace calls=47 units=1049 latch=1
NVS_RUNTIME_FAULT cut=881 write=ESP_ERR_FLASH_OP_FAIL old=49 new=127 recovered=49
COMMAND=/home/udaybhan/projects/Ghar_sajag_r1_storage/code/ParivarSathi_v1.5.4_PWA_BatteryAnalytics_v3_4_2/host/storage/nvs_runtime_probe/build/gs_nvs_runtime_probe.elf 9 50 20 fault 882 freeze ENV={} EXIT=0
DIAG_OPERATION mode=inplace calls=47 units=1049 latch=1
NVS_RUNTIME_FAULT cut=882 write=ESP_ERR_FLASH_OP_FAIL old=49 new=127 recovered=49
COMMAND=/home/udaybhan/projects/Ghar_sajag_r1_storage/code/ParivarSathi_v1.5.4_PWA_BatteryAnalytics_v3_4_2/host/storage/nvs_runtime_probe/build/gs_nvs_runtime_probe.elf 9 50 20 fault 883 freeze ENV={} EXIT=0
DIAG_OPERATION mode=inplace calls=47 units=1049 latch=1
NVS_RUNTIME_FAULT cut=883 write=ESP_ERR_FLASH_OP_FAIL old=49 new=127 recovered=49
COMMAND=/home/udaybhan/projects/Ghar_sajag_r1_storage/code/ParivarSathi_v1.5.4_PWA_BatteryAnalytics_v3_4_2/host/storage/nvs_runtime_probe/build/gs_nvs_runtime_probe.elf 9 50 20 fault 884 freeze ENV={} EXIT=0
DIAG_OPERATION mode=inplace calls=47 units=1049 latch=1
NVS_RUNTIME_FAULT cut=884 write=ESP_ERR_FLASH_OP_FAIL old=49 new=127 recovered=49
COMMAND=/home/udaybhan/projects/Ghar_sajag_r1_storage/code/ParivarSathi_v1.5.4_PWA_BatteryAnalytics_v3_4_2/host/storage/nvs_runtime_probe/build/gs_nvs_runtime_probe.elf 9 50 20 fault 885 freeze ENV={} EXIT=0
DIAG_OPERATION mode=inplace calls=47 units=1049 latch=1
NVS_RUNTIME_FAULT cut=885 write=ESP_ERR_FLASH_OP_FAIL old=49 new=127 recovered=49
COMMAND=/home/udaybhan/projects/Ghar_sajag_r1_storage/code/ParivarSathi_v1.5.4_PWA_BatteryAnalytics_v3_4_2/host/storage/nvs_runtime_probe/build/gs_nvs_runtime_probe.elf 9 50 20 fault 886 freeze ENV={} EXIT=0
DIAG_OPERATION mode=inplace calls=47 units=1049 latch=1
NVS_RUNTIME_FAULT cut=886 write=ESP_ERR_FLASH_OP_FAIL old=49 new=127 recovered=49
COMMAND=/home/udaybhan/projects/Ghar_sajag_r1_storage/code/ParivarSathi_v1.5.4_PWA_BatteryAnalytics_v3_4_2/host/storage/nvs_runtime_probe/build/gs_nvs_runtime_probe.elf 9 50 20 fault 887 freeze ENV={} EXIT=0
DIAG_OPERATION mode=inplace calls=47 units=1049 latch=1
NVS_RUNTIME_FAULT cut=887 write=ESP_ERR_FLASH_OP_FAIL old=49 new=127 recovered=49
COMMAND=/home/udaybhan/projects/Ghar_sajag_r1_storage/code/ParivarSathi_v1.5.4_PWA_BatteryAnalytics_v3_4_2/host/storage/nvs_runtime_probe/build/gs_nvs_runtime_probe.elf 9 50 20 fault 888 freeze ENV={} EXIT=0
DIAG_OPERATION mode=inplace calls=47 units=1049 latch=1
NVS_RUNTIME_FAULT cut=888 write=ESP_ERR_FLASH_OP_FAIL old=49 new=127 recovered=49
COMMAND=/home/udaybhan/projects/Ghar_sajag_r1_storage/code/ParivarSathi_v1.5.4_PWA_BatteryAnalytics_v3_4_2/host/storage/nvs_runtime_probe/build/gs_nvs_runtime_probe.elf 9 50 20 fault 889 freeze ENV={} EXIT=0
DIAG_OPERATION mode=inplace calls=47 units=1049 latch=1
NVS_RUNTIME_FAULT cut=889 write=ESP_ERR_FLASH_OP_FAIL old=49 new=127 recovered=49
COMMAND=/home/udaybhan/projects/Ghar_sajag_r1_storage/code/ParivarSathi_v1.5.4_PWA_BatteryAnalytics_v3_4_2/host/storage/nvs_runtime_probe/build/gs_nvs_runtime_probe.elf 9 50 20 fault 890 freeze ENV={} EXIT=0
DIAG_OPERATION mode=inplace calls=47 units=1049 latch=1
NVS_RUNTIME_FAULT cut=890 write=ESP_ERR_FLASH_OP_FAIL old=49 new=127 recovered=49
COMMAND=/home/udaybhan/projects/Ghar_sajag_r1_storage/code/ParivarSathi_v1.5.4_PWA_BatteryAnalytics_v3_4_2/host/storage/nvs_runtime_probe/build/gs_nvs_runtime_probe.elf 9 50 20 fault 891 freeze ENV={} EXIT=0
DIAG_OPERATION mode=inplace calls=47 units=1049 latch=1
NVS_RUNTIME_FAULT cut=891 write=ESP_ERR_FLASH_OP_FAIL old=49 new=127 recovered=49
COMMAND=/home/udaybhan/projects/Ghar_sajag_r1_storage/code/ParivarSathi_v1.5.4_PWA_BatteryAnalytics_v3_4_2/host/storage/nvs_runtime_probe/build/gs_nvs_runtime_probe.elf 9 50 20 fault 892 freeze ENV={} EXIT=0
DIAG_OPERATION mode=inplace calls=47 units=1049 latch=1
NVS_RUNTIME_FAULT cut=892 write=ESP_ERR_FLASH_OP_FAIL old=49 new=127 recovered=49
COMMAND=/home/udaybhan/projects/Ghar_sajag_r1_storage/code/ParivarSathi_v1.5.4_PWA_BatteryAnalytics_v3_4_2/host/storage/nvs_runtime_probe/build/gs_nvs_runtime_probe.elf 9 50 20 fault 893 freeze ENV={} EXIT=0
DIAG_OPERATION mode=inplace calls=47 units=1049 latch=1
NVS_RUNTIME_FAULT cut=893 write=ESP_ERR_FLASH_OP_FAIL old=49 new=127 recovered=49
COMMAND=/home/udaybhan/projects/Ghar_sajag_r1_storage/code/ParivarSathi_v1.5.4_PWA_BatteryAnalytics_v3_4_2/host/storage/nvs_runtime_probe/build/gs_nvs_runtime_probe.elf 9 50 20 fault 894 freeze ENV={} EXIT=0
DIAG_OPERATION mode=inplace calls=47 units=1049 latch=1
NVS_RUNTIME_FAULT cut=894 write=ESP_ERR_FLASH_OP_FAIL old=49 new=127 recovered=49
COMMAND=/home/udaybhan/projects/Ghar_sajag_r1_storage/code/ParivarSathi_v1.5.4_PWA_BatteryAnalytics_v3_4_2/host/storage/nvs_runtime_probe/build/gs_nvs_runtime_probe.elf 9 50 20 fault 895 freeze ENV={} EXIT=0
DIAG_OPERATION mode=inplace calls=47 units=1049 latch=1
NVS_RUNTIME_FAULT cut=895 write=ESP_ERR_FLASH_OP_FAIL old=49 new=127 recovered=49
COMMAND=/home/udaybhan/projects/Ghar_sajag_r1_storage/code/ParivarSathi_v1.5.4_PWA_BatteryAnalytics_v3_4_2/host/storage/nvs_runtime_probe/build/gs_nvs_runtime_probe.elf 9 50 20 fault 896 freeze ENV={} EXIT=0
DIAG_OPERATION mode=inplace calls=47 units=1049 latch=1
NVS_RUNTIME_FAULT cut=896 write=ESP_ERR_FLASH_OP_FAIL old=49 new=127 recovered=49
COMMAND=/home/udaybhan/projects/Ghar_sajag_r1_storage/code/ParivarSathi_v1.5.4_PWA_BatteryAnalytics_v3_4_2/host/storage/nvs_runtime_probe/build/gs_nvs_runtime_probe.elf 9 50 20 fault 897 freeze ENV={} EXIT=0
DIAG_OPERATION mode=inplace calls=47 units=1049 latch=1
NVS_RUNTIME_FAULT cut=897 write=ESP_ERR_FLASH_OP_FAIL old=49 new=127 recovered=49
COMMAND=/home/udaybhan/projects/Ghar_sajag_r1_storage/code/ParivarSathi_v1.5.4_PWA_BatteryAnalytics_v3_4_2/host/storage/nvs_runtime_probe/build/gs_nvs_runtime_probe.elf 9 50 20 fault 898 freeze ENV={} EXIT=0
DIAG_OPERATION mode=inplace calls=47 units=1049 latch=1
NVS_RUNTIME_FAULT cut=898 write=ESP_ERR_FLASH_OP_FAIL old=49 new=127 recovered=49
COMMAND=/home/udaybhan/projects/Ghar_sajag_r1_storage/code/ParivarSathi_v1.5.4_PWA_BatteryAnalytics_v3_4_2/host/storage/nvs_runtime_probe/build/gs_nvs_runtime_probe.elf 9 50 20 fault 899 freeze ENV={} EXIT=0
DIAG_OPERATION mode=inplace calls=47 units=1049 latch=1
NVS_RUNTIME_FAULT cut=899 write=ESP_ERR_FLASH_OP_FAIL old=49 new=127 recovered=49
COMMAND=/home/udaybhan/projects/Ghar_sajag_r1_storage/code/ParivarSathi_v1.5.4_PWA_BatteryAnalytics_v3_4_2/host/storage/nvs_runtime_probe/build/gs_nvs_runtime_probe.elf 9 50 20 fault 900 freeze ENV={} EXIT=0
DIAG_OPERATION mode=inplace calls=47 units=1049 latch=1
NVS_RUNTIME_FAULT cut=900 write=ESP_ERR_FLASH_OP_FAIL old=49 new=127 recovered=49
COMMAND=/home/udaybhan/projects/Ghar_sajag_r1_storage/code/ParivarSathi_v1.5.4_PWA_BatteryAnalytics_v3_4_2/host/storage/nvs_runtime_probe/build/gs_nvs_runtime_probe.elf 9 50 20 fault 901 freeze ENV={} EXIT=0
DIAG_OPERATION mode=inplace calls=47 units=1049 latch=1
NVS_RUNTIME_FAULT cut=901 write=ESP_ERR_FLASH_OP_FAIL old=49 new=127 recovered=49
COMMAND=/home/udaybhan/projects/Ghar_sajag_r1_storage/code/ParivarSathi_v1.5.4_PWA_BatteryAnalytics_v3_4_2/host/storage/nvs_runtime_probe/build/gs_nvs_runtime_probe.elf 9 50 20 fault 902 freeze ENV={} EXIT=0
DIAG_OPERATION mode=inplace calls=47 units=1049 latch=1
NVS_RUNTIME_FAULT cut=902 write=ESP_ERR_FLASH_OP_FAIL old=49 new=127 recovered=49
COMMAND=/home/udaybhan/projects/Ghar_sajag_r1_storage/code/ParivarSathi_v1.5.4_PWA_BatteryAnalytics_v3_4_2/host/storage/nvs_runtime_probe/build/gs_nvs_runtime_probe.elf 9 50 20 fault 903 freeze ENV={} EXIT=0
DIAG_OPERATION mode=inplace calls=47 units=1049 latch=1
NVS_RUNTIME_FAULT cut=903 write=ESP_ERR_FLASH_OP_FAIL old=49 new=127 recovered=49
COMMAND=/home/udaybhan/projects/Ghar_sajag_r1_storage/code/ParivarSathi_v1.5.4_PWA_BatteryAnalytics_v3_4_2/host/storage/nvs_runtime_probe/build/gs_nvs_runtime_probe.elf 9 50 20 fault 904 freeze ENV={} EXIT=0
DIAG_OPERATION mode=inplace calls=47 units=1049 latch=1
NVS_RUNTIME_FAULT cut=904 write=ESP_ERR_FLASH_OP_FAIL old=49 new=127 recovered=49
COMMAND=/home/udaybhan/projects/Ghar_sajag_r1_storage/code/ParivarSathi_v1.5.4_PWA_BatteryAnalytics_v3_4_2/host/storage/nvs_runtime_probe/build/gs_nvs_runtime_probe.elf 9 50 20 fault 905 freeze ENV={} EXIT=0
DIAG_OPERATION mode=inplace calls=47 units=1049 latch=1
NVS_RUNTIME_FAULT cut=905 write=ESP_ERR_FLASH_OP_FAIL old=49 new=127 recovered=49
COMMAND=/home/udaybhan/projects/Ghar_sajag_r1_storage/code/ParivarSathi_v1.5.4_PWA_BatteryAnalytics_v3_4_2/host/storage/nvs_runtime_probe/build/gs_nvs_runtime_probe.elf 9 50 20 fault 906 freeze ENV={} EXIT=0
DIAG_OPERATION mode=inplace calls=47 units=1049 latch=1
NVS_RUNTIME_FAULT cut=906 write=ESP_ERR_FLASH_OP_FAIL old=49 new=127 recovered=49
COMMAND=/home/udaybhan/projects/Ghar_sajag_r1_storage/code/ParivarSathi_v1.5.4_PWA_BatteryAnalytics_v3_4_2/host/storage/nvs_runtime_probe/build/gs_nvs_runtime_probe.elf 9 50 20 fault 907 freeze ENV={} EXIT=0
DIAG_OPERATION mode=inplace calls=47 units=1049 latch=1
NVS_RUNTIME_FAULT cut=907 write=ESP_ERR_FLASH_OP_FAIL old=49 new=127 recovered=49
COMMAND=/home/udaybhan/projects/Ghar_sajag_r1_storage/code/ParivarSathi_v1.5.4_PWA_BatteryAnalytics_v3_4_2/host/storage/nvs_runtime_probe/build/gs_nvs_runtime_probe.elf 9 50 20 fault 908 freeze ENV={} EXIT=0
DIAG_OPERATION mode=inplace calls=47 units=1049 latch=1
NVS_RUNTIME_FAULT cut=908 write=ESP_ERR_FLASH_OP_FAIL old=49 new=127 recovered=49
COMMAND=/home/udaybhan/projects/Ghar_sajag_r1_storage/code/ParivarSathi_v1.5.4_PWA_BatteryAnalytics_v3_4_2/host/storage/nvs_runtime_probe/build/gs_nvs_runtime_probe.elf 9 50 20 fault 909 freeze ENV={} EXIT=0
DIAG_OPERATION mode=inplace calls=47 units=1049 latch=1
NVS_RUNTIME_FAULT cut=909 write=ESP_ERR_FLASH_OP_FAIL old=49 new=127 recovered=49
COMMAND=/home/udaybhan/projects/Ghar_sajag_r1_storage/code/ParivarSathi_v1.5.4_PWA_BatteryAnalytics_v3_4_2/host/storage/nvs_runtime_probe/build/gs_nvs_runtime_probe.elf 9 50 20 fault 910 freeze ENV={} EXIT=0
DIAG_OPERATION mode=inplace calls=47 units=1049 latch=1
NVS_RUNTIME_FAULT cut=910 write=ESP_ERR_FLASH_OP_FAIL old=49 new=127 recovered=49
COMMAND=/home/udaybhan/projects/Ghar_sajag_r1_storage/code/ParivarSathi_v1.5.4_PWA_BatteryAnalytics_v3_4_2/host/storage/nvs_runtime_probe/build/gs_nvs_runtime_probe.elf 9 50 20 fault 911 freeze ENV={} EXIT=0
DIAG_OPERATION mode=inplace calls=47 units=1049 latch=1
NVS_RUNTIME_FAULT cut=911 write=ESP_ERR_FLASH_OP_FAIL old=49 new=127 recovered=49
COMMAND=/home/udaybhan/projects/Ghar_sajag_r1_storage/code/ParivarSathi_v1.5.4_PWA_BatteryAnalytics_v3_4_2/host/storage/nvs_runtime_probe/build/gs_nvs_runtime_probe.elf 9 50 20 fault 912 freeze ENV={} EXIT=0
DIAG_OPERATION mode=inplace calls=47 units=1049 latch=1
NVS_RUNTIME_FAULT cut=912 write=ESP_ERR_FLASH_OP_FAIL old=49 new=127 recovered=49
COMMAND=/home/udaybhan/projects/Ghar_sajag_r1_storage/code/ParivarSathi_v1.5.4_PWA_BatteryAnalytics_v3_4_2/host/storage/nvs_runtime_probe/build/gs_nvs_runtime_probe.elf 9 50 20 fault 913 freeze ENV={} EXIT=0
DIAG_OPERATION mode=inplace calls=47 units=1049 latch=1
NVS_RUNTIME_FAULT cut=913 write=ESP_ERR_FLASH_OP_FAIL old=49 new=127 recovered=49
COMMAND=/home/udaybhan/projects/Ghar_sajag_r1_storage/code/ParivarSathi_v1.5.4_PWA_BatteryAnalytics_v3_4_2/host/storage/nvs_runtime_probe/build/gs_nvs_runtime_probe.elf 9 50 20 fault 914 freeze ENV={} EXIT=0
DIAG_OPERATION mode=inplace calls=47 units=1049 latch=1
NVS_RUNTIME_FAULT cut=914 write=ESP_ERR_FLASH_OP_FAIL old=49 new=127 recovered=49
COMMAND=/home/udaybhan/projects/Ghar_sajag_r1_storage/code/ParivarSathi_v1.5.4_PWA_BatteryAnalytics_v3_4_2/host/storage/nvs_runtime_probe/build/gs_nvs_runtime_probe.elf 9 50 20 fault 915 freeze ENV={} EXIT=0
DIAG_OPERATION mode=inplace calls=47 units=1049 latch=1
NVS_RUNTIME_FAULT cut=915 write=ESP_ERR_FLASH_OP_FAIL old=49 new=127 recovered=49
COMMAND=/home/udaybhan/projects/Ghar_sajag_r1_storage/code/ParivarSathi_v1.5.4_PWA_BatteryAnalytics_v3_4_2/host/storage/nvs_runtime_probe/build/gs_nvs_runtime_probe.elf 9 50 20 fault 916 freeze ENV={} EXIT=0
DIAG_OPERATION mode=inplace calls=47 units=1049 latch=1
NVS_RUNTIME_FAULT cut=916 write=ESP_ERR_FLASH_OP_FAIL old=49 new=127 recovered=49
COMMAND=/home/udaybhan/projects/Ghar_sajag_r1_storage/code/ParivarSathi_v1.5.4_PWA_BatteryAnalytics_v3_4_2/host/storage/nvs_runtime_probe/build/gs_nvs_runtime_probe.elf 9 50 20 fault 917 freeze ENV={} EXIT=0
DIAG_OPERATION mode=inplace calls=47 units=1049 latch=1
NVS_RUNTIME_FAULT cut=917 write=ESP_ERR_FLASH_OP_FAIL old=49 new=127 recovered=49
COMMAND=/home/udaybhan/projects/Ghar_sajag_r1_storage/code/ParivarSathi_v1.5.4_PWA_BatteryAnalytics_v3_4_2/host/storage/nvs_runtime_probe/build/gs_nvs_runtime_probe.elf 9 50 20 fault 918 freeze ENV={} EXIT=0
DIAG_OPERATION mode=inplace calls=47 units=1049 latch=1
NVS_RUNTIME_FAULT cut=918 write=ESP_ERR_FLASH_OP_FAIL old=49 new=127 recovered=49
COMMAND=/home/udaybhan/projects/Ghar_sajag_r1_storage/code/ParivarSathi_v1.5.4_PWA_BatteryAnalytics_v3_4_2/host/storage/nvs_runtime_probe/build/gs_nvs_runtime_probe.elf 9 50 20 fault 919 freeze ENV={} EXIT=0
DIAG_OPERATION mode=inplace calls=47 units=1049 latch=1
NVS_RUNTIME_FAULT cut=919 write=ESP_ERR_FLASH_OP_FAIL old=49 new=127 recovered=49
COMMAND=/home/udaybhan/projects/Ghar_sajag_r1_storage/code/ParivarSathi_v1.5.4_PWA_BatteryAnalytics_v3_4_2/host/storage/nvs_runtime_probe/build/gs_nvs_runtime_probe.elf 9 50 20 fault 920 freeze ENV={} EXIT=0
DIAG_OPERATION mode=inplace calls=47 units=1049 latch=1
NVS_RUNTIME_FAULT cut=920 write=ESP_ERR_FLASH_OP_FAIL old=49 new=127 recovered=49
COMMAND=/home/udaybhan/projects/Ghar_sajag_r1_storage/code/ParivarSathi_v1.5.4_PWA_BatteryAnalytics_v3_4_2/host/storage/nvs_runtime_probe/build/gs_nvs_runtime_probe.elf 9 50 20 fault 921 freeze ENV={} EXIT=0
DIAG_OPERATION mode=inplace calls=47 units=1049 latch=1
NVS_RUNTIME_FAULT cut=921 write=ESP_ERR_FLASH_OP_FAIL old=49 new=127 recovered=49
COMMAND=/home/udaybhan/projects/Ghar_sajag_r1_storage/code/ParivarSathi_v1.5.4_PWA_BatteryAnalytics_v3_4_2/host/storage/nvs_runtime_probe/build/gs_nvs_runtime_probe.elf 9 50 20 fault 922 freeze ENV={} EXIT=0
DIAG_OPERATION mode=inplace calls=47 units=1049 latch=1
NVS_RUNTIME_FAULT cut=922 write=ESP_ERR_FLASH_OP_FAIL old=49 new=127 recovered=49
COMMAND=/home/udaybhan/projects/Ghar_sajag_r1_storage/code/ParivarSathi_v1.5.4_PWA_BatteryAnalytics_v3_4_2/host/storage/nvs_runtime_probe/build/gs_nvs_runtime_probe.elf 9 50 20 fault 923 freeze ENV={} EXIT=0
DIAG_OPERATION mode=inplace calls=47 units=1049 latch=1
NVS_RUNTIME_FAULT cut=923 write=ESP_ERR_FLASH_OP_FAIL old=49 new=127 recovered=49
COMMAND=/home/udaybhan/projects/Ghar_sajag_r1_storage/code/ParivarSathi_v1.5.4_PWA_BatteryAnalytics_v3_4_2/host/storage/nvs_runtime_probe/build/gs_nvs_runtime_probe.elf 9 50 20 fault 924 freeze ENV={} EXIT=0
DIAG_OPERATION mode=inplace calls=47 units=1049 latch=1
NVS_RUNTIME_FAULT cut=924 write=ESP_ERR_FLASH_OP_FAIL old=49 new=127 recovered=49
COMMAND=/home/udaybhan/projects/Ghar_sajag_r1_storage/code/ParivarSathi_v1.5.4_PWA_BatteryAnalytics_v3_4_2/host/storage/nvs_runtime_probe/build/gs_nvs_runtime_probe.elf 9 50 20 fault 925 freeze ENV={} EXIT=0
DIAG_OPERATION mode=inplace calls=47 units=1049 latch=1
NVS_RUNTIME_FAULT cut=925 write=ESP_ERR_FLASH_OP_FAIL old=49 new=127 recovered=49
COMMAND=/home/udaybhan/projects/Ghar_sajag_r1_storage/code/ParivarSathi_v1.5.4_PWA_BatteryAnalytics_v3_4_2/host/storage/nvs_runtime_probe/build/gs_nvs_runtime_probe.elf 9 50 20 fault 926 freeze ENV={} EXIT=0
DIAG_OPERATION mode=inplace calls=47 units=1049 latch=1
NVS_RUNTIME_FAULT cut=926 write=ESP_ERR_FLASH_OP_FAIL old=49 new=127 recovered=49
COMMAND=/home/udaybhan/projects/Ghar_sajag_r1_storage/code/ParivarSathi_v1.5.4_PWA_BatteryAnalytics_v3_4_2/host/storage/nvs_runtime_probe/build/gs_nvs_runtime_probe.elf 9 50 20 fault 927 freeze ENV={} EXIT=0
DIAG_OPERATION mode=inplace calls=47 units=1049 latch=1
NVS_RUNTIME_FAULT cut=927 write=ESP_ERR_FLASH_OP_FAIL old=49 new=127 recovered=49
COMMAND=/home/udaybhan/projects/Ghar_sajag_r1_storage/code/ParivarSathi_v1.5.4_PWA_BatteryAnalytics_v3_4_2/host/storage/nvs_runtime_probe/build/gs_nvs_runtime_probe.elf 9 50 20 fault 928 freeze ENV={} EXIT=0
DIAG_OPERATION mode=inplace calls=47 units=1049 latch=1
NVS_RUNTIME_FAULT cut=928 write=ESP_ERR_FLASH_OP_FAIL old=49 new=127 recovered=49
COMMAND=/home/udaybhan/projects/Ghar_sajag_r1_storage/code/ParivarSathi_v1.5.4_PWA_BatteryAnalytics_v3_4_2/host/storage/nvs_runtime_probe/build/gs_nvs_runtime_probe.elf 9 50 20 fault 929 freeze ENV={} EXIT=0
DIAG_OPERATION mode=inplace calls=47 units=1049 latch=1
NVS_RUNTIME_FAULT cut=929 write=ESP_ERR_FLASH_OP_FAIL old=49 new=127 recovered=49
COMMAND=/home/udaybhan/projects/Ghar_sajag_r1_storage/code/ParivarSathi_v1.5.4_PWA_BatteryAnalytics_v3_4_2/host/storage/nvs_runtime_probe/build/gs_nvs_runtime_probe.elf 9 50 20 fault 930 freeze ENV={} EXIT=0
DIAG_OPERATION mode=inplace calls=47 units=1049 latch=1
NVS_RUNTIME_FAULT cut=930 write=ESP_ERR_FLASH_OP_FAIL old=49 new=127 recovered=49
COMMAND=/home/udaybhan/projects/Ghar_sajag_r1_storage/code/ParivarSathi_v1.5.4_PWA_BatteryAnalytics_v3_4_2/host/storage/nvs_runtime_probe/build/gs_nvs_runtime_probe.elf 9 50 20 fault 931 freeze ENV={} EXIT=0
DIAG_OPERATION mode=inplace calls=47 units=1049 latch=1
NVS_RUNTIME_FAULT cut=931 write=ESP_ERR_FLASH_OP_FAIL old=49 new=127 recovered=49
COMMAND=/home/udaybhan/projects/Ghar_sajag_r1_storage/code/ParivarSathi_v1.5.4_PWA_BatteryAnalytics_v3_4_2/host/storage/nvs_runtime_probe/build/gs_nvs_runtime_probe.elf 9 50 20 fault 932 freeze ENV={} EXIT=0
DIAG_OPERATION mode=inplace calls=47 units=1049 latch=1
NVS_RUNTIME_FAULT cut=932 write=ESP_ERR_FLASH_OP_FAIL old=49 new=127 recovered=49
COMMAND=/home/udaybhan/projects/Ghar_sajag_r1_storage/code/ParivarSathi_v1.5.4_PWA_BatteryAnalytics_v3_4_2/host/storage/nvs_runtime_probe/build/gs_nvs_runtime_probe.elf 9 50 20 fault 933 freeze ENV={} EXIT=0
DIAG_OPERATION mode=inplace calls=47 units=1049 latch=1
NVS_RUNTIME_FAULT cut=933 write=ESP_ERR_FLASH_OP_FAIL old=49 new=127 recovered=49
COMMAND=/home/udaybhan/projects/Ghar_sajag_r1_storage/code/ParivarSathi_v1.5.4_PWA_BatteryAnalytics_v3_4_2/host/storage/nvs_runtime_probe/build/gs_nvs_runtime_probe.elf 9 50 20 fault 934 freeze ENV={} EXIT=0
DIAG_OPERATION mode=inplace calls=47 units=1049 latch=1
NVS_RUNTIME_FAULT cut=934 write=ESP_ERR_FLASH_OP_FAIL old=49 new=127 recovered=49
COMMAND=/home/udaybhan/projects/Ghar_sajag_r1_storage/code/ParivarSathi_v1.5.4_PWA_BatteryAnalytics_v3_4_2/host/storage/nvs_runtime_probe/build/gs_nvs_runtime_probe.elf 9 50 20 fault 935 freeze ENV={} EXIT=0
DIAG_OPERATION mode=inplace calls=47 units=1049 latch=1
NVS_RUNTIME_FAULT cut=935 write=ESP_ERR_FLASH_OP_FAIL old=49 new=127 recovered=49
COMMAND=/home/udaybhan/projects/Ghar_sajag_r1_storage/code/ParivarSathi_v1.5.4_PWA_BatteryAnalytics_v3_4_2/host/storage/nvs_runtime_probe/build/gs_nvs_runtime_probe.elf 9 50 20 fault 936 freeze ENV={} EXIT=0
DIAG_OPERATION mode=inplace calls=47 units=1049 latch=1
NVS_RUNTIME_FAULT cut=936 write=ESP_ERR_FLASH_OP_FAIL old=49 new=127 recovered=49
COMMAND=/home/udaybhan/projects/Ghar_sajag_r1_storage/code/ParivarSathi_v1.5.4_PWA_BatteryAnalytics_v3_4_2/host/storage/nvs_runtime_probe/build/gs_nvs_runtime_probe.elf 9 50 20 fault 937 freeze ENV={} EXIT=0
DIAG_OPERATION mode=inplace calls=47 units=1049 latch=1
NVS_RUNTIME_FAULT cut=937 write=ESP_ERR_FLASH_OP_FAIL old=49 new=127 recovered=49
COMMAND=/home/udaybhan/projects/Ghar_sajag_r1_storage/code/ParivarSathi_v1.5.4_PWA_BatteryAnalytics_v3_4_2/host/storage/nvs_runtime_probe/build/gs_nvs_runtime_probe.elf 9 50 20 fault 938 freeze ENV={} EXIT=0
DIAG_OPERATION mode=inplace calls=47 units=1049 latch=1
NVS_RUNTIME_FAULT cut=938 write=ESP_ERR_FLASH_OP_FAIL old=49 new=127 recovered=49
COMMAND=/home/udaybhan/projects/Ghar_sajag_r1_storage/code/ParivarSathi_v1.5.4_PWA_BatteryAnalytics_v3_4_2/host/storage/nvs_runtime_probe/build/gs_nvs_runtime_probe.elf 9 50 20 fault 939 freeze ENV={} EXIT=0
DIAG_OPERATION mode=inplace calls=47 units=1049 latch=1
NVS_RUNTIME_FAULT cut=939 write=ESP_ERR_FLASH_OP_FAIL old=49 new=127 recovered=49
COMMAND=/home/udaybhan/projects/Ghar_sajag_r1_storage/code/ParivarSathi_v1.5.4_PWA_BatteryAnalytics_v3_4_2/host/storage/nvs_runtime_probe/build/gs_nvs_runtime_probe.elf 9 50 20 fault 940 freeze ENV={} EXIT=0
DIAG_OPERATION mode=inplace calls=47 units=1049 latch=1
NVS_RUNTIME_FAULT cut=940 write=ESP_ERR_FLASH_OP_FAIL old=49 new=127 recovered=49
COMMAND=/home/udaybhan/projects/Ghar_sajag_r1_storage/code/ParivarSathi_v1.5.4_PWA_BatteryAnalytics_v3_4_2/host/storage/nvs_runtime_probe/build/gs_nvs_runtime_probe.elf 9 50 20 fault 941 freeze ENV={} EXIT=0
DIAG_OPERATION mode=inplace calls=47 units=1049 latch=1
NVS_RUNTIME_FAULT cut=941 write=ESP_ERR_FLASH_OP_FAIL old=49 new=127 recovered=49
COMMAND=/home/udaybhan/projects/Ghar_sajag_r1_storage/code/ParivarSathi_v1.5.4_PWA_BatteryAnalytics_v3_4_2/host/storage/nvs_runtime_probe/build/gs_nvs_runtime_probe.elf 9 50 20 fault 942 freeze ENV={} EXIT=0
DIAG_OPERATION mode=inplace calls=47 units=1049 latch=1
NVS_RUNTIME_FAULT cut=942 write=ESP_ERR_FLASH_OP_FAIL old=49 new=127 recovered=49
COMMAND=/home/udaybhan/projects/Ghar_sajag_r1_storage/code/ParivarSathi_v1.5.4_PWA_BatteryAnalytics_v3_4_2/host/storage/nvs_runtime_probe/build/gs_nvs_runtime_probe.elf 9 50 20 fault 943 freeze ENV={} EXIT=0
DIAG_OPERATION mode=inplace calls=47 units=1049 latch=1
NVS_RUNTIME_FAULT cut=943 write=ESP_ERR_FLASH_OP_FAIL old=49 new=127 recovered=49
COMMAND=/home/udaybhan/projects/Ghar_sajag_r1_storage/code/ParivarSathi_v1.5.4_PWA_BatteryAnalytics_v3_4_2/host/storage/nvs_runtime_probe/build/gs_nvs_runtime_probe.elf 9 50 20 fault 944 freeze ENV={} EXIT=0
DIAG_OPERATION mode=inplace calls=47 units=1049 latch=1
NVS_RUNTIME_FAULT cut=944 write=ESP_ERR_FLASH_OP_FAIL old=49 new=127 recovered=49
COMMAND=/home/udaybhan/projects/Ghar_sajag_r1_storage/code/ParivarSathi_v1.5.4_PWA_BatteryAnalytics_v3_4_2/host/storage/nvs_runtime_probe/build/gs_nvs_runtime_probe.elf 9 50 20 fault 945 freeze ENV={} EXIT=0
DIAG_OPERATION mode=inplace calls=47 units=1049 latch=1
NVS_RUNTIME_FAULT cut=945 write=ESP_ERR_FLASH_OP_FAIL old=49 new=127 recovered=49
COMMAND=/home/udaybhan/projects/Ghar_sajag_r1_storage/code/ParivarSathi_v1.5.4_PWA_BatteryAnalytics_v3_4_2/host/storage/nvs_runtime_probe/build/gs_nvs_runtime_probe.elf 9 50 20 fault 946 freeze ENV={} EXIT=0
DIAG_OPERATION mode=inplace calls=47 units=1049 latch=1
NVS_RUNTIME_FAULT cut=946 write=ESP_ERR_FLASH_OP_FAIL old=49 new=127 recovered=49
COMMAND=/home/udaybhan/projects/Ghar_sajag_r1_storage/code/ParivarSathi_v1.5.4_PWA_BatteryAnalytics_v3_4_2/host/storage/nvs_runtime_probe/build/gs_nvs_runtime_probe.elf 9 50 20 fault 947 freeze ENV={} EXIT=0
DIAG_OPERATION mode=inplace calls=47 units=1049 latch=1
NVS_RUNTIME_FAULT cut=947 write=ESP_ERR_FLASH_OP_FAIL old=49 new=127 recovered=49
COMMAND=/home/udaybhan/projects/Ghar_sajag_r1_storage/code/ParivarSathi_v1.5.4_PWA_BatteryAnalytics_v3_4_2/host/storage/nvs_runtime_probe/build/gs_nvs_runtime_probe.elf 9 50 20 fault 948 freeze ENV={} EXIT=0
DIAG_OPERATION mode=inplace calls=47 units=1049 latch=1
NVS_RUNTIME_FAULT cut=948 write=ESP_ERR_FLASH_OP_FAIL old=49 new=127 recovered=49
COMMAND=/home/udaybhan/projects/Ghar_sajag_r1_storage/code/ParivarSathi_v1.5.4_PWA_BatteryAnalytics_v3_4_2/host/storage/nvs_runtime_probe/build/gs_nvs_runtime_probe.elf 9 50 20 fault 949 freeze ENV={} EXIT=0
DIAG_OPERATION mode=inplace calls=47 units=1049 latch=1
NVS_RUNTIME_FAULT cut=949 write=ESP_ERR_FLASH_OP_FAIL old=49 new=127 recovered=49
COMMAND=/home/udaybhan/projects/Ghar_sajag_r1_storage/code/ParivarSathi_v1.5.4_PWA_BatteryAnalytics_v3_4_2/host/storage/nvs_runtime_probe/build/gs_nvs_runtime_probe.elf 9 50 20 fault 950 freeze ENV={} EXIT=0
DIAG_OPERATION mode=inplace calls=47 units=1049 latch=1
NVS_RUNTIME_FAULT cut=950 write=ESP_ERR_FLASH_OP_FAIL old=49 new=127 recovered=49
COMMAND=/home/udaybhan/projects/Ghar_sajag_r1_storage/code/ParivarSathi_v1.5.4_PWA_BatteryAnalytics_v3_4_2/host/storage/nvs_runtime_probe/build/gs_nvs_runtime_probe.elf 9 50 20 fault 951 freeze ENV={} EXIT=0
DIAG_OPERATION mode=inplace calls=47 units=1049 latch=1
NVS_RUNTIME_FAULT cut=951 write=ESP_ERR_FLASH_OP_FAIL old=49 new=127 recovered=49
COMMAND=/home/udaybhan/projects/Ghar_sajag_r1_storage/code/ParivarSathi_v1.5.4_PWA_BatteryAnalytics_v3_4_2/host/storage/nvs_runtime_probe/build/gs_nvs_runtime_probe.elf 9 50 20 fault 952 freeze ENV={} EXIT=0
DIAG_OPERATION mode=inplace calls=47 units=1049 latch=1
NVS_RUNTIME_FAULT cut=952 write=ESP_ERR_FLASH_OP_FAIL old=49 new=127 recovered=49
COMMAND=/home/udaybhan/projects/Ghar_sajag_r1_storage/code/ParivarSathi_v1.5.4_PWA_BatteryAnalytics_v3_4_2/host/storage/nvs_runtime_probe/build/gs_nvs_runtime_probe.elf 9 50 20 fault 953 freeze ENV={} EXIT=0
DIAG_OPERATION mode=inplace calls=47 units=1049 latch=1
NVS_RUNTIME_FAULT cut=953 write=ESP_ERR_FLASH_OP_FAIL old=49 new=127 recovered=49
COMMAND=/home/udaybhan/projects/Ghar_sajag_r1_storage/code/ParivarSathi_v1.5.4_PWA_BatteryAnalytics_v3_4_2/host/storage/nvs_runtime_probe/build/gs_nvs_runtime_probe.elf 9 50 20 fault 954 freeze ENV={} EXIT=0
DIAG_OPERATION mode=inplace calls=47 units=1049 latch=1
NVS_RUNTIME_FAULT cut=954 write=ESP_ERR_FLASH_OP_FAIL old=49 new=127 recovered=49
COMMAND=/home/udaybhan/projects/Ghar_sajag_r1_storage/code/ParivarSathi_v1.5.4_PWA_BatteryAnalytics_v3_4_2/host/storage/nvs_runtime_probe/build/gs_nvs_runtime_probe.elf 9 50 20 fault 955 freeze ENV={} EXIT=0
DIAG_OPERATION mode=inplace calls=47 units=1049 latch=1
NVS_RUNTIME_FAULT cut=955 write=ESP_ERR_FLASH_OP_FAIL old=49 new=127 recovered=49
COMMAND=/home/udaybhan/projects/Ghar_sajag_r1_storage/code/ParivarSathi_v1.5.4_PWA_BatteryAnalytics_v3_4_2/host/storage/nvs_runtime_probe/build/gs_nvs_runtime_probe.elf 9 50 20 fault 956 freeze ENV={} EXIT=0
DIAG_OPERATION mode=inplace calls=47 units=1049 latch=1
NVS_RUNTIME_FAULT cut=956 write=ESP_ERR_FLASH_OP_FAIL old=49 new=127 recovered=49
COMMAND=/home/udaybhan/projects/Ghar_sajag_r1_storage/code/ParivarSathi_v1.5.4_PWA_BatteryAnalytics_v3_4_2/host/storage/nvs_runtime_probe/build/gs_nvs_runtime_probe.elf 9 50 20 fault 957 freeze ENV={} EXIT=0
DIAG_OPERATION mode=inplace calls=47 units=1049 latch=1
NVS_RUNTIME_FAULT cut=957 write=ESP_ERR_FLASH_OP_FAIL old=49 new=127 recovered=49
COMMAND=/home/udaybhan/projects/Ghar_sajag_r1_storage/code/ParivarSathi_v1.5.4_PWA_BatteryAnalytics_v3_4_2/host/storage/nvs_runtime_probe/build/gs_nvs_runtime_probe.elf 9 50 20 fault 958 freeze ENV={} EXIT=0
DIAG_OPERATION mode=inplace calls=47 units=1049 latch=1
NVS_RUNTIME_FAULT cut=958 write=ESP_ERR_FLASH_OP_FAIL old=49 new=127 recovered=49
COMMAND=/home/udaybhan/projects/Ghar_sajag_r1_storage/code/ParivarSathi_v1.5.4_PWA_BatteryAnalytics_v3_4_2/host/storage/nvs_runtime_probe/build/gs_nvs_runtime_probe.elf 9 50 20 fault 959 freeze ENV={} EXIT=0
DIAG_OPERATION mode=inplace calls=47 units=1049 latch=1
NVS_RUNTIME_FAULT cut=959 write=ESP_ERR_FLASH_OP_FAIL old=49 new=127 recovered=49
COMMAND=/home/udaybhan/projects/Ghar_sajag_r1_storage/code/ParivarSathi_v1.5.4_PWA_BatteryAnalytics_v3_4_2/host/storage/nvs_runtime_probe/build/gs_nvs_runtime_probe.elf 9 50 20 fault 960 freeze ENV={} EXIT=0
DIAG_OPERATION mode=inplace calls=47 units=1049 latch=1
NVS_RUNTIME_FAULT cut=960 write=ESP_ERR_FLASH_OP_FAIL old=49 new=127 recovered=49
COMMAND=/home/udaybhan/projects/Ghar_sajag_r1_storage/code/ParivarSathi_v1.5.4_PWA_BatteryAnalytics_v3_4_2/host/storage/nvs_runtime_probe/build/gs_nvs_runtime_probe.elf 9 50 20 fault 961 freeze ENV={} EXIT=0
DIAG_OPERATION mode=inplace calls=47 units=1049 latch=1
NVS_RUNTIME_FAULT cut=961 write=ESP_ERR_FLASH_OP_FAIL old=49 new=127 recovered=49
COMMAND=/home/udaybhan/projects/Ghar_sajag_r1_storage/code/ParivarSathi_v1.5.4_PWA_BatteryAnalytics_v3_4_2/host/storage/nvs_runtime_probe/build/gs_nvs_runtime_probe.elf 9 50 20 fault 962 freeze ENV={} EXIT=0
DIAG_OPERATION mode=inplace calls=47 units=1049 latch=1
NVS_RUNTIME_FAULT cut=962 write=ESP_ERR_FLASH_OP_FAIL old=49 new=127 recovered=49
COMMAND=/home/udaybhan/projects/Ghar_sajag_r1_storage/code/ParivarSathi_v1.5.4_PWA_BatteryAnalytics_v3_4_2/host/storage/nvs_runtime_probe/build/gs_nvs_runtime_probe.elf 9 50 20 fault 963 freeze ENV={} EXIT=0
DIAG_OPERATION mode=inplace calls=47 units=1049 latch=1
NVS_RUNTIME_FAULT cut=963 write=ESP_ERR_FLASH_OP_FAIL old=49 new=127 recovered=49
COMMAND=/home/udaybhan/projects/Ghar_sajag_r1_storage/code/ParivarSathi_v1.5.4_PWA_BatteryAnalytics_v3_4_2/host/storage/nvs_runtime_probe/build/gs_nvs_runtime_probe.elf 9 50 20 fault 964 freeze ENV={} EXIT=0
DIAG_OPERATION mode=inplace calls=47 units=1049 latch=1
NVS_RUNTIME_FAULT cut=964 write=ESP_ERR_FLASH_OP_FAIL old=49 new=127 recovered=49
COMMAND=/home/udaybhan/projects/Ghar_sajag_r1_storage/code/ParivarSathi_v1.5.4_PWA_BatteryAnalytics_v3_4_2/host/storage/nvs_runtime_probe/build/gs_nvs_runtime_probe.elf 9 50 20 fault 965 freeze ENV={} EXIT=0
DIAG_OPERATION mode=inplace calls=47 units=1049 latch=1
NVS_RUNTIME_FAULT cut=965 write=ESP_ERR_FLASH_OP_FAIL old=49 new=127 recovered=49
COMMAND=/home/udaybhan/projects/Ghar_sajag_r1_storage/code/ParivarSathi_v1.5.4_PWA_BatteryAnalytics_v3_4_2/host/storage/nvs_runtime_probe/build/gs_nvs_runtime_probe.elf 9 50 20 fault 966 freeze ENV={} EXIT=0
DIAG_OPERATION mode=inplace calls=47 units=1049 latch=1
NVS_RUNTIME_FAULT cut=966 write=ESP_ERR_FLASH_OP_FAIL old=49 new=127 recovered=49
COMMAND=/home/udaybhan/projects/Ghar_sajag_r1_storage/code/ParivarSathi_v1.5.4_PWA_BatteryAnalytics_v3_4_2/host/storage/nvs_runtime_probe/build/gs_nvs_runtime_probe.elf 9 50 20 fault 967 freeze ENV={} EXIT=0
DIAG_OPERATION mode=inplace calls=47 units=1049 latch=1
NVS_RUNTIME_FAULT cut=967 write=ESP_ERR_FLASH_OP_FAIL old=49 new=127 recovered=49
COMMAND=/home/udaybhan/projects/Ghar_sajag_r1_storage/code/ParivarSathi_v1.5.4_PWA_BatteryAnalytics_v3_4_2/host/storage/nvs_runtime_probe/build/gs_nvs_runtime_probe.elf 9 50 20 fault 968 freeze ENV={} EXIT=0
DIAG_OPERATION mode=inplace calls=47 units=1049 latch=1
NVS_RUNTIME_FAULT cut=968 write=ESP_ERR_FLASH_OP_FAIL old=49 new=127 recovered=49
COMMAND=/home/udaybhan/projects/Ghar_sajag_r1_storage/code/ParivarSathi_v1.5.4_PWA_BatteryAnalytics_v3_4_2/host/storage/nvs_runtime_probe/build/gs_nvs_runtime_probe.elf 9 50 20 fault 969 freeze ENV={} EXIT=0
DIAG_OPERATION mode=inplace calls=47 units=1049 latch=1
NVS_RUNTIME_FAULT cut=969 write=ESP_ERR_FLASH_OP_FAIL old=49 new=127 recovered=49
COMMAND=/home/udaybhan/projects/Ghar_sajag_r1_storage/code/ParivarSathi_v1.5.4_PWA_BatteryAnalytics_v3_4_2/host/storage/nvs_runtime_probe/build/gs_nvs_runtime_probe.elf 9 50 20 fault 970 freeze ENV={} EXIT=0
DIAG_OPERATION mode=inplace calls=47 units=1049 latch=1
NVS_RUNTIME_FAULT cut=970 write=ESP_ERR_FLASH_OP_FAIL old=49 new=127 recovered=49
COMMAND=/home/udaybhan/projects/Ghar_sajag_r1_storage/code/ParivarSathi_v1.5.4_PWA_BatteryAnalytics_v3_4_2/host/storage/nvs_runtime_probe/build/gs_nvs_runtime_probe.elf 9 50 20 fault 971 freeze ENV={} EXIT=0
DIAG_OPERATION mode=inplace calls=47 units=1049 latch=1
NVS_RUNTIME_FAULT cut=971 write=ESP_ERR_FLASH_OP_FAIL old=49 new=127 recovered=49
COMMAND=/home/udaybhan/projects/Ghar_sajag_r1_storage/code/ParivarSathi_v1.5.4_PWA_BatteryAnalytics_v3_4_2/host/storage/nvs_runtime_probe/build/gs_nvs_runtime_probe.elf 9 50 20 fault 972 freeze ENV={} EXIT=0
DIAG_OPERATION mode=inplace calls=47 units=1049 latch=1
NVS_RUNTIME_FAULT cut=972 write=ESP_ERR_FLASH_OP_FAIL old=49 new=127 recovered=49
COMMAND=/home/udaybhan/projects/Ghar_sajag_r1_storage/code/ParivarSathi_v1.5.4_PWA_BatteryAnalytics_v3_4_2/host/storage/nvs_runtime_probe/build/gs_nvs_runtime_probe.elf 9 50 20 fault 973 freeze ENV={} EXIT=0
DIAG_OPERATION mode=inplace calls=47 units=1049 latch=1
NVS_RUNTIME_FAULT cut=973 write=ESP_ERR_FLASH_OP_FAIL old=49 new=127 recovered=49
COMMAND=/home/udaybhan/projects/Ghar_sajag_r1_storage/code/ParivarSathi_v1.5.4_PWA_BatteryAnalytics_v3_4_2/host/storage/nvs_runtime_probe/build/gs_nvs_runtime_probe.elf 9 50 20 fault 974 freeze ENV={} EXIT=0
DIAG_OPERATION mode=inplace calls=47 units=1049 latch=1
NVS_RUNTIME_FAULT cut=974 write=ESP_ERR_FLASH_OP_FAIL old=49 new=127 recovered=49
COMMAND=/home/udaybhan/projects/Ghar_sajag_r1_storage/code/ParivarSathi_v1.5.4_PWA_BatteryAnalytics_v3_4_2/host/storage/nvs_runtime_probe/build/gs_nvs_runtime_probe.elf 9 50 20 fault 975 freeze ENV={} EXIT=0
DIAG_OPERATION mode=inplace calls=47 units=1049 latch=1
NVS_RUNTIME_FAULT cut=975 write=ESP_ERR_FLASH_OP_FAIL old=49 new=127 recovered=49
COMMAND=/home/udaybhan/projects/Ghar_sajag_r1_storage/code/ParivarSathi_v1.5.4_PWA_BatteryAnalytics_v3_4_2/host/storage/nvs_runtime_probe/build/gs_nvs_runtime_probe.elf 9 50 20 fault 976 freeze ENV={} EXIT=0
DIAG_OPERATION mode=inplace calls=47 units=1049 latch=1
NVS_RUNTIME_FAULT cut=976 write=ESP_ERR_FLASH_OP_FAIL old=49 new=127 recovered=49
COMMAND=/home/udaybhan/projects/Ghar_sajag_r1_storage/code/ParivarSathi_v1.5.4_PWA_BatteryAnalytics_v3_4_2/host/storage/nvs_runtime_probe/build/gs_nvs_runtime_probe.elf 9 50 20 fault 977 freeze ENV={} EXIT=0
DIAG_OPERATION mode=inplace calls=47 units=1049 latch=1
NVS_RUNTIME_FAULT cut=977 write=ESP_ERR_FLASH_OP_FAIL old=49 new=127 recovered=49
COMMAND=/home/udaybhan/projects/Ghar_sajag_r1_storage/code/ParivarSathi_v1.5.4_PWA_BatteryAnalytics_v3_4_2/host/storage/nvs_runtime_probe/build/gs_nvs_runtime_probe.elf 9 50 20 fault 978 freeze ENV={} EXIT=0
DIAG_OPERATION mode=inplace calls=47 units=1049 latch=1
NVS_RUNTIME_FAULT cut=978 write=ESP_ERR_FLASH_OP_FAIL old=49 new=127 recovered=49
COMMAND=/home/udaybhan/projects/Ghar_sajag_r1_storage/code/ParivarSathi_v1.5.4_PWA_BatteryAnalytics_v3_4_2/host/storage/nvs_runtime_probe/build/gs_nvs_runtime_probe.elf 9 50 20 fault 979 freeze ENV={} EXIT=0
DIAG_OPERATION mode=inplace calls=47 units=1049 latch=1
NVS_RUNTIME_FAULT cut=979 write=ESP_ERR_FLASH_OP_FAIL old=49 new=127 recovered=49
COMMAND=/home/udaybhan/projects/Ghar_sajag_r1_storage/code/ParivarSathi_v1.5.4_PWA_BatteryAnalytics_v3_4_2/host/storage/nvs_runtime_probe/build/gs_nvs_runtime_probe.elf 9 50 20 fault 980 freeze ENV={} EXIT=0
DIAG_OPERATION mode=inplace calls=47 units=1049 latch=1
NVS_RUNTIME_FAULT cut=980 write=ESP_ERR_FLASH_OP_FAIL old=49 new=127 recovered=49
COMMAND=/home/udaybhan/projects/Ghar_sajag_r1_storage/code/ParivarSathi_v1.5.4_PWA_BatteryAnalytics_v3_4_2/host/storage/nvs_runtime_probe/build/gs_nvs_runtime_probe.elf 9 50 20 fault 981 freeze ENV={} EXIT=0
DIAG_OPERATION mode=inplace calls=47 units=1049 latch=1
NVS_RUNTIME_FAULT cut=981 write=ESP_ERR_FLASH_OP_FAIL old=49 new=127 recovered=49
COMMAND=/home/udaybhan/projects/Ghar_sajag_r1_storage/code/ParivarSathi_v1.5.4_PWA_BatteryAnalytics_v3_4_2/host/storage/nvs_runtime_probe/build/gs_nvs_runtime_probe.elf 9 50 20 fault 982 freeze ENV={} EXIT=0
DIAG_OPERATION mode=inplace calls=47 units=1049 latch=1
NVS_RUNTIME_FAULT cut=982 write=ESP_ERR_FLASH_OP_FAIL old=49 new=127 recovered=49
COMMAND=/home/udaybhan/projects/Ghar_sajag_r1_storage/code/ParivarSathi_v1.5.4_PWA_BatteryAnalytics_v3_4_2/host/storage/nvs_runtime_probe/build/gs_nvs_runtime_probe.elf 9 50 20 fault 983 freeze ENV={} EXIT=0
DIAG_OPERATION mode=inplace calls=47 units=1049 latch=1
NVS_RUNTIME_FAULT cut=983 write=ESP_ERR_FLASH_OP_FAIL old=49 new=127 recovered=49
COMMAND=/home/udaybhan/projects/Ghar_sajag_r1_storage/code/ParivarSathi_v1.5.4_PWA_BatteryAnalytics_v3_4_2/host/storage/nvs_runtime_probe/build/gs_nvs_runtime_probe.elf 9 50 20 fault 984 freeze ENV={} EXIT=0
DIAG_OPERATION mode=inplace calls=47 units=1049 latch=1
NVS_RUNTIME_FAULT cut=984 write=ESP_ERR_FLASH_OP_FAIL old=49 new=127 recovered=49
COMMAND=/home/udaybhan/projects/Ghar_sajag_r1_storage/code/ParivarSathi_v1.5.4_PWA_BatteryAnalytics_v3_4_2/host/storage/nvs_runtime_probe/build/gs_nvs_runtime_probe.elf 9 50 20 fault 985 freeze ENV={} EXIT=0
DIAG_OPERATION mode=inplace calls=47 units=1049 latch=1
NVS_RUNTIME_FAULT cut=985 write=ESP_ERR_FLASH_OP_FAIL old=49 new=127 recovered=49
COMMAND=/home/udaybhan/projects/Ghar_sajag_r1_storage/code/ParivarSathi_v1.5.4_PWA_BatteryAnalytics_v3_4_2/host/storage/nvs_runtime_probe/build/gs_nvs_runtime_probe.elf 9 50 20 fault 986 freeze ENV={} EXIT=0
DIAG_OPERATION mode=inplace calls=47 units=1049 latch=1
NVS_RUNTIME_FAULT cut=986 write=ESP_ERR_FLASH_OP_FAIL old=49 new=127 recovered=49
COMMAND=/home/udaybhan/projects/Ghar_sajag_r1_storage/code/ParivarSathi_v1.5.4_PWA_BatteryAnalytics_v3_4_2/host/storage/nvs_runtime_probe/build/gs_nvs_runtime_probe.elf 9 50 20 fault 987 freeze ENV={} EXIT=0
DIAG_OPERATION mode=inplace calls=47 units=1049 latch=1
NVS_RUNTIME_FAULT cut=987 write=ESP_ERR_FLASH_OP_FAIL old=49 new=127 recovered=49
COMMAND=/home/udaybhan/projects/Ghar_sajag_r1_storage/code/ParivarSathi_v1.5.4_PWA_BatteryAnalytics_v3_4_2/host/storage/nvs_runtime_probe/build/gs_nvs_runtime_probe.elf 9 50 20 fault 988 freeze ENV={} EXIT=0
DIAG_OPERATION mode=inplace calls=47 units=1049 latch=1
NVS_RUNTIME_FAULT cut=988 write=ESP_ERR_FLASH_OP_FAIL old=49 new=127 recovered=49
COMMAND=/home/udaybhan/projects/Ghar_sajag_r1_storage/code/ParivarSathi_v1.5.4_PWA_BatteryAnalytics_v3_4_2/host/storage/nvs_runtime_probe/build/gs_nvs_runtime_probe.elf 9 50 20 fault 989 freeze ENV={} EXIT=0
DIAG_OPERATION mode=inplace calls=47 units=1049 latch=1
NVS_RUNTIME_FAULT cut=989 write=ESP_ERR_FLASH_OP_FAIL old=49 new=127 recovered=49
COMMAND=/home/udaybhan/projects/Ghar_sajag_r1_storage/code/ParivarSathi_v1.5.4_PWA_BatteryAnalytics_v3_4_2/host/storage/nvs_runtime_probe/build/gs_nvs_runtime_probe.elf 9 50 20 fault 990 freeze ENV={} EXIT=0
DIAG_OPERATION mode=inplace calls=47 units=1049 latch=1
NVS_RUNTIME_FAULT cut=990 write=ESP_ERR_FLASH_OP_FAIL old=49 new=127 recovered=49
COMMAND=/home/udaybhan/projects/Ghar_sajag_r1_storage/code/ParivarSathi_v1.5.4_PWA_BatteryAnalytics_v3_4_2/host/storage/nvs_runtime_probe/build/gs_nvs_runtime_probe.elf 9 50 20 fault 991 freeze ENV={} EXIT=0
DIAG_OPERATION mode=inplace calls=47 units=1049 latch=1
NVS_RUNTIME_FAULT cut=991 write=ESP_ERR_FLASH_OP_FAIL old=49 new=127 recovered=49
COMMAND=/home/udaybhan/projects/Ghar_sajag_r1_storage/code/ParivarSathi_v1.5.4_PWA_BatteryAnalytics_v3_4_2/host/storage/nvs_runtime_probe/build/gs_nvs_runtime_probe.elf 9 50 20 fault 992 freeze ENV={} EXIT=0
DIAG_OPERATION mode=inplace calls=47 units=1049 latch=1
NVS_RUNTIME_FAULT cut=992 write=ESP_ERR_FLASH_OP_FAIL old=49 new=127 recovered=49
COMMAND=/home/udaybhan/projects/Ghar_sajag_r1_storage/code/ParivarSathi_v1.5.4_PWA_BatteryAnalytics_v3_4_2/host/storage/nvs_runtime_probe/build/gs_nvs_runtime_probe.elf 9 50 20 fault 993 freeze ENV={} EXIT=0
DIAG_OPERATION mode=inplace calls=47 units=1049 latch=1
NVS_RUNTIME_FAULT cut=993 write=ESP_ERR_FLASH_OP_FAIL old=49 new=127 recovered=49
COMMAND=/home/udaybhan/projects/Ghar_sajag_r1_storage/code/ParivarSathi_v1.5.4_PWA_BatteryAnalytics_v3_4_2/host/storage/nvs_runtime_probe/build/gs_nvs_runtime_probe.elf 9 50 20 fault 994 freeze ENV={} EXIT=0
DIAG_OPERATION mode=inplace calls=47 units=1049 latch=1
NVS_RUNTIME_FAULT cut=994 write=ESP_ERR_FLASH_OP_FAIL old=49 new=127 recovered=49
COMMAND=/home/udaybhan/projects/Ghar_sajag_r1_storage/code/ParivarSathi_v1.5.4_PWA_BatteryAnalytics_v3_4_2/host/storage/nvs_runtime_probe/build/gs_nvs_runtime_probe.elf 9 50 20 fault 995 freeze ENV={} EXIT=0
DIAG_OPERATION mode=inplace calls=47 units=1049 latch=1
NVS_RUNTIME_FAULT cut=995 write=ESP_ERR_FLASH_OP_FAIL old=49 new=127 recovered=49
COMMAND=/home/udaybhan/projects/Ghar_sajag_r1_storage/code/ParivarSathi_v1.5.4_PWA_BatteryAnalytics_v3_4_2/host/storage/nvs_runtime_probe/build/gs_nvs_runtime_probe.elf 9 50 20 fault 996 freeze ENV={} EXIT=0
DIAG_OPERATION mode=inplace calls=47 units=1049 latch=1
NVS_RUNTIME_FAULT cut=996 write=ESP_ERR_FLASH_OP_FAIL old=49 new=127 recovered=49
COMMAND=/home/udaybhan/projects/Ghar_sajag_r1_storage/code/ParivarSathi_v1.5.4_PWA_BatteryAnalytics_v3_4_2/host/storage/nvs_runtime_probe/build/gs_nvs_runtime_probe.elf 9 50 20 fault 997 freeze ENV={} EXIT=0
DIAG_OPERATION mode=inplace calls=47 units=1049 latch=1
NVS_RUNTIME_FAULT cut=997 write=ESP_ERR_FLASH_OP_FAIL old=49 new=127 recovered=49
COMMAND=/home/udaybhan/projects/Ghar_sajag_r1_storage/code/ParivarSathi_v1.5.4_PWA_BatteryAnalytics_v3_4_2/host/storage/nvs_runtime_probe/build/gs_nvs_runtime_probe.elf 9 50 20 fault 998 freeze ENV={} EXIT=0
DIAG_OPERATION mode=inplace calls=47 units=1049 latch=1
NVS_RUNTIME_FAULT cut=998 write=ESP_ERR_FLASH_OP_FAIL old=49 new=127 recovered=49
COMMAND=/home/udaybhan/projects/Ghar_sajag_r1_storage/code/ParivarSathi_v1.5.4_PWA_BatteryAnalytics_v3_4_2/host/storage/nvs_runtime_probe/build/gs_nvs_runtime_probe.elf 9 50 20 fault 999 freeze ENV={} EXIT=0
DIAG_OPERATION mode=inplace calls=47 units=1049 latch=1
NVS_RUNTIME_FAULT cut=999 write=ESP_ERR_FLASH_OP_FAIL old=49 new=127 recovered=49
COMMAND=/home/udaybhan/projects/Ghar_sajag_r1_storage/code/ParivarSathi_v1.5.4_PWA_BatteryAnalytics_v3_4_2/host/storage/nvs_runtime_probe/build/gs_nvs_runtime_probe.elf 9 50 20 fault 1000 freeze ENV={} EXIT=0
DIAG_OPERATION mode=inplace calls=47 units=1049 latch=1
NVS_RUNTIME_FAULT cut=1000 write=ESP_ERR_FLASH_OP_FAIL old=49 new=127 recovered=49
COMMAND=/home/udaybhan/projects/Ghar_sajag_r1_storage/code/ParivarSathi_v1.5.4_PWA_BatteryAnalytics_v3_4_2/host/storage/nvs_runtime_probe/build/gs_nvs_runtime_probe.elf 9 50 20 fault 1001 freeze ENV={} EXIT=0
DIAG_OPERATION mode=inplace calls=47 units=1049 latch=1
NVS_RUNTIME_FAULT cut=1001 write=ESP_ERR_FLASH_OP_FAIL old=49 new=127 recovered=49
COMMAND=/home/udaybhan/projects/Ghar_sajag_r1_storage/code/ParivarSathi_v1.5.4_PWA_BatteryAnalytics_v3_4_2/host/storage/nvs_runtime_probe/build/gs_nvs_runtime_probe.elf 9 50 20 fault 1002 freeze ENV={} EXIT=0
DIAG_OPERATION mode=inplace calls=47 units=1049 latch=1
NVS_RUNTIME_FAULT cut=1002 write=ESP_ERR_FLASH_OP_FAIL old=49 new=127 recovered=49
COMMAND=/home/udaybhan/projects/Ghar_sajag_r1_storage/code/ParivarSathi_v1.5.4_PWA_BatteryAnalytics_v3_4_2/host/storage/nvs_runtime_probe/build/gs_nvs_runtime_probe.elf 9 50 20 fault 1003 freeze ENV={} EXIT=0
DIAG_OPERATION mode=inplace calls=47 units=1049 latch=1
NVS_RUNTIME_FAULT cut=1003 write=ESP_ERR_FLASH_OP_FAIL old=49 new=127 recovered=49
COMMAND=/home/udaybhan/projects/Ghar_sajag_r1_storage/code/ParivarSathi_v1.5.4_PWA_BatteryAnalytics_v3_4_2/host/storage/nvs_runtime_probe/build/gs_nvs_runtime_probe.elf 9 50 20 fault 1004 freeze ENV={} EXIT=0
DIAG_OPERATION mode=inplace calls=47 units=1049 latch=1
NVS_RUNTIME_FAULT cut=1004 write=ESP_ERR_FLASH_OP_FAIL old=49 new=127 recovered=49
COMMAND=/home/udaybhan/projects/Ghar_sajag_r1_storage/code/ParivarSathi_v1.5.4_PWA_BatteryAnalytics_v3_4_2/host/storage/nvs_runtime_probe/build/gs_nvs_runtime_probe.elf 9 50 20 fault 1005 freeze ENV={} EXIT=0
DIAG_OPERATION mode=inplace calls=47 units=1049 latch=1
NVS_RUNTIME_FAULT cut=1005 write=ESP_ERR_FLASH_OP_FAIL old=49 new=127 recovered=49
COMMAND=/home/udaybhan/projects/Ghar_sajag_r1_storage/code/ParivarSathi_v1.5.4_PWA_BatteryAnalytics_v3_4_2/host/storage/nvs_runtime_probe/build/gs_nvs_runtime_probe.elf 9 50 20 fault 1006 freeze ENV={} EXIT=0
DIAG_OPERATION mode=inplace calls=47 units=1049 latch=1
NVS_RUNTIME_FAULT cut=1006 write=ESP_ERR_FLASH_OP_FAIL old=49 new=127 recovered=49
COMMAND=/home/udaybhan/projects/Ghar_sajag_r1_storage/code/ParivarSathi_v1.5.4_PWA_BatteryAnalytics_v3_4_2/host/storage/nvs_runtime_probe/build/gs_nvs_runtime_probe.elf 9 50 20 fault 1007 freeze ENV={} EXIT=0
DIAG_OPERATION mode=inplace calls=47 units=1049 latch=1
NVS_RUNTIME_FAULT cut=1007 write=ESP_ERR_FLASH_OP_FAIL old=49 new=127 recovered=49
COMMAND=/home/udaybhan/projects/Ghar_sajag_r1_storage/code/ParivarSathi_v1.5.4_PWA_BatteryAnalytics_v3_4_2/host/storage/nvs_runtime_probe/build/gs_nvs_runtime_probe.elf 9 50 20 fault 1008 freeze ENV={} EXIT=0
DIAG_OPERATION mode=inplace calls=47 units=1049 latch=1
NVS_RUNTIME_FAULT cut=1008 write=ESP_ERR_FLASH_OP_FAIL old=49 new=127 recovered=49
COMMAND=/home/udaybhan/projects/Ghar_sajag_r1_storage/code/ParivarSathi_v1.5.4_PWA_BatteryAnalytics_v3_4_2/host/storage/nvs_runtime_probe/build/gs_nvs_runtime_probe.elf 9 50 20 fault 1009 freeze ENV={} EXIT=0
DIAG_OPERATION mode=inplace calls=47 units=1049 latch=1
NVS_RUNTIME_FAULT cut=1009 write=ESP_ERR_FLASH_OP_FAIL old=49 new=127 recovered=49
COMMAND=/home/udaybhan/projects/Ghar_sajag_r1_storage/code/ParivarSathi_v1.5.4_PWA_BatteryAnalytics_v3_4_2/host/storage/nvs_runtime_probe/build/gs_nvs_runtime_probe.elf 9 50 20 fault 1010 freeze ENV={} EXIT=0
DIAG_OPERATION mode=inplace calls=47 units=1049 latch=1
NVS_RUNTIME_FAULT cut=1010 write=ESP_ERR_FLASH_OP_FAIL old=49 new=127 recovered=49
COMMAND=/home/udaybhan/projects/Ghar_sajag_r1_storage/code/ParivarSathi_v1.5.4_PWA_BatteryAnalytics_v3_4_2/host/storage/nvs_runtime_probe/build/gs_nvs_runtime_probe.elf 9 50 20 fault 1011 freeze ENV={} EXIT=0
DIAG_OPERATION mode=inplace calls=47 units=1049 latch=1
NVS_RUNTIME_FAULT cut=1011 write=ESP_ERR_FLASH_OP_FAIL old=49 new=127 recovered=49
COMMAND=/home/udaybhan/projects/Ghar_sajag_r1_storage/code/ParivarSathi_v1.5.4_PWA_BatteryAnalytics_v3_4_2/host/storage/nvs_runtime_probe/build/gs_nvs_runtime_probe.elf 9 50 20 fault 1012 freeze ENV={} EXIT=0
DIAG_OPERATION mode=inplace calls=47 units=1049 latch=1
NVS_RUNTIME_FAULT cut=1012 write=ESP_ERR_FLASH_OP_FAIL old=49 new=127 recovered=49
COMMAND=/home/udaybhan/projects/Ghar_sajag_r1_storage/code/ParivarSathi_v1.5.4_PWA_BatteryAnalytics_v3_4_2/host/storage/nvs_runtime_probe/build/gs_nvs_runtime_probe.elf 9 50 20 fault 1013 freeze ENV={} EXIT=0
DIAG_OPERATION mode=inplace calls=47 units=1049 latch=1
NVS_RUNTIME_FAULT cut=1013 write=ESP_ERR_FLASH_OP_FAIL old=49 new=127 recovered=49
COMMAND=/home/udaybhan/projects/Ghar_sajag_r1_storage/code/ParivarSathi_v1.5.4_PWA_BatteryAnalytics_v3_4_2/host/storage/nvs_runtime_probe/build/gs_nvs_runtime_probe.elf 9 50 20 fault 1014 freeze ENV={} EXIT=0
DIAG_OPERATION mode=inplace calls=47 units=1049 latch=1
NVS_RUNTIME_FAULT cut=1014 write=ESP_ERR_FLASH_OP_FAIL old=49 new=127 recovered=49
COMMAND=/home/udaybhan/projects/Ghar_sajag_r1_storage/code/ParivarSathi_v1.5.4_PWA_BatteryAnalytics_v3_4_2/host/storage/nvs_runtime_probe/build/gs_nvs_runtime_probe.elf 9 50 20 fault 1015 freeze ENV={} EXIT=0
DIAG_OPERATION mode=inplace calls=47 units=1049 latch=1
NVS_RUNTIME_FAULT cut=1015 write=ESP_ERR_FLASH_OP_FAIL old=49 new=127 recovered=49
COMMAND=/home/udaybhan/projects/Ghar_sajag_r1_storage/code/ParivarSathi_v1.5.4_PWA_BatteryAnalytics_v3_4_2/host/storage/nvs_runtime_probe/build/gs_nvs_runtime_probe.elf 9 50 20 fault 1016 freeze ENV={} EXIT=0
DIAG_OPERATION mode=inplace calls=47 units=1049 latch=1
NVS_RUNTIME_FAULT cut=1016 write=ESP_ERR_FLASH_OP_FAIL old=49 new=127 recovered=49
COMMAND=/home/udaybhan/projects/Ghar_sajag_r1_storage/code/ParivarSathi_v1.5.4_PWA_BatteryAnalytics_v3_4_2/host/storage/nvs_runtime_probe/build/gs_nvs_runtime_probe.elf 9 50 20 fault 1017 freeze ENV={} EXIT=0
DIAG_OPERATION mode=inplace calls=47 units=1049 latch=1
NVS_RUNTIME_FAULT cut=1017 write=ESP_ERR_FLASH_OP_FAIL old=49 new=127 recovered=49
COMMAND=/home/udaybhan/projects/Ghar_sajag_r1_storage/code/ParivarSathi_v1.5.4_PWA_BatteryAnalytics_v3_4_2/host/storage/nvs_runtime_probe/build/gs_nvs_runtime_probe.elf 9 50 20 fault 1018 freeze ENV={} EXIT=0
DIAG_OPERATION mode=inplace calls=47 units=1049 latch=1
NVS_RUNTIME_FAULT cut=1018 write=ESP_ERR_FLASH_OP_FAIL old=49 new=127 recovered=49
COMMAND=/home/udaybhan/projects/Ghar_sajag_r1_storage/code/ParivarSathi_v1.5.4_PWA_BatteryAnalytics_v3_4_2/host/storage/nvs_runtime_probe/build/gs_nvs_runtime_probe.elf 9 50 20 fault 1019 freeze ENV={} EXIT=0
DIAG_OPERATION mode=inplace calls=47 units=1049 latch=1
NVS_RUNTIME_FAULT cut=1019 write=ESP_ERR_FLASH_OP_FAIL old=49 new=127 recovered=49
COMMAND=/home/udaybhan/projects/Ghar_sajag_r1_storage/code/ParivarSathi_v1.5.4_PWA_BatteryAnalytics_v3_4_2/host/storage/nvs_runtime_probe/build/gs_nvs_runtime_probe.elf 9 50 20 fault 1020 freeze ENV={} EXIT=0
DIAG_OPERATION mode=inplace calls=47 units=1049 latch=1
NVS_RUNTIME_FAULT cut=1020 write=ESP_ERR_FLASH_OP_FAIL old=49 new=127 recovered=49
COMMAND=/home/udaybhan/projects/Ghar_sajag_r1_storage/code/ParivarSathi_v1.5.4_PWA_BatteryAnalytics_v3_4_2/host/storage/nvs_runtime_probe/build/gs_nvs_runtime_probe.elf 9 50 20 fault 1021 freeze ENV={} EXIT=0
DIAG_OPERATION mode=inplace calls=47 units=1049 latch=1
NVS_RUNTIME_FAULT cut=1021 write=ESP_ERR_FLASH_OP_FAIL old=49 new=127 recovered=49
COMMAND=/home/udaybhan/projects/Ghar_sajag_r1_storage/code/ParivarSathi_v1.5.4_PWA_BatteryAnalytics_v3_4_2/host/storage/nvs_runtime_probe/build/gs_nvs_runtime_probe.elf 9 50 20 fault 1022 freeze ENV={} EXIT=0
DIAG_OPERATION mode=inplace calls=47 units=1049 latch=1
NVS_RUNTIME_FAULT cut=1022 write=ESP_ERR_FLASH_OP_FAIL old=49 new=127 recovered=49
COMMAND=/home/udaybhan/projects/Ghar_sajag_r1_storage/code/ParivarSathi_v1.5.4_PWA_BatteryAnalytics_v3_4_2/host/storage/nvs_runtime_probe/build/gs_nvs_runtime_probe.elf 9 50 20 fault 1023 freeze ENV={} EXIT=0
DIAG_OPERATION mode=inplace calls=47 units=1049 latch=1
NVS_RUNTIME_FAULT cut=1023 write=ESP_ERR_FLASH_OP_FAIL old=49 new=127 recovered=49
COMMAND=/home/udaybhan/projects/Ghar_sajag_r1_storage/code/ParivarSathi_v1.5.4_PWA_BatteryAnalytics_v3_4_2/host/storage/nvs_runtime_probe/build/gs_nvs_runtime_probe.elf 9 50 20 fault 1024 freeze ENV={} EXIT=0
DIAG_OPERATION mode=inplace calls=47 units=1049 latch=1
NVS_RUNTIME_FAULT cut=1024 write=ESP_ERR_FLASH_OP_FAIL old=49 new=127 recovered=49
COMMAND=/home/udaybhan/projects/Ghar_sajag_r1_storage/code/ParivarSathi_v1.5.4_PWA_BatteryAnalytics_v3_4_2/host/storage/nvs_runtime_probe/build/gs_nvs_runtime_probe.elf 9 50 20 fault 1025 freeze ENV={} EXIT=0
DIAG_OPERATION mode=inplace calls=47 units=1049 latch=1
NVS_RUNTIME_FAULT cut=1025 write=ESP_ERR_FLASH_OP_FAIL old=49 new=127 recovered=49
COMMAND=/home/udaybhan/projects/Ghar_sajag_r1_storage/code/ParivarSathi_v1.5.4_PWA_BatteryAnalytics_v3_4_2/host/storage/nvs_runtime_probe/build/gs_nvs_runtime_probe.elf 9 50 20 fault 1026 freeze ENV={} EXIT=0
DIAG_OPERATION mode=inplace calls=47 units=1049 latch=1
NVS_RUNTIME_FAULT cut=1026 write=ESP_ERR_FLASH_OP_FAIL old=49 new=127 recovered=49
COMMAND=/home/udaybhan/projects/Ghar_sajag_r1_storage/code/ParivarSathi_v1.5.4_PWA_BatteryAnalytics_v3_4_2/host/storage/nvs_runtime_probe/build/gs_nvs_runtime_probe.elf 9 50 20 fault 1027 freeze ENV={} EXIT=0
DIAG_OPERATION mode=inplace calls=47 units=1049 latch=1
NVS_RUNTIME_FAULT cut=1027 write=ESP_ERR_FLASH_OP_FAIL old=49 new=127 recovered=49
COMMAND=/home/udaybhan/projects/Ghar_sajag_r1_storage/code/ParivarSathi_v1.5.4_PWA_BatteryAnalytics_v3_4_2/host/storage/nvs_runtime_probe/build/gs_nvs_runtime_probe.elf 9 50 20 fault 1028 freeze ENV={} EXIT=0
DIAG_OPERATION mode=inplace calls=47 units=1049 latch=1
NVS_RUNTIME_FAULT cut=1028 write=ESP_ERR_FLASH_OP_FAIL old=49 new=127 recovered=49
COMMAND=/home/udaybhan/projects/Ghar_sajag_r1_storage/code/ParivarSathi_v1.5.4_PWA_BatteryAnalytics_v3_4_2/host/storage/nvs_runtime_probe/build/gs_nvs_runtime_probe.elf 9 50 20 fault 1029 freeze ENV={} EXIT=0
DIAG_OPERATION mode=inplace calls=47 units=1049 latch=1
NVS_RUNTIME_FAULT cut=1029 write=ESP_ERR_FLASH_OP_FAIL old=49 new=127 recovered=49
COMMAND=/home/udaybhan/projects/Ghar_sajag_r1_storage/code/ParivarSathi_v1.5.4_PWA_BatteryAnalytics_v3_4_2/host/storage/nvs_runtime_probe/build/gs_nvs_runtime_probe.elf 9 50 20 fault 1030 freeze ENV={} EXIT=0
DIAG_OPERATION mode=inplace calls=47 units=1049 latch=1
NVS_RUNTIME_FAULT cut=1030 write=ESP_ERR_FLASH_OP_FAIL old=49 new=127 recovered=49
COMMAND=/home/udaybhan/projects/Ghar_sajag_r1_storage/code/ParivarSathi_v1.5.4_PWA_BatteryAnalytics_v3_4_2/host/storage/nvs_runtime_probe/build/gs_nvs_runtime_probe.elf 9 50 20 fault 1031 freeze ENV={} EXIT=0
DIAG_OPERATION mode=inplace calls=47 units=1049 latch=1
NVS_RUNTIME_FAULT cut=1031 write=ESP_ERR_FLASH_OP_FAIL old=49 new=127 recovered=49
COMMAND=/home/udaybhan/projects/Ghar_sajag_r1_storage/code/ParivarSathi_v1.5.4_PWA_BatteryAnalytics_v3_4_2/host/storage/nvs_runtime_probe/build/gs_nvs_runtime_probe.elf 9 50 20 fault 1032 freeze ENV={} EXIT=0
DIAG_OPERATION mode=inplace calls=47 units=1049 latch=1
NVS_RUNTIME_FAULT cut=1032 write=ESP_ERR_FLASH_OP_FAIL old=49 new=127 recovered=49
COMMAND=/home/udaybhan/projects/Ghar_sajag_r1_storage/code/ParivarSathi_v1.5.4_PWA_BatteryAnalytics_v3_4_2/host/storage/nvs_runtime_probe/build/gs_nvs_runtime_probe.elf 9 50 20 fault 1033 freeze ENV={} EXIT=0
DIAG_OPERATION mode=inplace calls=47 units=1049 latch=1
NVS_RUNTIME_FAULT cut=1033 write=ESP_ERR_FLASH_OP_FAIL old=49 new=127 recovered=49
COMMAND=/home/udaybhan/projects/Ghar_sajag_r1_storage/code/ParivarSathi_v1.5.4_PWA_BatteryAnalytics_v3_4_2/host/storage/nvs_runtime_probe/build/gs_nvs_runtime_probe.elf 9 50 20 fault 1034 freeze ENV={} EXIT=0
DIAG_OPERATION mode=inplace calls=47 units=1049 latch=1
NVS_RUNTIME_FAULT cut=1034 write=ESP_ERR_FLASH_OP_FAIL old=49 new=127 recovered=49
COMMAND=/home/udaybhan/projects/Ghar_sajag_r1_storage/code/ParivarSathi_v1.5.4_PWA_BatteryAnalytics_v3_4_2/host/storage/nvs_runtime_probe/build/gs_nvs_runtime_probe.elf 9 50 20 fault 1035 freeze ENV={} EXIT=0
DIAG_OPERATION mode=inplace calls=47 units=1049 latch=1
NVS_RUNTIME_FAULT cut=1035 write=ESP_ERR_FLASH_OP_FAIL old=49 new=127 recovered=49
COMMAND=/home/udaybhan/projects/Ghar_sajag_r1_storage/code/ParivarSathi_v1.5.4_PWA_BatteryAnalytics_v3_4_2/host/storage/nvs_runtime_probe/build/gs_nvs_runtime_probe.elf 9 50 20 fault 1036 freeze ENV={} EXIT=0
DIAG_OPERATION mode=inplace calls=47 units=1049 latch=1
NVS_RUNTIME_FAULT cut=1036 write=ESP_ERR_FLASH_OP_FAIL old=49 new=127 recovered=49
COMMAND=/home/udaybhan/projects/Ghar_sajag_r1_storage/code/ParivarSathi_v1.5.4_PWA_BatteryAnalytics_v3_4_2/host/storage/nvs_runtime_probe/build/gs_nvs_runtime_probe.elf 9 50 20 fault 1037 freeze ENV={} EXIT=0
DIAG_OPERATION mode=inplace calls=47 units=1049 latch=1
NVS_RUNTIME_FAULT cut=1037 write=ESP_ERR_FLASH_OP_FAIL old=49 new=127 recovered=49
COMMAND=/home/udaybhan/projects/Ghar_sajag_r1_storage/code/ParivarSathi_v1.5.4_PWA_BatteryAnalytics_v3_4_2/host/storage/nvs_runtime_probe/build/gs_nvs_runtime_probe.elf 9 50 20 fault 1038 freeze ENV={} EXIT=0
DIAG_OPERATION mode=inplace calls=47 units=1049 latch=1
NVS_RUNTIME_FAULT cut=1038 write=ESP_ERR_FLASH_OP_FAIL old=49 new=127 recovered=49
COMMAND=/home/udaybhan/projects/Ghar_sajag_r1_storage/code/ParivarSathi_v1.5.4_PWA_BatteryAnalytics_v3_4_2/host/storage/nvs_runtime_probe/build/gs_nvs_runtime_probe.elf 9 50 20 fault 1039 freeze ENV={} EXIT=0
DIAG_OPERATION mode=inplace calls=47 units=1049 latch=1
NVS_RUNTIME_FAULT cut=1039 write=ESP_ERR_FLASH_OP_FAIL old=49 new=127 recovered=49
COMMAND=/home/udaybhan/projects/Ghar_sajag_r1_storage/code/ParivarSathi_v1.5.4_PWA_BatteryAnalytics_v3_4_2/host/storage/nvs_runtime_probe/build/gs_nvs_runtime_probe.elf 9 50 20 fault 1040 freeze ENV={} EXIT=0
DIAG_OPERATION mode=inplace calls=47 units=1049 latch=1
NVS_RUNTIME_FAULT cut=1040 write=ESP_ERR_FLASH_OP_FAIL old=49 new=127 recovered=49
COMMAND=/home/udaybhan/projects/Ghar_sajag_r1_storage/code/ParivarSathi_v1.5.4_PWA_BatteryAnalytics_v3_4_2/host/storage/nvs_runtime_probe/build/gs_nvs_runtime_probe.elf 9 50 20 fault 1041 freeze ENV={} EXIT=0
DIAG_OPERATION mode=inplace calls=47 units=1049 latch=1
NVS_RUNTIME_FAULT cut=1041 write=ESP_ERR_FLASH_OP_FAIL old=49 new=127 recovered=49
COMMAND=/home/udaybhan/projects/Ghar_sajag_r1_storage/code/ParivarSathi_v1.5.4_PWA_BatteryAnalytics_v3_4_2/host/storage/nvs_runtime_probe/build/gs_nvs_runtime_probe.elf 9 50 20 fault 1042 freeze ENV={} EXIT=0
DIAG_OPERATION mode=inplace calls=47 units=1049 latch=1
NVS_RUNTIME_FAULT cut=1042 write=ESP_ERR_FLASH_OP_FAIL old=49 new=127 recovered=49
COMMAND=/home/udaybhan/projects/Ghar_sajag_r1_storage/code/ParivarSathi_v1.5.4_PWA_BatteryAnalytics_v3_4_2/host/storage/nvs_runtime_probe/build/gs_nvs_runtime_probe.elf 9 50 20 fault 1043 freeze ENV={} EXIT=0
DIAG_OPERATION mode=inplace calls=47 units=1049 latch=1
NVS_RUNTIME_FAULT cut=1043 write=ESP_ERR_FLASH_OP_FAIL old=49 new=127 recovered=49
COMMAND=/home/udaybhan/projects/Ghar_sajag_r1_storage/code/ParivarSathi_v1.5.4_PWA_BatteryAnalytics_v3_4_2/host/storage/nvs_runtime_probe/build/gs_nvs_runtime_probe.elf 9 50 20 fault 1044 freeze ENV={} EXIT=0
DIAG_OPERATION mode=inplace calls=47 units=1049 latch=1
NVS_RUNTIME_FAULT cut=1044 write=ESP_ERR_FLASH_OP_FAIL old=49 new=127 recovered=49
COMMAND=/home/udaybhan/projects/Ghar_sajag_r1_storage/code/ParivarSathi_v1.5.4_PWA_BatteryAnalytics_v3_4_2/host/storage/nvs_runtime_probe/build/gs_nvs_runtime_probe.elf 9 50 20 fault 1045 freeze ENV={} EXIT=0
DIAG_OPERATION mode=inplace calls=47 units=1049 latch=1
NVS_RUNTIME_FAULT cut=1045 write=ESP_ERR_FLASH_OP_FAIL old=49 new=127 recovered=49
COMMAND=/home/udaybhan/projects/Ghar_sajag_r1_storage/code/ParivarSathi_v1.5.4_PWA_BatteryAnalytics_v3_4_2/host/storage/nvs_runtime_probe/build/gs_nvs_runtime_probe.elf 9 50 20 fault 1046 freeze ENV={} EXIT=0
DIAG_OPERATION mode=inplace calls=47 units=1049 latch=1
NVS_RUNTIME_FAULT cut=1046 write=ESP_ERR_FLASH_OP_FAIL old=49 new=127 recovered=49
COMMAND=/home/udaybhan/projects/Ghar_sajag_r1_storage/code/ParivarSathi_v1.5.4_PWA_BatteryAnalytics_v3_4_2/host/storage/nvs_runtime_probe/build/gs_nvs_runtime_probe.elf 9 50 20 fault 1047 freeze ENV={} EXIT=0
DIAG_OPERATION mode=inplace calls=47 units=1049 latch=1
NVS_RUNTIME_FAULT cut=1047 write=ESP_ERR_FLASH_OP_FAIL old=49 new=127 recovered=49
COMMAND=/home/udaybhan/projects/Ghar_sajag_r1_storage/code/ParivarSathi_v1.5.4_PWA_BatteryAnalytics_v3_4_2/host/storage/nvs_runtime_probe/build/gs_nvs_runtime_probe.elf 9 50 20 fault 1048 freeze ENV={} EXIT=0
DIAG_OPERATION mode=inplace calls=47 units=1049 latch=1
NVS_RUNTIME_FAULT cut=1048 write=ESP_ERR_FLASH_OP_FAIL old=49 new=127 recovered=49
COMMAND=/home/udaybhan/projects/Ghar_sajag_r1_storage/code/ParivarSathi_v1.5.4_PWA_BatteryAnalytics_v3_4_2/host/storage/nvs_runtime_probe/build/gs_nvs_runtime_probe.elf 9 50 20 fault 1049 freeze ENV={} EXIT=0
DIAG_OPERATION mode=inplace calls=47 units=1049 latch=1
NVS_RUNTIME_FAULT cut=1049 write=ESP_ERR_FLASH_OP_FAIL old=49 new=127 recovered=49
COMMAND=/home/udaybhan/projects/Ghar_sajag_r1_storage/code/ParivarSathi_v1.5.4_PWA_BatteryAnalytics_v3_4_2/host/storage/nvs_runtime_probe/build/gs_nvs_runtime_probe.elf 9 50 20 fault 1050 freeze ENV={} EXIT=0
DIAG_OPERATION mode=inplace calls=48 units=1050 latch=1
NVS_RUNTIME_FAULT cut=1050 write=ESP_ERR_FLASH_OP_FAIL old=49 new=127 recovered=49
COMMAND=/home/udaybhan/projects/Ghar_sajag_r1_storage/code/ParivarSathi_v1.5.4_PWA_BatteryAnalytics_v3_4_2/host/storage/nvs_runtime_probe/build/gs_nvs_runtime_probe.elf 9 50 20 fault 1051 freeze ENV={} EXIT=0
DIAG_OPERATION mode=inplace calls=49 units=1051 latch=1
NVS_RUNTIME_FAULT cut=1051 write=ESP_ERR_FLASH_OP_FAIL old=49 new=127 recovered=49
COMMAND=/home/udaybhan/projects/Ghar_sajag_r1_storage/code/ParivarSathi_v1.5.4_PWA_BatteryAnalytics_v3_4_2/host/storage/nvs_runtime_probe/build/gs_nvs_runtime_probe.elf 9 50 20 fault 1052 freeze ENV={} EXIT=0
DIAG_OPERATION mode=inplace calls=50 units=1052 latch=1
NVS_RUNTIME_FAULT cut=1052 write=ESP_ERR_FLASH_OP_FAIL old=49 new=127 recovered=49
COMMAND=/home/udaybhan/projects/Ghar_sajag_r1_storage/code/ParivarSathi_v1.5.4_PWA_BatteryAnalytics_v3_4_2/host/storage/nvs_runtime_probe/build/gs_nvs_runtime_probe.elf 9 50 20 fault 1053 freeze ENV={} EXIT=0
DIAG_OPERATION mode=inplace calls=51 units=1053 latch=1
NVS_RUNTIME_FAULT cut=1053 write=ESP_ERR_FLASH_OP_FAIL old=49 new=127 recovered=49
COMMAND=/home/udaybhan/projects/Ghar_sajag_r1_storage/code/ParivarSathi_v1.5.4_PWA_BatteryAnalytics_v3_4_2/host/storage/nvs_runtime_probe/build/gs_nvs_runtime_probe.elf 9 50 20 fault 1054 freeze ENV={} EXIT=0
DIAG_OPERATION mode=inplace calls=52 units=1054 latch=1
NVS_RUNTIME_FAULT cut=1054 write=ESP_ERR_FLASH_OP_FAIL old=49 new=127 recovered=49
COMMAND=/home/udaybhan/projects/Ghar_sajag_r1_storage/code/ParivarSathi_v1.5.4_PWA_BatteryAnalytics_v3_4_2/host/storage/nvs_runtime_probe/build/gs_nvs_runtime_probe.elf 9 50 20 fault 1055 freeze ENV={} EXIT=0
DIAG_OPERATION mode=inplace calls=53 units=1062 latch=1
NVS_RUNTIME_FAULT cut=1055 write=ESP_ERR_FLASH_OP_FAIL old=49 new=127 recovered=49
COMMAND=/home/udaybhan/projects/Ghar_sajag_r1_storage/code/ParivarSathi_v1.5.4_PWA_BatteryAnalytics_v3_4_2/host/storage/nvs_runtime_probe/build/gs_nvs_runtime_probe.elf 9 50 20 fault 1056 freeze ENV={} EXIT=0
DIAG_OPERATION mode=inplace calls=53 units=1062 latch=1
NVS_RUNTIME_FAULT cut=1056 write=ESP_ERR_FLASH_OP_FAIL old=49 new=127 recovered=49
COMMAND=/home/udaybhan/projects/Ghar_sajag_r1_storage/code/ParivarSathi_v1.5.4_PWA_BatteryAnalytics_v3_4_2/host/storage/nvs_runtime_probe/build/gs_nvs_runtime_probe.elf 9 50 20 fault 1057 freeze ENV={} EXIT=0
DIAG_OPERATION mode=inplace calls=53 units=1062 latch=1
NVS_RUNTIME_FAULT cut=1057 write=ESP_ERR_FLASH_OP_FAIL old=49 new=127 recovered=49
COMMAND=/home/udaybhan/projects/Ghar_sajag_r1_storage/code/ParivarSathi_v1.5.4_PWA_BatteryAnalytics_v3_4_2/host/storage/nvs_runtime_probe/build/gs_nvs_runtime_probe.elf 9 50 20 fault 1058 freeze ENV={} EXIT=0
DIAG_OPERATION mode=inplace calls=53 units=1062 latch=1
NVS_RUNTIME_FAULT cut=1058 write=ESP_ERR_FLASH_OP_FAIL old=49 new=127 recovered=49
COMMAND=/home/udaybhan/projects/Ghar_sajag_r1_storage/code/ParivarSathi_v1.5.4_PWA_BatteryAnalytics_v3_4_2/host/storage/nvs_runtime_probe/build/gs_nvs_runtime_probe.elf 9 50 20 fault 1059 freeze ENV={} EXIT=0
DIAG_OPERATION mode=inplace calls=53 units=1062 latch=1
NVS_RUNTIME_FAULT cut=1059 write=ESP_ERR_FLASH_OP_FAIL old=49 new=127 recovered=49
COMMAND=/home/udaybhan/projects/Ghar_sajag_r1_storage/code/ParivarSathi_v1.5.4_PWA_BatteryAnalytics_v3_4_2/host/storage/nvs_runtime_probe/build/gs_nvs_runtime_probe.elf 9 50 20 fault 1060 freeze ENV={} EXIT=0
DIAG_OPERATION mode=inplace calls=53 units=1062 latch=1
NVS_RUNTIME_FAULT cut=1060 write=ESP_ERR_FLASH_OP_FAIL old=49 new=127 recovered=49
COMMAND=/home/udaybhan/projects/Ghar_sajag_r1_storage/code/ParivarSathi_v1.5.4_PWA_BatteryAnalytics_v3_4_2/host/storage/nvs_runtime_probe/build/gs_nvs_runtime_probe.elf 9 50 20 fault 1061 freeze ENV={} EXIT=0
DIAG_OPERATION mode=inplace calls=53 units=1062 latch=1
NVS_RUNTIME_FAULT cut=1061 write=ESP_ERR_FLASH_OP_FAIL old=49 new=127 recovered=49
COMMAND=/home/udaybhan/projects/Ghar_sajag_r1_storage/code/ParivarSathi_v1.5.4_PWA_BatteryAnalytics_v3_4_2/host/storage/nvs_runtime_probe/build/gs_nvs_runtime_probe.elf 9 50 20 fault 1062 freeze ENV={} EXIT=0
DIAG_OPERATION mode=inplace calls=53 units=1062 latch=1
NVS_RUNTIME_FAULT cut=1062 write=ESP_ERR_FLASH_OP_FAIL old=49 new=127 recovered=49
COMMAND=/home/udaybhan/projects/Ghar_sajag_r1_storage/code/ParivarSathi_v1.5.4_PWA_BatteryAnalytics_v3_4_2/host/storage/nvs_runtime_probe/build/gs_nvs_runtime_probe.elf 9 50 20 fault 1063 freeze ENV={} EXIT=0
DIAG_OPERATION mode=inplace calls=54 units=1063 latch=1
NVS_RUNTIME_FAULT cut=1063 write=ESP_ERR_FLASH_OP_FAIL old=49 new=127 recovered=49
COMMAND=/home/udaybhan/projects/Ghar_sajag_r1_storage/code/ParivarSathi_v1.5.4_PWA_BatteryAnalytics_v3_4_2/host/storage/nvs_runtime_probe/build/gs_nvs_runtime_probe.elf 9 50 20 fault 1064 freeze ENV={} EXIT=0
DIAG_OPERATION mode=inplace calls=55 units=1071 latch=1
NVS_RUNTIME_FAULT cut=1064 write=ESP_ERR_FLASH_OP_FAIL old=49 new=127 recovered=49
COMMAND=/home/udaybhan/projects/Ghar_sajag_r1_storage/code/ParivarSathi_v1.5.4_PWA_BatteryAnalytics_v3_4_2/host/storage/nvs_runtime_probe/build/gs_nvs_runtime_probe.elf 9 50 20 fault 1065 freeze ENV={} EXIT=0
DIAG_OPERATION mode=inplace calls=55 units=1071 latch=1
NVS_RUNTIME_FAULT cut=1065 write=ESP_ERR_FLASH_OP_FAIL old=49 new=127 recovered=49
COMMAND=/home/udaybhan/projects/Ghar_sajag_r1_storage/code/ParivarSathi_v1.5.4_PWA_BatteryAnalytics_v3_4_2/host/storage/nvs_runtime_probe/build/gs_nvs_runtime_probe.elf 9 50 20 fault 1066 freeze ENV={} EXIT=0
DIAG_OPERATION mode=inplace calls=55 units=1071 latch=1
NVS_RUNTIME_FAULT cut=1066 write=ESP_ERR_FLASH_OP_FAIL old=49 new=127 recovered=49
COMMAND=/home/udaybhan/projects/Ghar_sajag_r1_storage/code/ParivarSathi_v1.5.4_PWA_BatteryAnalytics_v3_4_2/host/storage/nvs_runtime_probe/build/gs_nvs_runtime_probe.elf 9 50 20 fault 1067 freeze ENV={} EXIT=0
DIAG_OPERATION mode=inplace calls=55 units=1071 latch=1
NVS_RUNTIME_FAULT cut=1067 write=ESP_ERR_FLASH_OP_FAIL old=49 new=127 recovered=49
COMMAND=/home/udaybhan/projects/Ghar_sajag_r1_storage/code/ParivarSathi_v1.5.4_PWA_BatteryAnalytics_v3_4_2/host/storage/nvs_runtime_probe/build/gs_nvs_runtime_probe.elf 9 50 20 fault 1068 freeze ENV={} EXIT=0
DIAG_OPERATION mode=inplace calls=55 units=1071 latch=1
NVS_RUNTIME_FAULT cut=1068 write=ESP_ERR_FLASH_OP_FAIL old=49 new=127 recovered=49
COMMAND=/home/udaybhan/projects/Ghar_sajag_r1_storage/code/ParivarSathi_v1.5.4_PWA_BatteryAnalytics_v3_4_2/host/storage/nvs_runtime_probe/build/gs_nvs_runtime_probe.elf 9 50 20 fault 1069 freeze ENV={} EXIT=0
DIAG_OPERATION mode=inplace calls=55 units=1071 latch=1
NVS_RUNTIME_FAULT cut=1069 write=ESP_ERR_FLASH_OP_FAIL old=49 new=127 recovered=49
COMMAND=/home/udaybhan/projects/Ghar_sajag_r1_storage/code/ParivarSathi_v1.5.4_PWA_BatteryAnalytics_v3_4_2/host/storage/nvs_runtime_probe/build/gs_nvs_runtime_probe.elf 9 50 20 fault 1070 freeze ENV={} EXIT=0
DIAG_OPERATION mode=inplace calls=55 units=1071 latch=1
NVS_RUNTIME_FAULT cut=1070 write=ESP_ERR_FLASH_OP_FAIL old=49 new=127 recovered=49
COMMAND=/home/udaybhan/projects/Ghar_sajag_r1_storage/code/ParivarSathi_v1.5.4_PWA_BatteryAnalytics_v3_4_2/host/storage/nvs_runtime_probe/build/gs_nvs_runtime_probe.elf 9 50 20 fault 1071 freeze ENV={} EXIT=0
DIAG_OPERATION mode=inplace calls=55 units=1071 latch=1
NVS_RUNTIME_FAULT cut=1071 write=ESP_ERR_FLASH_OP_FAIL old=49 new=127 recovered=49
COMMAND=/home/udaybhan/projects/Ghar_sajag_r1_storage/code/ParivarSathi_v1.5.4_PWA_BatteryAnalytics_v3_4_2/host/storage/nvs_runtime_probe/build/gs_nvs_runtime_probe.elf 9 50 20 fault 1072 freeze ENV={} EXIT=0
DIAG_OPERATION mode=inplace calls=56 units=1072 latch=1
NVS_RUNTIME_FAULT cut=1072 write=ESP_ERR_FLASH_OP_FAIL old=49 new=127 recovered=127
COMMAND=/home/udaybhan/projects/Ghar_sajag_r1_storage/code/ParivarSathi_v1.5.4_PWA_BatteryAnalytics_v3_4_2/host/storage/nvs_runtime_probe/build/gs_nvs_runtime_probe.elf 9 50 20 fault 1073 freeze ENV={} EXIT=0
DIAG_OPERATION mode=inplace calls=57 units=1073 latch=1
NVS_RUNTIME_FAULT cut=1073 write=ESP_ERR_NVS_REMOVE_FAILED old=49 new=127 recovered=127
COMMAND=/home/udaybhan/projects/Ghar_sajag_r1_storage/code/ParivarSathi_v1.5.4_PWA_BatteryAnalytics_v3_4_2/host/storage/nvs_runtime_probe/build/gs_nvs_runtime_probe.elf 9 50 20 fault 1074 freeze ENV={} EXIT=0
DIAG_OPERATION mode=inplace calls=58 units=1074 latch=1
NVS_RUNTIME_FAULT cut=1074 write=ESP_ERR_NVS_REMOVE_FAILED old=49 new=127 recovered=127
COMMAND=/home/udaybhan/projects/Ghar_sajag_r1_storage/code/ParivarSathi_v1.5.4_PWA_BatteryAnalytics_v3_4_2/host/storage/nvs_runtime_probe/build/gs_nvs_runtime_probe.elf 9 50 20 fault 1075 freeze ENV={} EXIT=0
DIAG_OPERATION mode=inplace calls=59 units=1075 latch=1
NVS_RUNTIME_FAULT cut=1075 write=ESP_ERR_NVS_REMOVE_FAILED old=49 new=127 recovered=127
COMMAND=/home/udaybhan/projects/Ghar_sajag_r1_storage/code/ParivarSathi_v1.5.4_PWA_BatteryAnalytics_v3_4_2/host/storage/nvs_runtime_probe/build/gs_nvs_runtime_probe.elf 9 50 20 fault 1076 freeze ENV={} EXIT=0
DIAG_OPERATION mode=inplace calls=60 units=1076 latch=1
NVS_RUNTIME_FAULT cut=1076 write=ESP_ERR_NVS_REMOVE_FAILED old=49 new=127 recovered=127
COMMAND=/home/udaybhan/projects/Ghar_sajag_r1_storage/code/ParivarSathi_v1.5.4_PWA_BatteryAnalytics_v3_4_2/host/storage/nvs_runtime_probe/build/gs_nvs_runtime_probe.elf 9 50 20 fault 1077 freeze ENV={} EXIT=0
DIAG_OPERATION mode=inplace calls=61 units=1077 latch=1
NVS_RUNTIME_FAULT cut=1077 write=ESP_ERR_NVS_REMOVE_FAILED old=49 new=127 recovered=127
COMMAND=/home/udaybhan/projects/Ghar_sajag_r1_storage/code/ParivarSathi_v1.5.4_PWA_BatteryAnalytics_v3_4_2/host/storage/nvs_runtime_probe/build/gs_nvs_runtime_probe.elf 9 50 20 fault 1078 freeze ENV={} EXIT=0
DIAG_OPERATION mode=inplace calls=62 units=1078 latch=1
NVS_RUNTIME_FAULT cut=1078 write=ESP_ERR_NVS_REMOVE_FAILED old=49 new=127 recovered=127
COMMAND=/home/udaybhan/projects/Ghar_sajag_r1_storage/code/ParivarSathi_v1.5.4_PWA_BatteryAnalytics_v3_4_2/host/storage/nvs_runtime_probe/build/gs_nvs_runtime_probe.elf 9 50 20 fault 1079 freeze ENV={} EXIT=0
DIAG_OPERATION mode=inplace calls=63 units=1079 latch=1
NVS_RUNTIME_FAULT cut=1079 write=ESP_ERR_NVS_REMOVE_FAILED old=49 new=127 recovered=127
COMMAND=/home/udaybhan/projects/Ghar_sajag_r1_storage/code/ParivarSathi_v1.5.4_PWA_BatteryAnalytics_v3_4_2/host/storage/nvs_runtime_probe/build/gs_nvs_runtime_probe.elf 9 50 20 fault 1080 freeze ENV={} EXIT=0
DIAG_OPERATION mode=inplace calls=64 units=1080 latch=1
NVS_RUNTIME_FAULT cut=1080 write=ESP_ERR_NVS_REMOVE_FAILED old=49 new=127 recovered=127
COMMAND=/home/udaybhan/projects/Ghar_sajag_r1_storage/code/ParivarSathi_v1.5.4_PWA_BatteryAnalytics_v3_4_2/host/storage/nvs_runtime_probe/build/gs_nvs_runtime_probe.elf 9 50 20 fault 1081 freeze ENV={} EXIT=0
DIAG_OPERATION mode=inplace calls=64 units=1080 latch=1
NVS_RUNTIME_FAULT cut=1081 write=ESP_OK old=49 new=127 recovered=127
COMMAND=/home/udaybhan/projects/Ghar_sajag_r1_storage/code/ParivarSathi_v1.5.4_PWA_BatteryAnalytics_v3_4_2/host/storage/nvs_runtime_probe/build/gs_nvs_runtime_probe.elf 9 50 20 banks 0 ENV={} EXIT=0
DIAG_OPERATION mode=banks calls=1 units=8 latch=1
NVS_RUNTIME_FAULT cut=0 write=ESP_ERR_FLASH_OP_FAIL old=49 new=127 recovered=49
COMMAND=/home/udaybhan/projects/Ghar_sajag_r1_storage/code/ParivarSathi_v1.5.4_PWA_BatteryAnalytics_v3_4_2/host/storage/nvs_runtime_probe/build/gs_nvs_runtime_probe.elf 9 50 20 banks 1 ENV={} EXIT=0
DIAG_OPERATION mode=banks calls=1 units=8 latch=1
NVS_RUNTIME_FAULT cut=1 write=ESP_ERR_FLASH_OP_FAIL old=49 new=127 recovered=49
COMMAND=/home/udaybhan/projects/Ghar_sajag_r1_storage/code/ParivarSathi_v1.5.4_PWA_BatteryAnalytics_v3_4_2/host/storage/nvs_runtime_probe/build/gs_nvs_runtime_probe.elf 9 50 20 banks 2 ENV={} EXIT=0
DIAG_OPERATION mode=banks calls=1 units=8 latch=1
NVS_RUNTIME_FAULT cut=2 write=ESP_ERR_FLASH_OP_FAIL old=49 new=127 recovered=49
COMMAND=/home/udaybhan/projects/Ghar_sajag_r1_storage/code/ParivarSathi_v1.5.4_PWA_BatteryAnalytics_v3_4_2/host/storage/nvs_runtime_probe/build/gs_nvs_runtime_probe.elf 9 50 20 banks 3 ENV={} EXIT=0
DIAG_OPERATION mode=banks calls=1 units=8 latch=1
NVS_RUNTIME_FAULT cut=3 write=ESP_ERR_FLASH_OP_FAIL old=49 new=127 recovered=49
COMMAND=/home/udaybhan/projects/Ghar_sajag_r1_storage/code/ParivarSathi_v1.5.4_PWA_BatteryAnalytics_v3_4_2/host/storage/nvs_runtime_probe/build/gs_nvs_runtime_probe.elf 9 50 20 banks 4 ENV={} EXIT=0
DIAG_OPERATION mode=banks calls=1 units=8 latch=1
NVS_RUNTIME_FAULT cut=4 write=ESP_ERR_FLASH_OP_FAIL old=49 new=127 recovered=49
COMMAND=/home/udaybhan/projects/Ghar_sajag_r1_storage/code/ParivarSathi_v1.5.4_PWA_BatteryAnalytics_v3_4_2/host/storage/nvs_runtime_probe/build/gs_nvs_runtime_probe.elf 9 50 20 banks 5 ENV={} EXIT=0
DIAG_OPERATION mode=banks calls=1 units=8 latch=1
NVS_RUNTIME_FAULT cut=5 write=ESP_ERR_FLASH_OP_FAIL old=49 new=127 recovered=49
COMMAND=/home/udaybhan/projects/Ghar_sajag_r1_storage/code/ParivarSathi_v1.5.4_PWA_BatteryAnalytics_v3_4_2/host/storage/nvs_runtime_probe/build/gs_nvs_runtime_probe.elf 9 50 20 banks 6 ENV={} EXIT=0
DIAG_OPERATION mode=banks calls=1 units=8 latch=1
NVS_RUNTIME_FAULT cut=6 write=ESP_ERR_FLASH_OP_FAIL old=49 new=127 recovered=49
COMMAND=/home/udaybhan/projects/Ghar_sajag_r1_storage/code/ParivarSathi_v1.5.4_PWA_BatteryAnalytics_v3_4_2/host/storage/nvs_runtime_probe/build/gs_nvs_runtime_probe.elf 9 50 20 banks 7 ENV={} EXIT=0
DIAG_OPERATION mode=banks calls=1 units=8 latch=1
NVS_RUNTIME_FAULT cut=7 write=ESP_ERR_FLASH_OP_FAIL old=49 new=127 recovered=49
COMMAND=/home/udaybhan/projects/Ghar_sajag_r1_storage/code/ParivarSathi_v1.5.4_PWA_BatteryAnalytics_v3_4_2/host/storage/nvs_runtime_probe/build/gs_nvs_runtime_probe.elf 9 50 20 banks 8 ENV={} EXIT=0
DIAG_OPERATION mode=banks calls=1 units=8 latch=1
NVS_RUNTIME_FAULT cut=8 write=ESP_ERR_FLASH_OP_FAIL old=49 new=127 recovered=49
COMMAND=/home/udaybhan/projects/Ghar_sajag_r1_storage/code/ParivarSathi_v1.5.4_PWA_BatteryAnalytics_v3_4_2/host/storage/nvs_runtime_probe/build/gs_nvs_runtime_probe.elf 9 50 20 banks 9 ENV={} EXIT=0
DIAG_OPERATION mode=banks calls=2 units=9 latch=1
NVS_RUNTIME_FAULT cut=9 write=ESP_ERR_FLASH_OP_FAIL old=49 new=127 recovered=49
COMMAND=/home/udaybhan/projects/Ghar_sajag_r1_storage/code/ParivarSathi_v1.5.4_PWA_BatteryAnalytics_v3_4_2/host/storage/nvs_runtime_probe/build/gs_nvs_runtime_probe.elf 9 50 20 banks 10 ENV={} EXIT=0
DIAG_OPERATION mode=banks calls=3 units=201 latch=1
NVS_RUNTIME_FAULT cut=10 write=ESP_ERR_FLASH_OP_FAIL old=49 new=127 recovered=49
COMMAND=/home/udaybhan/projects/Ghar_sajag_r1_storage/code/ParivarSathi_v1.5.4_PWA_BatteryAnalytics_v3_4_2/host/storage/nvs_runtime_probe/build/gs_nvs_runtime_probe.elf 9 50 20 banks 11 ENV={} EXIT=0
DIAG_OPERATION mode=banks calls=3 units=201 latch=1
NVS_RUNTIME_FAULT cut=11 write=ESP_ERR_FLASH_OP_FAIL old=49 new=127 recovered=49
COMMAND=/home/udaybhan/projects/Ghar_sajag_r1_storage/code/ParivarSathi_v1.5.4_PWA_BatteryAnalytics_v3_4_2/host/storage/nvs_runtime_probe/build/gs_nvs_runtime_probe.elf 9 50 20 banks 12 ENV={} EXIT=0
DIAG_OPERATION mode=banks calls=3 units=201 latch=1
NVS_RUNTIME_FAULT cut=12 write=ESP_ERR_FLASH_OP_FAIL old=49 new=127 recovered=49
COMMAND=/home/udaybhan/projects/Ghar_sajag_r1_storage/code/ParivarSathi_v1.5.4_PWA_BatteryAnalytics_v3_4_2/host/storage/nvs_runtime_probe/build/gs_nvs_runtime_probe.elf 9 50 20 banks 13 ENV={} EXIT=0
DIAG_OPERATION mode=banks calls=3 units=201 latch=1
NVS_RUNTIME_FAULT cut=13 write=ESP_ERR_FLASH_OP_FAIL old=49 new=127 recovered=49
COMMAND=/home/udaybhan/projects/Ghar_sajag_r1_storage/code/ParivarSathi_v1.5.4_PWA_BatteryAnalytics_v3_4_2/host/storage/nvs_runtime_probe/build/gs_nvs_runtime_probe.elf 9 50 20 banks 14 ENV={} EXIT=0
DIAG_OPERATION mode=banks calls=3 units=201 latch=1
NVS_RUNTIME_FAULT cut=14 write=ESP_ERR_FLASH_OP_FAIL old=49 new=127 recovered=49
COMMAND=/home/udaybhan/projects/Ghar_sajag_r1_storage/code/ParivarSathi_v1.5.4_PWA_BatteryAnalytics_v3_4_2/host/storage/nvs_runtime_probe/build/gs_nvs_runtime_probe.elf 9 50 20 banks 15 ENV={} EXIT=0
DIAG_OPERATION mode=banks calls=3 units=201 latch=1
NVS_RUNTIME_FAULT cut=15 write=ESP_ERR_FLASH_OP_FAIL old=49 new=127 recovered=49
COMMAND=/home/udaybhan/projects/Ghar_sajag_r1_storage/code/ParivarSathi_v1.5.4_PWA_BatteryAnalytics_v3_4_2/host/storage/nvs_runtime_probe/build/gs_nvs_runtime_probe.elf 9 50 20 banks 16 ENV={} EXIT=0
DIAG_OPERATION mode=banks calls=3 units=201 latch=1
NVS_RUNTIME_FAULT cut=16 write=ESP_ERR_FLASH_OP_FAIL old=49 new=127 recovered=49
COMMAND=/home/udaybhan/projects/Ghar_sajag_r1_storage/code/ParivarSathi_v1.5.4_PWA_BatteryAnalytics_v3_4_2/host/storage/nvs_runtime_probe/build/gs_nvs_runtime_probe.elf 9 50 20 banks 17 ENV={} EXIT=0
DIAG_OPERATION mode=banks calls=3 units=201 latch=1
NVS_RUNTIME_FAULT cut=17 write=ESP_ERR_FLASH_OP_FAIL old=49 new=127 recovered=49
COMMAND=/home/udaybhan/projects/Ghar_sajag_r1_storage/code/ParivarSathi_v1.5.4_PWA_BatteryAnalytics_v3_4_2/host/storage/nvs_runtime_probe/build/gs_nvs_runtime_probe.elf 9 50 20 banks 18 ENV={} EXIT=0
DIAG_OPERATION mode=banks calls=3 units=201 latch=1
NVS_RUNTIME_FAULT cut=18 write=ESP_ERR_FLASH_OP_FAIL old=49 new=127 recovered=49
COMMAND=/home/udaybhan/projects/Ghar_sajag_r1_storage/code/ParivarSathi_v1.5.4_PWA_BatteryAnalytics_v3_4_2/host/storage/nvs_runtime_probe/build/gs_nvs_runtime_probe.elf 9 50 20 banks 19 ENV={} EXIT=0
DIAG_OPERATION mode=banks calls=3 units=201 latch=1
NVS_RUNTIME_FAULT cut=19 write=ESP_ERR_FLASH_OP_FAIL old=49 new=127 recovered=49
COMMAND=/home/udaybhan/projects/Ghar_sajag_r1_storage/code/ParivarSathi_v1.5.4_PWA_BatteryAnalytics_v3_4_2/host/storage/nvs_runtime_probe/build/gs_nvs_runtime_probe.elf 9 50 20 banks 20 ENV={} EXIT=0
DIAG_OPERATION mode=banks calls=3 units=201 latch=1
NVS_RUNTIME_FAULT cut=20 write=ESP_ERR_FLASH_OP_FAIL old=49 new=127 recovered=49
COMMAND=/home/udaybhan/projects/Ghar_sajag_r1_storage/code/ParivarSathi_v1.5.4_PWA_BatteryAnalytics_v3_4_2/host/storage/nvs_runtime_probe/build/gs_nvs_runtime_probe.elf 9 50 20 banks 21 ENV={} EXIT=0
DIAG_OPERATION mode=banks calls=3 units=201 latch=1
NVS_RUNTIME_FAULT cut=21 write=ESP_ERR_FLASH_OP_FAIL old=49 new=127 recovered=49
COMMAND=/home/udaybhan/projects/Ghar_sajag_r1_storage/code/ParivarSathi_v1.5.4_PWA_BatteryAnalytics_v3_4_2/host/storage/nvs_runtime_probe/build/gs_nvs_runtime_probe.elf 9 50 20 banks 22 ENV={} EXIT=0
DIAG_OPERATION mode=banks calls=3 units=201 latch=1
NVS_RUNTIME_FAULT cut=22 write=ESP_ERR_FLASH_OP_FAIL old=49 new=127 recovered=49
COMMAND=/home/udaybhan/projects/Ghar_sajag_r1_storage/code/ParivarSathi_v1.5.4_PWA_BatteryAnalytics_v3_4_2/host/storage/nvs_runtime_probe/build/gs_nvs_runtime_probe.elf 9 50 20 banks 23 ENV={} EXIT=0
DIAG_OPERATION mode=banks calls=3 units=201 latch=1
NVS_RUNTIME_FAULT cut=23 write=ESP_ERR_FLASH_OP_FAIL old=49 new=127 recovered=49
COMMAND=/home/udaybhan/projects/Ghar_sajag_r1_storage/code/ParivarSathi_v1.5.4_PWA_BatteryAnalytics_v3_4_2/host/storage/nvs_runtime_probe/build/gs_nvs_runtime_probe.elf 9 50 20 banks 24 ENV={} EXIT=0
DIAG_OPERATION mode=banks calls=3 units=201 latch=1
NVS_RUNTIME_FAULT cut=24 write=ESP_ERR_FLASH_OP_FAIL old=49 new=127 recovered=49
COMMAND=/home/udaybhan/projects/Ghar_sajag_r1_storage/code/ParivarSathi_v1.5.4_PWA_BatteryAnalytics_v3_4_2/host/storage/nvs_runtime_probe/build/gs_nvs_runtime_probe.elf 9 50 20 banks 25 ENV={} EXIT=0
DIAG_OPERATION mode=banks calls=3 units=201 latch=1
NVS_RUNTIME_FAULT cut=25 write=ESP_ERR_FLASH_OP_FAIL old=49 new=127 recovered=49
COMMAND=/home/udaybhan/projects/Ghar_sajag_r1_storage/code/ParivarSathi_v1.5.4_PWA_BatteryAnalytics_v3_4_2/host/storage/nvs_runtime_probe/build/gs_nvs_runtime_probe.elf 9 50 20 banks 26 ENV={} EXIT=0
DIAG_OPERATION mode=banks calls=3 units=201 latch=1
NVS_RUNTIME_FAULT cut=26 write=ESP_ERR_FLASH_OP_FAIL old=49 new=127 recovered=49
COMMAND=/home/udaybhan/projects/Ghar_sajag_r1_storage/code/ParivarSathi_v1.5.4_PWA_BatteryAnalytics_v3_4_2/host/storage/nvs_runtime_probe/build/gs_nvs_runtime_probe.elf 9 50 20 banks 27 ENV={} EXIT=0
DIAG_OPERATION mode=banks calls=3 units=201 latch=1
NVS_RUNTIME_FAULT cut=27 write=ESP_ERR_FLASH_OP_FAIL old=49 new=127 recovered=49
COMMAND=/home/udaybhan/projects/Ghar_sajag_r1_storage/code/ParivarSathi_v1.5.4_PWA_BatteryAnalytics_v3_4_2/host/storage/nvs_runtime_probe/build/gs_nvs_runtime_probe.elf 9 50 20 banks 28 ENV={} EXIT=0
DIAG_OPERATION mode=banks calls=3 units=201 latch=1
NVS_RUNTIME_FAULT cut=28 write=ESP_ERR_FLASH_OP_FAIL old=49 new=127 recovered=49
COMMAND=/home/udaybhan/projects/Ghar_sajag_r1_storage/code/ParivarSathi_v1.5.4_PWA_BatteryAnalytics_v3_4_2/host/storage/nvs_runtime_probe/build/gs_nvs_runtime_probe.elf 9 50 20 banks 29 ENV={} EXIT=0
DIAG_OPERATION mode=banks calls=3 units=201 latch=1
NVS_RUNTIME_FAULT cut=29 write=ESP_ERR_FLASH_OP_FAIL old=49 new=127 recovered=49
COMMAND=/home/udaybhan/projects/Ghar_sajag_r1_storage/code/ParivarSathi_v1.5.4_PWA_BatteryAnalytics_v3_4_2/host/storage/nvs_runtime_probe/build/gs_nvs_runtime_probe.elf 9 50 20 banks 30 ENV={} EXIT=0
DIAG_OPERATION mode=banks calls=3 units=201 latch=1
NVS_RUNTIME_FAULT cut=30 write=ESP_ERR_FLASH_OP_FAIL old=49 new=127 recovered=49
COMMAND=/home/udaybhan/projects/Ghar_sajag_r1_storage/code/ParivarSathi_v1.5.4_PWA_BatteryAnalytics_v3_4_2/host/storage/nvs_runtime_probe/build/gs_nvs_runtime_probe.elf 9 50 20 banks 31 ENV={} EXIT=0
DIAG_OPERATION mode=banks calls=3 units=201 latch=1
NVS_RUNTIME_FAULT cut=31 write=ESP_ERR_FLASH_OP_FAIL old=49 new=127 recovered=49
COMMAND=/home/udaybhan/projects/Ghar_sajag_r1_storage/code/ParivarSathi_v1.5.4_PWA_BatteryAnalytics_v3_4_2/host/storage/nvs_runtime_probe/build/gs_nvs_runtime_probe.elf 9 50 20 banks 32 ENV={} EXIT=0
DIAG_OPERATION mode=banks calls=3 units=201 latch=1
NVS_RUNTIME_FAULT cut=32 write=ESP_ERR_FLASH_OP_FAIL old=49 new=127 recovered=49
COMMAND=/home/udaybhan/projects/Ghar_sajag_r1_storage/code/ParivarSathi_v1.5.4_PWA_BatteryAnalytics_v3_4_2/host/storage/nvs_runtime_probe/build/gs_nvs_runtime_probe.elf 9 50 20 banks 33 ENV={} EXIT=0
DIAG_OPERATION mode=banks calls=3 units=201 latch=1
NVS_RUNTIME_FAULT cut=33 write=ESP_ERR_FLASH_OP_FAIL old=49 new=127 recovered=49
COMMAND=/home/udaybhan/projects/Ghar_sajag_r1_storage/code/ParivarSathi_v1.5.4_PWA_BatteryAnalytics_v3_4_2/host/storage/nvs_runtime_probe/build/gs_nvs_runtime_probe.elf 9 50 20 banks 34 ENV={} EXIT=0
DIAG_OPERATION mode=banks calls=3 units=201 latch=1
NVS_RUNTIME_FAULT cut=34 write=ESP_ERR_FLASH_OP_FAIL old=49 new=127 recovered=49
COMMAND=/home/udaybhan/projects/Ghar_sajag_r1_storage/code/ParivarSathi_v1.5.4_PWA_BatteryAnalytics_v3_4_2/host/storage/nvs_runtime_probe/build/gs_nvs_runtime_probe.elf 9 50 20 banks 35 ENV={} EXIT=0
DIAG_OPERATION mode=banks calls=3 units=201 latch=1
NVS_RUNTIME_FAULT cut=35 write=ESP_ERR_FLASH_OP_FAIL old=49 new=127 recovered=49
COMMAND=/home/udaybhan/projects/Ghar_sajag_r1_storage/code/ParivarSathi_v1.5.4_PWA_BatteryAnalytics_v3_4_2/host/storage/nvs_runtime_probe/build/gs_nvs_runtime_probe.elf 9 50 20 banks 36 ENV={} EXIT=0
DIAG_OPERATION mode=banks calls=3 units=201 latch=1
NVS_RUNTIME_FAULT cut=36 write=ESP_ERR_FLASH_OP_FAIL old=49 new=127 recovered=49
COMMAND=/home/udaybhan/projects/Ghar_sajag_r1_storage/code/ParivarSathi_v1.5.4_PWA_BatteryAnalytics_v3_4_2/host/storage/nvs_runtime_probe/build/gs_nvs_runtime_probe.elf 9 50 20 banks 37 ENV={} EXIT=0
DIAG_OPERATION mode=banks calls=3 units=201 latch=1
NVS_RUNTIME_FAULT cut=37 write=ESP_ERR_FLASH_OP_FAIL old=49 new=127 recovered=49
COMMAND=/home/udaybhan/projects/Ghar_sajag_r1_storage/code/ParivarSathi_v1.5.4_PWA_BatteryAnalytics_v3_4_2/host/storage/nvs_runtime_probe/build/gs_nvs_runtime_probe.elf 9 50 20 banks 38 ENV={} EXIT=0
DIAG_OPERATION mode=banks calls=3 units=201 latch=1
NVS_RUNTIME_FAULT cut=38 write=ESP_ERR_FLASH_OP_FAIL old=49 new=127 recovered=49
COMMAND=/home/udaybhan/projects/Ghar_sajag_r1_storage/code/ParivarSathi_v1.5.4_PWA_BatteryAnalytics_v3_4_2/host/storage/nvs_runtime_probe/build/gs_nvs_runtime_probe.elf 9 50 20 banks 39 ENV={} EXIT=0
DIAG_OPERATION mode=banks calls=3 units=201 latch=1
NVS_RUNTIME_FAULT cut=39 write=ESP_ERR_FLASH_OP_FAIL old=49 new=127 recovered=49
COMMAND=/home/udaybhan/projects/Ghar_sajag_r1_storage/code/ParivarSathi_v1.5.4_PWA_BatteryAnalytics_v3_4_2/host/storage/nvs_runtime_probe/build/gs_nvs_runtime_probe.elf 9 50 20 banks 40 ENV={} EXIT=0
DIAG_OPERATION mode=banks calls=3 units=201 latch=1
NVS_RUNTIME_FAULT cut=40 write=ESP_ERR_FLASH_OP_FAIL old=49 new=127 recovered=49
COMMAND=/home/udaybhan/projects/Ghar_sajag_r1_storage/code/ParivarSathi_v1.5.4_PWA_BatteryAnalytics_v3_4_2/host/storage/nvs_runtime_probe/build/gs_nvs_runtime_probe.elf 9 50 20 banks 41 ENV={} EXIT=0
DIAG_OPERATION mode=banks calls=3 units=201 latch=1
NVS_RUNTIME_FAULT cut=41 write=ESP_ERR_FLASH_OP_FAIL old=49 new=127 recovered=49
COMMAND=/home/udaybhan/projects/Ghar_sajag_r1_storage/code/ParivarSathi_v1.5.4_PWA_BatteryAnalytics_v3_4_2/host/storage/nvs_runtime_probe/build/gs_nvs_runtime_probe.elf 9 50 20 banks 42 ENV={} EXIT=0
DIAG_OPERATION mode=banks calls=3 units=201 latch=1
NVS_RUNTIME_FAULT cut=42 write=ESP_ERR_FLASH_OP_FAIL old=49 new=127 recovered=49
COMMAND=/home/udaybhan/projects/Ghar_sajag_r1_storage/code/ParivarSathi_v1.5.4_PWA_BatteryAnalytics_v3_4_2/host/storage/nvs_runtime_probe/build/gs_nvs_runtime_probe.elf 9 50 20 banks 43 ENV={} EXIT=0
DIAG_OPERATION mode=banks calls=3 units=201 latch=1
NVS_RUNTIME_FAULT cut=43 write=ESP_ERR_FLASH_OP_FAIL old=49 new=127 recovered=49
COMMAND=/home/udaybhan/projects/Ghar_sajag_r1_storage/code/ParivarSathi_v1.5.4_PWA_BatteryAnalytics_v3_4_2/host/storage/nvs_runtime_probe/build/gs_nvs_runtime_probe.elf 9 50 20 banks 44 ENV={} EXIT=0
DIAG_OPERATION mode=banks calls=3 units=201 latch=1
NVS_RUNTIME_FAULT cut=44 write=ESP_ERR_FLASH_OP_FAIL old=49 new=127 recovered=49
COMMAND=/home/udaybhan/projects/Ghar_sajag_r1_storage/code/ParivarSathi_v1.5.4_PWA_BatteryAnalytics_v3_4_2/host/storage/nvs_runtime_probe/build/gs_nvs_runtime_probe.elf 9 50 20 banks 45 ENV={} EXIT=0
DIAG_OPERATION mode=banks calls=3 units=201 latch=1
NVS_RUNTIME_FAULT cut=45 write=ESP_ERR_FLASH_OP_FAIL old=49 new=127 recovered=49
COMMAND=/home/udaybhan/projects/Ghar_sajag_r1_storage/code/ParivarSathi_v1.5.4_PWA_BatteryAnalytics_v3_4_2/host/storage/nvs_runtime_probe/build/gs_nvs_runtime_probe.elf 9 50 20 banks 46 ENV={} EXIT=0
DIAG_OPERATION mode=banks calls=3 units=201 latch=1
NVS_RUNTIME_FAULT cut=46 write=ESP_ERR_FLASH_OP_FAIL old=49 new=127 recovered=49
COMMAND=/home/udaybhan/projects/Ghar_sajag_r1_storage/code/ParivarSathi_v1.5.4_PWA_BatteryAnalytics_v3_4_2/host/storage/nvs_runtime_probe/build/gs_nvs_runtime_probe.elf 9 50 20 banks 47 ENV={} EXIT=0
DIAG_OPERATION mode=banks calls=3 units=201 latch=1
NVS_RUNTIME_FAULT cut=47 write=ESP_ERR_FLASH_OP_FAIL old=49 new=127 recovered=49
COMMAND=/home/udaybhan/projects/Ghar_sajag_r1_storage/code/ParivarSathi_v1.5.4_PWA_BatteryAnalytics_v3_4_2/host/storage/nvs_runtime_probe/build/gs_nvs_runtime_probe.elf 9 50 20 banks 48 ENV={} EXIT=0
DIAG_OPERATION mode=banks calls=3 units=201 latch=1
NVS_RUNTIME_FAULT cut=48 write=ESP_ERR_FLASH_OP_FAIL old=49 new=127 recovered=49
COMMAND=/home/udaybhan/projects/Ghar_sajag_r1_storage/code/ParivarSathi_v1.5.4_PWA_BatteryAnalytics_v3_4_2/host/storage/nvs_runtime_probe/build/gs_nvs_runtime_probe.elf 9 50 20 banks 49 ENV={} EXIT=0
DIAG_OPERATION mode=banks calls=3 units=201 latch=1
NVS_RUNTIME_FAULT cut=49 write=ESP_ERR_FLASH_OP_FAIL old=49 new=127 recovered=49
COMMAND=/home/udaybhan/projects/Ghar_sajag_r1_storage/code/ParivarSathi_v1.5.4_PWA_BatteryAnalytics_v3_4_2/host/storage/nvs_runtime_probe/build/gs_nvs_runtime_probe.elf 9 50 20 banks 50 ENV={} EXIT=0
DIAG_OPERATION mode=banks calls=3 units=201 latch=1
NVS_RUNTIME_FAULT cut=50 write=ESP_ERR_FLASH_OP_FAIL old=49 new=127 recovered=49
COMMAND=/home/udaybhan/projects/Ghar_sajag_r1_storage/code/ParivarSathi_v1.5.4_PWA_BatteryAnalytics_v3_4_2/host/storage/nvs_runtime_probe/build/gs_nvs_runtime_probe.elf 9 50 20 banks 51 ENV={} EXIT=0
DIAG_OPERATION mode=banks calls=3 units=201 latch=1
NVS_RUNTIME_FAULT cut=51 write=ESP_ERR_FLASH_OP_FAIL old=49 new=127 recovered=49
COMMAND=/home/udaybhan/projects/Ghar_sajag_r1_storage/code/ParivarSathi_v1.5.4_PWA_BatteryAnalytics_v3_4_2/host/storage/nvs_runtime_probe/build/gs_nvs_runtime_probe.elf 9 50 20 banks 52 ENV={} EXIT=0
DIAG_OPERATION mode=banks calls=3 units=201 latch=1
NVS_RUNTIME_FAULT cut=52 write=ESP_ERR_FLASH_OP_FAIL old=49 new=127 recovered=49
COMMAND=/home/udaybhan/projects/Ghar_sajag_r1_storage/code/ParivarSathi_v1.5.4_PWA_BatteryAnalytics_v3_4_2/host/storage/nvs_runtime_probe/build/gs_nvs_runtime_probe.elf 9 50 20 banks 53 ENV={} EXIT=0
DIAG_OPERATION mode=banks calls=3 units=201 latch=1
NVS_RUNTIME_FAULT cut=53 write=ESP_ERR_FLASH_OP_FAIL old=49 new=127 recovered=49
COMMAND=/home/udaybhan/projects/Ghar_sajag_r1_storage/code/ParivarSathi_v1.5.4_PWA_BatteryAnalytics_v3_4_2/host/storage/nvs_runtime_probe/build/gs_nvs_runtime_probe.elf 9 50 20 banks 54 ENV={} EXIT=0
DIAG_OPERATION mode=banks calls=3 units=201 latch=1
NVS_RUNTIME_FAULT cut=54 write=ESP_ERR_FLASH_OP_FAIL old=49 new=127 recovered=49
COMMAND=/home/udaybhan/projects/Ghar_sajag_r1_storage/code/ParivarSathi_v1.5.4_PWA_BatteryAnalytics_v3_4_2/host/storage/nvs_runtime_probe/build/gs_nvs_runtime_probe.elf 9 50 20 banks 55 ENV={} EXIT=0
DIAG_OPERATION mode=banks calls=3 units=201 latch=1
NVS_RUNTIME_FAULT cut=55 write=ESP_ERR_FLASH_OP_FAIL old=49 new=127 recovered=49
COMMAND=/home/udaybhan/projects/Ghar_sajag_r1_storage/code/ParivarSathi_v1.5.4_PWA_BatteryAnalytics_v3_4_2/host/storage/nvs_runtime_probe/build/gs_nvs_runtime_probe.elf 9 50 20 banks 56 ENV={} EXIT=0
DIAG_OPERATION mode=banks calls=3 units=201 latch=1
NVS_RUNTIME_FAULT cut=56 write=ESP_ERR_FLASH_OP_FAIL old=49 new=127 recovered=49
COMMAND=/home/udaybhan/projects/Ghar_sajag_r1_storage/code/ParivarSathi_v1.5.4_PWA_BatteryAnalytics_v3_4_2/host/storage/nvs_runtime_probe/build/gs_nvs_runtime_probe.elf 9 50 20 banks 57 ENV={} EXIT=0
DIAG_OPERATION mode=banks calls=3 units=201 latch=1
NVS_RUNTIME_FAULT cut=57 write=ESP_ERR_FLASH_OP_FAIL old=49 new=127 recovered=49
COMMAND=/home/udaybhan/projects/Ghar_sajag_r1_storage/code/ParivarSathi_v1.5.4_PWA_BatteryAnalytics_v3_4_2/host/storage/nvs_runtime_probe/build/gs_nvs_runtime_probe.elf 9 50 20 banks 58 ENV={} EXIT=0
DIAG_OPERATION mode=banks calls=3 units=201 latch=1
NVS_RUNTIME_FAULT cut=58 write=ESP_ERR_FLASH_OP_FAIL old=49 new=127 recovered=49
COMMAND=/home/udaybhan/projects/Ghar_sajag_r1_storage/code/ParivarSathi_v1.5.4_PWA_BatteryAnalytics_v3_4_2/host/storage/nvs_runtime_probe/build/gs_nvs_runtime_probe.elf 9 50 20 banks 59 ENV={} EXIT=0
DIAG_OPERATION mode=banks calls=3 units=201 latch=1
NVS_RUNTIME_FAULT cut=59 write=ESP_ERR_FLASH_OP_FAIL old=49 new=127 recovered=49
COMMAND=/home/udaybhan/projects/Ghar_sajag_r1_storage/code/ParivarSathi_v1.5.4_PWA_BatteryAnalytics_v3_4_2/host/storage/nvs_runtime_probe/build/gs_nvs_runtime_probe.elf 9 50 20 banks 60 ENV={} EXIT=0
DIAG_OPERATION mode=banks calls=3 units=201 latch=1
NVS_RUNTIME_FAULT cut=60 write=ESP_ERR_FLASH_OP_FAIL old=49 new=127 recovered=49
COMMAND=/home/udaybhan/projects/Ghar_sajag_r1_storage/code/ParivarSathi_v1.5.4_PWA_BatteryAnalytics_v3_4_2/host/storage/nvs_runtime_probe/build/gs_nvs_runtime_probe.elf 9 50 20 banks 61 ENV={} EXIT=0
DIAG_OPERATION mode=banks calls=3 units=201 latch=1
NVS_RUNTIME_FAULT cut=61 write=ESP_ERR_FLASH_OP_FAIL old=49 new=127 recovered=49
COMMAND=/home/udaybhan/projects/Ghar_sajag_r1_storage/code/ParivarSathi_v1.5.4_PWA_BatteryAnalytics_v3_4_2/host/storage/nvs_runtime_probe/build/gs_nvs_runtime_probe.elf 9 50 20 banks 62 ENV={} EXIT=0
DIAG_OPERATION mode=banks calls=3 units=201 latch=1
NVS_RUNTIME_FAULT cut=62 write=ESP_ERR_FLASH_OP_FAIL old=49 new=127 recovered=49
COMMAND=/home/udaybhan/projects/Ghar_sajag_r1_storage/code/ParivarSathi_v1.5.4_PWA_BatteryAnalytics_v3_4_2/host/storage/nvs_runtime_probe/build/gs_nvs_runtime_probe.elf 9 50 20 banks 63 ENV={} EXIT=0
DIAG_OPERATION mode=banks calls=3 units=201 latch=1
NVS_RUNTIME_FAULT cut=63 write=ESP_ERR_FLASH_OP_FAIL old=49 new=127 recovered=49
COMMAND=/home/udaybhan/projects/Ghar_sajag_r1_storage/code/ParivarSathi_v1.5.4_PWA_BatteryAnalytics_v3_4_2/host/storage/nvs_runtime_probe/build/gs_nvs_runtime_probe.elf 9 50 20 banks 64 ENV={} EXIT=0
DIAG_OPERATION mode=banks calls=3 units=201 latch=1
NVS_RUNTIME_FAULT cut=64 write=ESP_ERR_FLASH_OP_FAIL old=49 new=127 recovered=49
COMMAND=/home/udaybhan/projects/Ghar_sajag_r1_storage/code/ParivarSathi_v1.5.4_PWA_BatteryAnalytics_v3_4_2/host/storage/nvs_runtime_probe/build/gs_nvs_runtime_probe.elf 9 50 20 banks 65 ENV={} EXIT=0
DIAG_OPERATION mode=banks calls=3 units=201 latch=1
NVS_RUNTIME_FAULT cut=65 write=ESP_ERR_FLASH_OP_FAIL old=49 new=127 recovered=49
COMMAND=/home/udaybhan/projects/Ghar_sajag_r1_storage/code/ParivarSathi_v1.5.4_PWA_BatteryAnalytics_v3_4_2/host/storage/nvs_runtime_probe/build/gs_nvs_runtime_probe.elf 9 50 20 banks 66 ENV={} EXIT=0
DIAG_OPERATION mode=banks calls=3 units=201 latch=1
NVS_RUNTIME_FAULT cut=66 write=ESP_ERR_FLASH_OP_FAIL old=49 new=127 recovered=49
COMMAND=/home/udaybhan/projects/Ghar_sajag_r1_storage/code/ParivarSathi_v1.5.4_PWA_BatteryAnalytics_v3_4_2/host/storage/nvs_runtime_probe/build/gs_nvs_runtime_probe.elf 9 50 20 banks 67 ENV={} EXIT=0
DIAG_OPERATION mode=banks calls=3 units=201 latch=1
NVS_RUNTIME_FAULT cut=67 write=ESP_ERR_FLASH_OP_FAIL old=49 new=127 recovered=49
COMMAND=/home/udaybhan/projects/Ghar_sajag_r1_storage/code/ParivarSathi_v1.5.4_PWA_BatteryAnalytics_v3_4_2/host/storage/nvs_runtime_probe/build/gs_nvs_runtime_probe.elf 9 50 20 banks 68 ENV={} EXIT=0
DIAG_OPERATION mode=banks calls=3 units=201 latch=1
NVS_RUNTIME_FAULT cut=68 write=ESP_ERR_FLASH_OP_FAIL old=49 new=127 recovered=49
COMMAND=/home/udaybhan/projects/Ghar_sajag_r1_storage/code/ParivarSathi_v1.5.4_PWA_BatteryAnalytics_v3_4_2/host/storage/nvs_runtime_probe/build/gs_nvs_runtime_probe.elf 9 50 20 banks 69 ENV={} EXIT=0
DIAG_OPERATION mode=banks calls=3 units=201 latch=1
NVS_RUNTIME_FAULT cut=69 write=ESP_ERR_FLASH_OP_FAIL old=49 new=127 recovered=49
COMMAND=/home/udaybhan/projects/Ghar_sajag_r1_storage/code/ParivarSathi_v1.5.4_PWA_BatteryAnalytics_v3_4_2/host/storage/nvs_runtime_probe/build/gs_nvs_runtime_probe.elf 9 50 20 banks 70 ENV={} EXIT=0
DIAG_OPERATION mode=banks calls=3 units=201 latch=1
NVS_RUNTIME_FAULT cut=70 write=ESP_ERR_FLASH_OP_FAIL old=49 new=127 recovered=49
COMMAND=/home/udaybhan/projects/Ghar_sajag_r1_storage/code/ParivarSathi_v1.5.4_PWA_BatteryAnalytics_v3_4_2/host/storage/nvs_runtime_probe/build/gs_nvs_runtime_probe.elf 9 50 20 banks 71 ENV={} EXIT=0
DIAG_OPERATION mode=banks calls=3 units=201 latch=1
NVS_RUNTIME_FAULT cut=71 write=ESP_ERR_FLASH_OP_FAIL old=49 new=127 recovered=49
COMMAND=/home/udaybhan/projects/Ghar_sajag_r1_storage/code/ParivarSathi_v1.5.4_PWA_BatteryAnalytics_v3_4_2/host/storage/nvs_runtime_probe/build/gs_nvs_runtime_probe.elf 9 50 20 banks 72 ENV={} EXIT=0
DIAG_OPERATION mode=banks calls=3 units=201 latch=1
NVS_RUNTIME_FAULT cut=72 write=ESP_ERR_FLASH_OP_FAIL old=49 new=127 recovered=49
COMMAND=/home/udaybhan/projects/Ghar_sajag_r1_storage/code/ParivarSathi_v1.5.4_PWA_BatteryAnalytics_v3_4_2/host/storage/nvs_runtime_probe/build/gs_nvs_runtime_probe.elf 9 50 20 banks 73 ENV={} EXIT=0
DIAG_OPERATION mode=banks calls=3 units=201 latch=1
NVS_RUNTIME_FAULT cut=73 write=ESP_ERR_FLASH_OP_FAIL old=49 new=127 recovered=49
COMMAND=/home/udaybhan/projects/Ghar_sajag_r1_storage/code/ParivarSathi_v1.5.4_PWA_BatteryAnalytics_v3_4_2/host/storage/nvs_runtime_probe/build/gs_nvs_runtime_probe.elf 9 50 20 banks 74 ENV={} EXIT=0
DIAG_OPERATION mode=banks calls=3 units=201 latch=1
NVS_RUNTIME_FAULT cut=74 write=ESP_ERR_FLASH_OP_FAIL old=49 new=127 recovered=49
COMMAND=/home/udaybhan/projects/Ghar_sajag_r1_storage/code/ParivarSathi_v1.5.4_PWA_BatteryAnalytics_v3_4_2/host/storage/nvs_runtime_probe/build/gs_nvs_runtime_probe.elf 9 50 20 banks 75 ENV={} EXIT=0
DIAG_OPERATION mode=banks calls=3 units=201 latch=1
NVS_RUNTIME_FAULT cut=75 write=ESP_ERR_FLASH_OP_FAIL old=49 new=127 recovered=49
COMMAND=/home/udaybhan/projects/Ghar_sajag_r1_storage/code/ParivarSathi_v1.5.4_PWA_BatteryAnalytics_v3_4_2/host/storage/nvs_runtime_probe/build/gs_nvs_runtime_probe.elf 9 50 20 banks 76 ENV={} EXIT=0
DIAG_OPERATION mode=banks calls=3 units=201 latch=1
NVS_RUNTIME_FAULT cut=76 write=ESP_ERR_FLASH_OP_FAIL old=49 new=127 recovered=49
COMMAND=/home/udaybhan/projects/Ghar_sajag_r1_storage/code/ParivarSathi_v1.5.4_PWA_BatteryAnalytics_v3_4_2/host/storage/nvs_runtime_probe/build/gs_nvs_runtime_probe.elf 9 50 20 banks 77 ENV={} EXIT=0
DIAG_OPERATION mode=banks calls=3 units=201 latch=1
NVS_RUNTIME_FAULT cut=77 write=ESP_ERR_FLASH_OP_FAIL old=49 new=127 recovered=49
COMMAND=/home/udaybhan/projects/Ghar_sajag_r1_storage/code/ParivarSathi_v1.5.4_PWA_BatteryAnalytics_v3_4_2/host/storage/nvs_runtime_probe/build/gs_nvs_runtime_probe.elf 9 50 20 banks 78 ENV={} EXIT=0
DIAG_OPERATION mode=banks calls=3 units=201 latch=1
NVS_RUNTIME_FAULT cut=78 write=ESP_ERR_FLASH_OP_FAIL old=49 new=127 recovered=49
COMMAND=/home/udaybhan/projects/Ghar_sajag_r1_storage/code/ParivarSathi_v1.5.4_PWA_BatteryAnalytics_v3_4_2/host/storage/nvs_runtime_probe/build/gs_nvs_runtime_probe.elf 9 50 20 banks 79 ENV={} EXIT=0
DIAG_OPERATION mode=banks calls=3 units=201 latch=1
NVS_RUNTIME_FAULT cut=79 write=ESP_ERR_FLASH_OP_FAIL old=49 new=127 recovered=49
COMMAND=/home/udaybhan/projects/Ghar_sajag_r1_storage/code/ParivarSathi_v1.5.4_PWA_BatteryAnalytics_v3_4_2/host/storage/nvs_runtime_probe/build/gs_nvs_runtime_probe.elf 9 50 20 banks 80 ENV={} EXIT=0
DIAG_OPERATION mode=banks calls=3 units=201 latch=1
NVS_RUNTIME_FAULT cut=80 write=ESP_ERR_FLASH_OP_FAIL old=49 new=127 recovered=49
COMMAND=/home/udaybhan/projects/Ghar_sajag_r1_storage/code/ParivarSathi_v1.5.4_PWA_BatteryAnalytics_v3_4_2/host/storage/nvs_runtime_probe/build/gs_nvs_runtime_probe.elf 9 50 20 banks 81 ENV={} EXIT=0
DIAG_OPERATION mode=banks calls=3 units=201 latch=1
NVS_RUNTIME_FAULT cut=81 write=ESP_ERR_FLASH_OP_FAIL old=49 new=127 recovered=49
COMMAND=/home/udaybhan/projects/Ghar_sajag_r1_storage/code/ParivarSathi_v1.5.4_PWA_BatteryAnalytics_v3_4_2/host/storage/nvs_runtime_probe/build/gs_nvs_runtime_probe.elf 9 50 20 banks 82 ENV={} EXIT=0
DIAG_OPERATION mode=banks calls=3 units=201 latch=1
NVS_RUNTIME_FAULT cut=82 write=ESP_ERR_FLASH_OP_FAIL old=49 new=127 recovered=49
COMMAND=/home/udaybhan/projects/Ghar_sajag_r1_storage/code/ParivarSathi_v1.5.4_PWA_BatteryAnalytics_v3_4_2/host/storage/nvs_runtime_probe/build/gs_nvs_runtime_probe.elf 9 50 20 banks 83 ENV={} EXIT=0
DIAG_OPERATION mode=banks calls=3 units=201 latch=1
NVS_RUNTIME_FAULT cut=83 write=ESP_ERR_FLASH_OP_FAIL old=49 new=127 recovered=49
COMMAND=/home/udaybhan/projects/Ghar_sajag_r1_storage/code/ParivarSathi_v1.5.4_PWA_BatteryAnalytics_v3_4_2/host/storage/nvs_runtime_probe/build/gs_nvs_runtime_probe.elf 9 50 20 banks 84 ENV={} EXIT=0
DIAG_OPERATION mode=banks calls=3 units=201 latch=1
NVS_RUNTIME_FAULT cut=84 write=ESP_ERR_FLASH_OP_FAIL old=49 new=127 recovered=49
COMMAND=/home/udaybhan/projects/Ghar_sajag_r1_storage/code/ParivarSathi_v1.5.4_PWA_BatteryAnalytics_v3_4_2/host/storage/nvs_runtime_probe/build/gs_nvs_runtime_probe.elf 9 50 20 banks 85 ENV={} EXIT=0
DIAG_OPERATION mode=banks calls=3 units=201 latch=1
NVS_RUNTIME_FAULT cut=85 write=ESP_ERR_FLASH_OP_FAIL old=49 new=127 recovered=49
COMMAND=/home/udaybhan/projects/Ghar_sajag_r1_storage/code/ParivarSathi_v1.5.4_PWA_BatteryAnalytics_v3_4_2/host/storage/nvs_runtime_probe/build/gs_nvs_runtime_probe.elf 9 50 20 banks 86 ENV={} EXIT=0
DIAG_OPERATION mode=banks calls=3 units=201 latch=1
NVS_RUNTIME_FAULT cut=86 write=ESP_ERR_FLASH_OP_FAIL old=49 new=127 recovered=49
COMMAND=/home/udaybhan/projects/Ghar_sajag_r1_storage/code/ParivarSathi_v1.5.4_PWA_BatteryAnalytics_v3_4_2/host/storage/nvs_runtime_probe/build/gs_nvs_runtime_probe.elf 9 50 20 banks 87 ENV={} EXIT=0
DIAG_OPERATION mode=banks calls=3 units=201 latch=1
NVS_RUNTIME_FAULT cut=87 write=ESP_ERR_FLASH_OP_FAIL old=49 new=127 recovered=49
COMMAND=/home/udaybhan/projects/Ghar_sajag_r1_storage/code/ParivarSathi_v1.5.4_PWA_BatteryAnalytics_v3_4_2/host/storage/nvs_runtime_probe/build/gs_nvs_runtime_probe.elf 9 50 20 banks 88 ENV={} EXIT=0
DIAG_OPERATION mode=banks calls=3 units=201 latch=1
NVS_RUNTIME_FAULT cut=88 write=ESP_ERR_FLASH_OP_FAIL old=49 new=127 recovered=49
COMMAND=/home/udaybhan/projects/Ghar_sajag_r1_storage/code/ParivarSathi_v1.5.4_PWA_BatteryAnalytics_v3_4_2/host/storage/nvs_runtime_probe/build/gs_nvs_runtime_probe.elf 9 50 20 banks 89 ENV={} EXIT=0
DIAG_OPERATION mode=banks calls=3 units=201 latch=1
NVS_RUNTIME_FAULT cut=89 write=ESP_ERR_FLASH_OP_FAIL old=49 new=127 recovered=49
COMMAND=/home/udaybhan/projects/Ghar_sajag_r1_storage/code/ParivarSathi_v1.5.4_PWA_BatteryAnalytics_v3_4_2/host/storage/nvs_runtime_probe/build/gs_nvs_runtime_probe.elf 9 50 20 banks 90 ENV={} EXIT=0
DIAG_OPERATION mode=banks calls=3 units=201 latch=1
NVS_RUNTIME_FAULT cut=90 write=ESP_ERR_FLASH_OP_FAIL old=49 new=127 recovered=49
COMMAND=/home/udaybhan/projects/Ghar_sajag_r1_storage/code/ParivarSathi_v1.5.4_PWA_BatteryAnalytics_v3_4_2/host/storage/nvs_runtime_probe/build/gs_nvs_runtime_probe.elf 9 50 20 banks 91 ENV={} EXIT=0
DIAG_OPERATION mode=banks calls=3 units=201 latch=1
NVS_RUNTIME_FAULT cut=91 write=ESP_ERR_FLASH_OP_FAIL old=49 new=127 recovered=49
COMMAND=/home/udaybhan/projects/Ghar_sajag_r1_storage/code/ParivarSathi_v1.5.4_PWA_BatteryAnalytics_v3_4_2/host/storage/nvs_runtime_probe/build/gs_nvs_runtime_probe.elf 9 50 20 banks 92 ENV={} EXIT=0
DIAG_OPERATION mode=banks calls=3 units=201 latch=1
NVS_RUNTIME_FAULT cut=92 write=ESP_ERR_FLASH_OP_FAIL old=49 new=127 recovered=49
COMMAND=/home/udaybhan/projects/Ghar_sajag_r1_storage/code/ParivarSathi_v1.5.4_PWA_BatteryAnalytics_v3_4_2/host/storage/nvs_runtime_probe/build/gs_nvs_runtime_probe.elf 9 50 20 banks 93 ENV={} EXIT=0
DIAG_OPERATION mode=banks calls=3 units=201 latch=1
NVS_RUNTIME_FAULT cut=93 write=ESP_ERR_FLASH_OP_FAIL old=49 new=127 recovered=49
COMMAND=/home/udaybhan/projects/Ghar_sajag_r1_storage/code/ParivarSathi_v1.5.4_PWA_BatteryAnalytics_v3_4_2/host/storage/nvs_runtime_probe/build/gs_nvs_runtime_probe.elf 9 50 20 banks 94 ENV={} EXIT=0
DIAG_OPERATION mode=banks calls=3 units=201 latch=1
NVS_RUNTIME_FAULT cut=94 write=ESP_ERR_FLASH_OP_FAIL old=49 new=127 recovered=49
COMMAND=/home/udaybhan/projects/Ghar_sajag_r1_storage/code/ParivarSathi_v1.5.4_PWA_BatteryAnalytics_v3_4_2/host/storage/nvs_runtime_probe/build/gs_nvs_runtime_probe.elf 9 50 20 banks 95 ENV={} EXIT=0
DIAG_OPERATION mode=banks calls=3 units=201 latch=1
NVS_RUNTIME_FAULT cut=95 write=ESP_ERR_FLASH_OP_FAIL old=49 new=127 recovered=49
COMMAND=/home/udaybhan/projects/Ghar_sajag_r1_storage/code/ParivarSathi_v1.5.4_PWA_BatteryAnalytics_v3_4_2/host/storage/nvs_runtime_probe/build/gs_nvs_runtime_probe.elf 9 50 20 banks 96 ENV={} EXIT=0
DIAG_OPERATION mode=banks calls=3 units=201 latch=1
NVS_RUNTIME_FAULT cut=96 write=ESP_ERR_FLASH_OP_FAIL old=49 new=127 recovered=49
COMMAND=/home/udaybhan/projects/Ghar_sajag_r1_storage/code/ParivarSathi_v1.5.4_PWA_BatteryAnalytics_v3_4_2/host/storage/nvs_runtime_probe/build/gs_nvs_runtime_probe.elf 9 50 20 banks 97 ENV={} EXIT=0
DIAG_OPERATION mode=banks calls=3 units=201 latch=1
NVS_RUNTIME_FAULT cut=97 write=ESP_ERR_FLASH_OP_FAIL old=49 new=127 recovered=49
COMMAND=/home/udaybhan/projects/Ghar_sajag_r1_storage/code/ParivarSathi_v1.5.4_PWA_BatteryAnalytics_v3_4_2/host/storage/nvs_runtime_probe/build/gs_nvs_runtime_probe.elf 9 50 20 banks 98 ENV={} EXIT=0
DIAG_OPERATION mode=banks calls=3 units=201 latch=1
NVS_RUNTIME_FAULT cut=98 write=ESP_ERR_FLASH_OP_FAIL old=49 new=127 recovered=49
COMMAND=/home/udaybhan/projects/Ghar_sajag_r1_storage/code/ParivarSathi_v1.5.4_PWA_BatteryAnalytics_v3_4_2/host/storage/nvs_runtime_probe/build/gs_nvs_runtime_probe.elf 9 50 20 banks 99 ENV={} EXIT=0
DIAG_OPERATION mode=banks calls=3 units=201 latch=1
NVS_RUNTIME_FAULT cut=99 write=ESP_ERR_FLASH_OP_FAIL old=49 new=127 recovered=49
COMMAND=/home/udaybhan/projects/Ghar_sajag_r1_storage/code/ParivarSathi_v1.5.4_PWA_BatteryAnalytics_v3_4_2/host/storage/nvs_runtime_probe/build/gs_nvs_runtime_probe.elf 9 50 20 banks 100 ENV={} EXIT=0
DIAG_OPERATION mode=banks calls=3 units=201 latch=1
NVS_RUNTIME_FAULT cut=100 write=ESP_ERR_FLASH_OP_FAIL old=49 new=127 recovered=49
COMMAND=/home/udaybhan/projects/Ghar_sajag_r1_storage/code/ParivarSathi_v1.5.4_PWA_BatteryAnalytics_v3_4_2/host/storage/nvs_runtime_probe/build/gs_nvs_runtime_probe.elf 9 50 20 banks 101 ENV={} EXIT=0
DIAG_OPERATION mode=banks calls=3 units=201 latch=1
NVS_RUNTIME_FAULT cut=101 write=ESP_ERR_FLASH_OP_FAIL old=49 new=127 recovered=49
COMMAND=/home/udaybhan/projects/Ghar_sajag_r1_storage/code/ParivarSathi_v1.5.4_PWA_BatteryAnalytics_v3_4_2/host/storage/nvs_runtime_probe/build/gs_nvs_runtime_probe.elf 9 50 20 banks 102 ENV={} EXIT=0
DIAG_OPERATION mode=banks calls=3 units=201 latch=1
NVS_RUNTIME_FAULT cut=102 write=ESP_ERR_FLASH_OP_FAIL old=49 new=127 recovered=49
COMMAND=/home/udaybhan/projects/Ghar_sajag_r1_storage/code/ParivarSathi_v1.5.4_PWA_BatteryAnalytics_v3_4_2/host/storage/nvs_runtime_probe/build/gs_nvs_runtime_probe.elf 9 50 20 banks 103 ENV={} EXIT=0
DIAG_OPERATION mode=banks calls=3 units=201 latch=1
NVS_RUNTIME_FAULT cut=103 write=ESP_ERR_FLASH_OP_FAIL old=49 new=127 recovered=49
COMMAND=/home/udaybhan/projects/Ghar_sajag_r1_storage/code/ParivarSathi_v1.5.4_PWA_BatteryAnalytics_v3_4_2/host/storage/nvs_runtime_probe/build/gs_nvs_runtime_probe.elf 9 50 20 banks 104 ENV={} EXIT=0
DIAG_OPERATION mode=banks calls=3 units=201 latch=1
NVS_RUNTIME_FAULT cut=104 write=ESP_ERR_FLASH_OP_FAIL old=49 new=127 recovered=49
COMMAND=/home/udaybhan/projects/Ghar_sajag_r1_storage/code/ParivarSathi_v1.5.4_PWA_BatteryAnalytics_v3_4_2/host/storage/nvs_runtime_probe/build/gs_nvs_runtime_probe.elf 9 50 20 banks 105 ENV={} EXIT=0
DIAG_OPERATION mode=banks calls=3 units=201 latch=1
NVS_RUNTIME_FAULT cut=105 write=ESP_ERR_FLASH_OP_FAIL old=49 new=127 recovered=49
COMMAND=/home/udaybhan/projects/Ghar_sajag_r1_storage/code/ParivarSathi_v1.5.4_PWA_BatteryAnalytics_v3_4_2/host/storage/nvs_runtime_probe/build/gs_nvs_runtime_probe.elf 9 50 20 banks 106 ENV={} EXIT=0
DIAG_OPERATION mode=banks calls=3 units=201 latch=1
NVS_RUNTIME_FAULT cut=106 write=ESP_ERR_FLASH_OP_FAIL old=49 new=127 recovered=49
COMMAND=/home/udaybhan/projects/Ghar_sajag_r1_storage/code/ParivarSathi_v1.5.4_PWA_BatteryAnalytics_v3_4_2/host/storage/nvs_runtime_probe/build/gs_nvs_runtime_probe.elf 9 50 20 banks 107 ENV={} EXIT=0
DIAG_OPERATION mode=banks calls=3 units=201 latch=1
NVS_RUNTIME_FAULT cut=107 write=ESP_ERR_FLASH_OP_FAIL old=49 new=127 recovered=49
COMMAND=/home/udaybhan/projects/Ghar_sajag_r1_storage/code/ParivarSathi_v1.5.4_PWA_BatteryAnalytics_v3_4_2/host/storage/nvs_runtime_probe/build/gs_nvs_runtime_probe.elf 9 50 20 banks 108 ENV={} EXIT=0
DIAG_OPERATION mode=banks calls=3 units=201 latch=1
NVS_RUNTIME_FAULT cut=108 write=ESP_ERR_FLASH_OP_FAIL old=49 new=127 recovered=49
COMMAND=/home/udaybhan/projects/Ghar_sajag_r1_storage/code/ParivarSathi_v1.5.4_PWA_BatteryAnalytics_v3_4_2/host/storage/nvs_runtime_probe/build/gs_nvs_runtime_probe.elf 9 50 20 banks 109 ENV={} EXIT=0
DIAG_OPERATION mode=banks calls=3 units=201 latch=1
NVS_RUNTIME_FAULT cut=109 write=ESP_ERR_FLASH_OP_FAIL old=49 new=127 recovered=49
COMMAND=/home/udaybhan/projects/Ghar_sajag_r1_storage/code/ParivarSathi_v1.5.4_PWA_BatteryAnalytics_v3_4_2/host/storage/nvs_runtime_probe/build/gs_nvs_runtime_probe.elf 9 50 20 banks 110 ENV={} EXIT=0
DIAG_OPERATION mode=banks calls=3 units=201 latch=1
NVS_RUNTIME_FAULT cut=110 write=ESP_ERR_FLASH_OP_FAIL old=49 new=127 recovered=49
COMMAND=/home/udaybhan/projects/Ghar_sajag_r1_storage/code/ParivarSathi_v1.5.4_PWA_BatteryAnalytics_v3_4_2/host/storage/nvs_runtime_probe/build/gs_nvs_runtime_probe.elf 9 50 20 banks 111 ENV={} EXIT=0
DIAG_OPERATION mode=banks calls=3 units=201 latch=1
NVS_RUNTIME_FAULT cut=111 write=ESP_ERR_FLASH_OP_FAIL old=49 new=127 recovered=49
COMMAND=/home/udaybhan/projects/Ghar_sajag_r1_storage/code/ParivarSathi_v1.5.4_PWA_BatteryAnalytics_v3_4_2/host/storage/nvs_runtime_probe/build/gs_nvs_runtime_probe.elf 9 50 20 banks 112 ENV={} EXIT=0
DIAG_OPERATION mode=banks calls=3 units=201 latch=1
NVS_RUNTIME_FAULT cut=112 write=ESP_ERR_FLASH_OP_FAIL old=49 new=127 recovered=49
COMMAND=/home/udaybhan/projects/Ghar_sajag_r1_storage/code/ParivarSathi_v1.5.4_PWA_BatteryAnalytics_v3_4_2/host/storage/nvs_runtime_probe/build/gs_nvs_runtime_probe.elf 9 50 20 banks 113 ENV={} EXIT=0
DIAG_OPERATION mode=banks calls=3 units=201 latch=1
NVS_RUNTIME_FAULT cut=113 write=ESP_ERR_FLASH_OP_FAIL old=49 new=127 recovered=49
COMMAND=/home/udaybhan/projects/Ghar_sajag_r1_storage/code/ParivarSathi_v1.5.4_PWA_BatteryAnalytics_v3_4_2/host/storage/nvs_runtime_probe/build/gs_nvs_runtime_probe.elf 9 50 20 banks 114 ENV={} EXIT=0
DIAG_OPERATION mode=banks calls=3 units=201 latch=1
NVS_RUNTIME_FAULT cut=114 write=ESP_ERR_FLASH_OP_FAIL old=49 new=127 recovered=49
COMMAND=/home/udaybhan/projects/Ghar_sajag_r1_storage/code/ParivarSathi_v1.5.4_PWA_BatteryAnalytics_v3_4_2/host/storage/nvs_runtime_probe/build/gs_nvs_runtime_probe.elf 9 50 20 banks 115 ENV={} EXIT=0
DIAG_OPERATION mode=banks calls=3 units=201 latch=1
NVS_RUNTIME_FAULT cut=115 write=ESP_ERR_FLASH_OP_FAIL old=49 new=127 recovered=49
COMMAND=/home/udaybhan/projects/Ghar_sajag_r1_storage/code/ParivarSathi_v1.5.4_PWA_BatteryAnalytics_v3_4_2/host/storage/nvs_runtime_probe/build/gs_nvs_runtime_probe.elf 9 50 20 banks 116 ENV={} EXIT=0
DIAG_OPERATION mode=banks calls=3 units=201 latch=1
NVS_RUNTIME_FAULT cut=116 write=ESP_ERR_FLASH_OP_FAIL old=49 new=127 recovered=49
COMMAND=/home/udaybhan/projects/Ghar_sajag_r1_storage/code/ParivarSathi_v1.5.4_PWA_BatteryAnalytics_v3_4_2/host/storage/nvs_runtime_probe/build/gs_nvs_runtime_probe.elf 9 50 20 banks 117 ENV={} EXIT=0
DIAG_OPERATION mode=banks calls=3 units=201 latch=1
NVS_RUNTIME_FAULT cut=117 write=ESP_ERR_FLASH_OP_FAIL old=49 new=127 recovered=49
COMMAND=/home/udaybhan/projects/Ghar_sajag_r1_storage/code/ParivarSathi_v1.5.4_PWA_BatteryAnalytics_v3_4_2/host/storage/nvs_runtime_probe/build/gs_nvs_runtime_probe.elf 9 50 20 banks 118 ENV={} EXIT=0
DIAG_OPERATION mode=banks calls=3 units=201 latch=1
NVS_RUNTIME_FAULT cut=118 write=ESP_ERR_FLASH_OP_FAIL old=49 new=127 recovered=49
COMMAND=/home/udaybhan/projects/Ghar_sajag_r1_storage/code/ParivarSathi_v1.5.4_PWA_BatteryAnalytics_v3_4_2/host/storage/nvs_runtime_probe/build/gs_nvs_runtime_probe.elf 9 50 20 banks 119 ENV={} EXIT=0
DIAG_OPERATION mode=banks calls=3 units=201 latch=1
NVS_RUNTIME_FAULT cut=119 write=ESP_ERR_FLASH_OP_FAIL old=49 new=127 recovered=49
COMMAND=/home/udaybhan/projects/Ghar_sajag_r1_storage/code/ParivarSathi_v1.5.4_PWA_BatteryAnalytics_v3_4_2/host/storage/nvs_runtime_probe/build/gs_nvs_runtime_probe.elf 9 50 20 banks 120 ENV={} EXIT=0
DIAG_OPERATION mode=banks calls=3 units=201 latch=1
NVS_RUNTIME_FAULT cut=120 write=ESP_ERR_FLASH_OP_FAIL old=49 new=127 recovered=49
COMMAND=/home/udaybhan/projects/Ghar_sajag_r1_storage/code/ParivarSathi_v1.5.4_PWA_BatteryAnalytics_v3_4_2/host/storage/nvs_runtime_probe/build/gs_nvs_runtime_probe.elf 9 50 20 banks 121 ENV={} EXIT=0
DIAG_OPERATION mode=banks calls=3 units=201 latch=1
NVS_RUNTIME_FAULT cut=121 write=ESP_ERR_FLASH_OP_FAIL old=49 new=127 recovered=49
COMMAND=/home/udaybhan/projects/Ghar_sajag_r1_storage/code/ParivarSathi_v1.5.4_PWA_BatteryAnalytics_v3_4_2/host/storage/nvs_runtime_probe/build/gs_nvs_runtime_probe.elf 9 50 20 banks 122 ENV={} EXIT=0
DIAG_OPERATION mode=banks calls=3 units=201 latch=1
NVS_RUNTIME_FAULT cut=122 write=ESP_ERR_FLASH_OP_FAIL old=49 new=127 recovered=49
COMMAND=/home/udaybhan/projects/Ghar_sajag_r1_storage/code/ParivarSathi_v1.5.4_PWA_BatteryAnalytics_v3_4_2/host/storage/nvs_runtime_probe/build/gs_nvs_runtime_probe.elf 9 50 20 banks 123 ENV={} EXIT=0
DIAG_OPERATION mode=banks calls=3 units=201 latch=1
NVS_RUNTIME_FAULT cut=123 write=ESP_ERR_FLASH_OP_FAIL old=49 new=127 recovered=49
COMMAND=/home/udaybhan/projects/Ghar_sajag_r1_storage/code/ParivarSathi_v1.5.4_PWA_BatteryAnalytics_v3_4_2/host/storage/nvs_runtime_probe/build/gs_nvs_runtime_probe.elf 9 50 20 banks 124 ENV={} EXIT=0
DIAG_OPERATION mode=banks calls=3 units=201 latch=1
NVS_RUNTIME_FAULT cut=124 write=ESP_ERR_FLASH_OP_FAIL old=49 new=127 recovered=49
COMMAND=/home/udaybhan/projects/Ghar_sajag_r1_storage/code/ParivarSathi_v1.5.4_PWA_BatteryAnalytics_v3_4_2/host/storage/nvs_runtime_probe/build/gs_nvs_runtime_probe.elf 9 50 20 banks 125 ENV={} EXIT=0
DIAG_OPERATION mode=banks calls=3 units=201 latch=1
NVS_RUNTIME_FAULT cut=125 write=ESP_ERR_FLASH_OP_FAIL old=49 new=127 recovered=49
COMMAND=/home/udaybhan/projects/Ghar_sajag_r1_storage/code/ParivarSathi_v1.5.4_PWA_BatteryAnalytics_v3_4_2/host/storage/nvs_runtime_probe/build/gs_nvs_runtime_probe.elf 9 50 20 banks 126 ENV={} EXIT=0
DIAG_OPERATION mode=banks calls=3 units=201 latch=1
NVS_RUNTIME_FAULT cut=126 write=ESP_ERR_FLASH_OP_FAIL old=49 new=127 recovered=49
COMMAND=/home/udaybhan/projects/Ghar_sajag_r1_storage/code/ParivarSathi_v1.5.4_PWA_BatteryAnalytics_v3_4_2/host/storage/nvs_runtime_probe/build/gs_nvs_runtime_probe.elf 9 50 20 banks 127 ENV={} EXIT=0
DIAG_OPERATION mode=banks calls=3 units=201 latch=1
NVS_RUNTIME_FAULT cut=127 write=ESP_ERR_FLASH_OP_FAIL old=49 new=127 recovered=49
COMMAND=/home/udaybhan/projects/Ghar_sajag_r1_storage/code/ParivarSathi_v1.5.4_PWA_BatteryAnalytics_v3_4_2/host/storage/nvs_runtime_probe/build/gs_nvs_runtime_probe.elf 9 50 20 banks 128 ENV={} EXIT=0
DIAG_OPERATION mode=banks calls=3 units=201 latch=1
NVS_RUNTIME_FAULT cut=128 write=ESP_ERR_FLASH_OP_FAIL old=49 new=127 recovered=49
COMMAND=/home/udaybhan/projects/Ghar_sajag_r1_storage/code/ParivarSathi_v1.5.4_PWA_BatteryAnalytics_v3_4_2/host/storage/nvs_runtime_probe/build/gs_nvs_runtime_probe.elf 9 50 20 banks 129 ENV={} EXIT=0
DIAG_OPERATION mode=banks calls=3 units=201 latch=1
NVS_RUNTIME_FAULT cut=129 write=ESP_ERR_FLASH_OP_FAIL old=49 new=127 recovered=49
COMMAND=/home/udaybhan/projects/Ghar_sajag_r1_storage/code/ParivarSathi_v1.5.4_PWA_BatteryAnalytics_v3_4_2/host/storage/nvs_runtime_probe/build/gs_nvs_runtime_probe.elf 9 50 20 banks 130 ENV={} EXIT=0
DIAG_OPERATION mode=banks calls=3 units=201 latch=1
NVS_RUNTIME_FAULT cut=130 write=ESP_ERR_FLASH_OP_FAIL old=49 new=127 recovered=49
COMMAND=/home/udaybhan/projects/Ghar_sajag_r1_storage/code/ParivarSathi_v1.5.4_PWA_BatteryAnalytics_v3_4_2/host/storage/nvs_runtime_probe/build/gs_nvs_runtime_probe.elf 9 50 20 banks 131 ENV={} EXIT=0
DIAG_OPERATION mode=banks calls=3 units=201 latch=1
NVS_RUNTIME_FAULT cut=131 write=ESP_ERR_FLASH_OP_FAIL old=49 new=127 recovered=49
COMMAND=/home/udaybhan/projects/Ghar_sajag_r1_storage/code/ParivarSathi_v1.5.4_PWA_BatteryAnalytics_v3_4_2/host/storage/nvs_runtime_probe/build/gs_nvs_runtime_probe.elf 9 50 20 banks 132 ENV={} EXIT=0
DIAG_OPERATION mode=banks calls=3 units=201 latch=1
NVS_RUNTIME_FAULT cut=132 write=ESP_ERR_FLASH_OP_FAIL old=49 new=127 recovered=49
COMMAND=/home/udaybhan/projects/Ghar_sajag_r1_storage/code/ParivarSathi_v1.5.4_PWA_BatteryAnalytics_v3_4_2/host/storage/nvs_runtime_probe/build/gs_nvs_runtime_probe.elf 9 50 20 banks 133 ENV={} EXIT=0
DIAG_OPERATION mode=banks calls=3 units=201 latch=1
NVS_RUNTIME_FAULT cut=133 write=ESP_ERR_FLASH_OP_FAIL old=49 new=127 recovered=49
COMMAND=/home/udaybhan/projects/Ghar_sajag_r1_storage/code/ParivarSathi_v1.5.4_PWA_BatteryAnalytics_v3_4_2/host/storage/nvs_runtime_probe/build/gs_nvs_runtime_probe.elf 9 50 20 banks 134 ENV={} EXIT=0
DIAG_OPERATION mode=banks calls=3 units=201 latch=1
NVS_RUNTIME_FAULT cut=134 write=ESP_ERR_FLASH_OP_FAIL old=49 new=127 recovered=49
COMMAND=/home/udaybhan/projects/Ghar_sajag_r1_storage/code/ParivarSathi_v1.5.4_PWA_BatteryAnalytics_v3_4_2/host/storage/nvs_runtime_probe/build/gs_nvs_runtime_probe.elf 9 50 20 banks 135 ENV={} EXIT=0
DIAG_OPERATION mode=banks calls=3 units=201 latch=1
NVS_RUNTIME_FAULT cut=135 write=ESP_ERR_FLASH_OP_FAIL old=49 new=127 recovered=49
COMMAND=/home/udaybhan/projects/Ghar_sajag_r1_storage/code/ParivarSathi_v1.5.4_PWA_BatteryAnalytics_v3_4_2/host/storage/nvs_runtime_probe/build/gs_nvs_runtime_probe.elf 9 50 20 banks 136 ENV={} EXIT=0
DIAG_OPERATION mode=banks calls=3 units=201 latch=1
NVS_RUNTIME_FAULT cut=136 write=ESP_ERR_FLASH_OP_FAIL old=49 new=127 recovered=49
COMMAND=/home/udaybhan/projects/Ghar_sajag_r1_storage/code/ParivarSathi_v1.5.4_PWA_BatteryAnalytics_v3_4_2/host/storage/nvs_runtime_probe/build/gs_nvs_runtime_probe.elf 9 50 20 banks 137 ENV={} EXIT=0
DIAG_OPERATION mode=banks calls=3 units=201 latch=1
NVS_RUNTIME_FAULT cut=137 write=ESP_ERR_FLASH_OP_FAIL old=49 new=127 recovered=49
COMMAND=/home/udaybhan/projects/Ghar_sajag_r1_storage/code/ParivarSathi_v1.5.4_PWA_BatteryAnalytics_v3_4_2/host/storage/nvs_runtime_probe/build/gs_nvs_runtime_probe.elf 9 50 20 banks 138 ENV={} EXIT=0
DIAG_OPERATION mode=banks calls=3 units=201 latch=1
NVS_RUNTIME_FAULT cut=138 write=ESP_ERR_FLASH_OP_FAIL old=49 new=127 recovered=49
COMMAND=/home/udaybhan/projects/Ghar_sajag_r1_storage/code/ParivarSathi_v1.5.4_PWA_BatteryAnalytics_v3_4_2/host/storage/nvs_runtime_probe/build/gs_nvs_runtime_probe.elf 9 50 20 banks 139 ENV={} EXIT=0
DIAG_OPERATION mode=banks calls=3 units=201 latch=1
NVS_RUNTIME_FAULT cut=139 write=ESP_ERR_FLASH_OP_FAIL old=49 new=127 recovered=49
COMMAND=/home/udaybhan/projects/Ghar_sajag_r1_storage/code/ParivarSathi_v1.5.4_PWA_BatteryAnalytics_v3_4_2/host/storage/nvs_runtime_probe/build/gs_nvs_runtime_probe.elf 9 50 20 banks 140 ENV={} EXIT=0
DIAG_OPERATION mode=banks calls=3 units=201 latch=1
NVS_RUNTIME_FAULT cut=140 write=ESP_ERR_FLASH_OP_FAIL old=49 new=127 recovered=49
COMMAND=/home/udaybhan/projects/Ghar_sajag_r1_storage/code/ParivarSathi_v1.5.4_PWA_BatteryAnalytics_v3_4_2/host/storage/nvs_runtime_probe/build/gs_nvs_runtime_probe.elf 9 50 20 banks 141 ENV={} EXIT=0
DIAG_OPERATION mode=banks calls=3 units=201 latch=1
NVS_RUNTIME_FAULT cut=141 write=ESP_ERR_FLASH_OP_FAIL old=49 new=127 recovered=49
COMMAND=/home/udaybhan/projects/Ghar_sajag_r1_storage/code/ParivarSathi_v1.5.4_PWA_BatteryAnalytics_v3_4_2/host/storage/nvs_runtime_probe/build/gs_nvs_runtime_probe.elf 9 50 20 banks 142 ENV={} EXIT=0
DIAG_OPERATION mode=banks calls=3 units=201 latch=1
NVS_RUNTIME_FAULT cut=142 write=ESP_ERR_FLASH_OP_FAIL old=49 new=127 recovered=49
COMMAND=/home/udaybhan/projects/Ghar_sajag_r1_storage/code/ParivarSathi_v1.5.4_PWA_BatteryAnalytics_v3_4_2/host/storage/nvs_runtime_probe/build/gs_nvs_runtime_probe.elf 9 50 20 banks 143 ENV={} EXIT=0
DIAG_OPERATION mode=banks calls=3 units=201 latch=1
NVS_RUNTIME_FAULT cut=143 write=ESP_ERR_FLASH_OP_FAIL old=49 new=127 recovered=49
COMMAND=/home/udaybhan/projects/Ghar_sajag_r1_storage/code/ParivarSathi_v1.5.4_PWA_BatteryAnalytics_v3_4_2/host/storage/nvs_runtime_probe/build/gs_nvs_runtime_probe.elf 9 50 20 banks 144 ENV={} EXIT=0
DIAG_OPERATION mode=banks calls=3 units=201 latch=1
NVS_RUNTIME_FAULT cut=144 write=ESP_ERR_FLASH_OP_FAIL old=49 new=127 recovered=49
COMMAND=/home/udaybhan/projects/Ghar_sajag_r1_storage/code/ParivarSathi_v1.5.4_PWA_BatteryAnalytics_v3_4_2/host/storage/nvs_runtime_probe/build/gs_nvs_runtime_probe.elf 9 50 20 banks 145 ENV={} EXIT=0
DIAG_OPERATION mode=banks calls=3 units=201 latch=1
NVS_RUNTIME_FAULT cut=145 write=ESP_ERR_FLASH_OP_FAIL old=49 new=127 recovered=49
COMMAND=/home/udaybhan/projects/Ghar_sajag_r1_storage/code/ParivarSathi_v1.5.4_PWA_BatteryAnalytics_v3_4_2/host/storage/nvs_runtime_probe/build/gs_nvs_runtime_probe.elf 9 50 20 banks 146 ENV={} EXIT=0
DIAG_OPERATION mode=banks calls=3 units=201 latch=1
NVS_RUNTIME_FAULT cut=146 write=ESP_ERR_FLASH_OP_FAIL old=49 new=127 recovered=49
COMMAND=/home/udaybhan/projects/Ghar_sajag_r1_storage/code/ParivarSathi_v1.5.4_PWA_BatteryAnalytics_v3_4_2/host/storage/nvs_runtime_probe/build/gs_nvs_runtime_probe.elf 9 50 20 banks 147 ENV={} EXIT=0
DIAG_OPERATION mode=banks calls=3 units=201 latch=1
NVS_RUNTIME_FAULT cut=147 write=ESP_ERR_FLASH_OP_FAIL old=49 new=127 recovered=49
COMMAND=/home/udaybhan/projects/Ghar_sajag_r1_storage/code/ParivarSathi_v1.5.4_PWA_BatteryAnalytics_v3_4_2/host/storage/nvs_runtime_probe/build/gs_nvs_runtime_probe.elf 9 50 20 banks 148 ENV={} EXIT=0
DIAG_OPERATION mode=banks calls=3 units=201 latch=1
NVS_RUNTIME_FAULT cut=148 write=ESP_ERR_FLASH_OP_FAIL old=49 new=127 recovered=49
COMMAND=/home/udaybhan/projects/Ghar_sajag_r1_storage/code/ParivarSathi_v1.5.4_PWA_BatteryAnalytics_v3_4_2/host/storage/nvs_runtime_probe/build/gs_nvs_runtime_probe.elf 9 50 20 banks 149 ENV={} EXIT=0
DIAG_OPERATION mode=banks calls=3 units=201 latch=1
NVS_RUNTIME_FAULT cut=149 write=ESP_ERR_FLASH_OP_FAIL old=49 new=127 recovered=49
COMMAND=/home/udaybhan/projects/Ghar_sajag_r1_storage/code/ParivarSathi_v1.5.4_PWA_BatteryAnalytics_v3_4_2/host/storage/nvs_runtime_probe/build/gs_nvs_runtime_probe.elf 9 50 20 banks 150 ENV={} EXIT=0
DIAG_OPERATION mode=banks calls=3 units=201 latch=1
NVS_RUNTIME_FAULT cut=150 write=ESP_ERR_FLASH_OP_FAIL old=49 new=127 recovered=49
COMMAND=/home/udaybhan/projects/Ghar_sajag_r1_storage/code/ParivarSathi_v1.5.4_PWA_BatteryAnalytics_v3_4_2/host/storage/nvs_runtime_probe/build/gs_nvs_runtime_probe.elf 9 50 20 banks 151 ENV={} EXIT=0
DIAG_OPERATION mode=banks calls=3 units=201 latch=1
NVS_RUNTIME_FAULT cut=151 write=ESP_ERR_FLASH_OP_FAIL old=49 new=127 recovered=49
COMMAND=/home/udaybhan/projects/Ghar_sajag_r1_storage/code/ParivarSathi_v1.5.4_PWA_BatteryAnalytics_v3_4_2/host/storage/nvs_runtime_probe/build/gs_nvs_runtime_probe.elf 9 50 20 banks 152 ENV={} EXIT=0
DIAG_OPERATION mode=banks calls=3 units=201 latch=1
NVS_RUNTIME_FAULT cut=152 write=ESP_ERR_FLASH_OP_FAIL old=49 new=127 recovered=49
COMMAND=/home/udaybhan/projects/Ghar_sajag_r1_storage/code/ParivarSathi_v1.5.4_PWA_BatteryAnalytics_v3_4_2/host/storage/nvs_runtime_probe/build/gs_nvs_runtime_probe.elf 9 50 20 banks 153 ENV={} EXIT=0
DIAG_OPERATION mode=banks calls=3 units=201 latch=1
NVS_RUNTIME_FAULT cut=153 write=ESP_ERR_FLASH_OP_FAIL old=49 new=127 recovered=49
COMMAND=/home/udaybhan/projects/Ghar_sajag_r1_storage/code/ParivarSathi_v1.5.4_PWA_BatteryAnalytics_v3_4_2/host/storage/nvs_runtime_probe/build/gs_nvs_runtime_probe.elf 9 50 20 banks 154 ENV={} EXIT=0
DIAG_OPERATION mode=banks calls=3 units=201 latch=1
NVS_RUNTIME_FAULT cut=154 write=ESP_ERR_FLASH_OP_FAIL old=49 new=127 recovered=49
COMMAND=/home/udaybhan/projects/Ghar_sajag_r1_storage/code/ParivarSathi_v1.5.4_PWA_BatteryAnalytics_v3_4_2/host/storage/nvs_runtime_probe/build/gs_nvs_runtime_probe.elf 9 50 20 banks 155 ENV={} EXIT=0
DIAG_OPERATION mode=banks calls=3 units=201 latch=1
NVS_RUNTIME_FAULT cut=155 write=ESP_ERR_FLASH_OP_FAIL old=49 new=127 recovered=49
COMMAND=/home/udaybhan/projects/Ghar_sajag_r1_storage/code/ParivarSathi_v1.5.4_PWA_BatteryAnalytics_v3_4_2/host/storage/nvs_runtime_probe/build/gs_nvs_runtime_probe.elf 9 50 20 banks 156 ENV={} EXIT=0
DIAG_OPERATION mode=banks calls=3 units=201 latch=1
NVS_RUNTIME_FAULT cut=156 write=ESP_ERR_FLASH_OP_FAIL old=49 new=127 recovered=49
COMMAND=/home/udaybhan/projects/Ghar_sajag_r1_storage/code/ParivarSathi_v1.5.4_PWA_BatteryAnalytics_v3_4_2/host/storage/nvs_runtime_probe/build/gs_nvs_runtime_probe.elf 9 50 20 banks 157 ENV={} EXIT=0
DIAG_OPERATION mode=banks calls=3 units=201 latch=1
NVS_RUNTIME_FAULT cut=157 write=ESP_ERR_FLASH_OP_FAIL old=49 new=127 recovered=49
COMMAND=/home/udaybhan/projects/Ghar_sajag_r1_storage/code/ParivarSathi_v1.5.4_PWA_BatteryAnalytics_v3_4_2/host/storage/nvs_runtime_probe/build/gs_nvs_runtime_probe.elf 9 50 20 banks 158 ENV={} EXIT=0
DIAG_OPERATION mode=banks calls=3 units=201 latch=1
NVS_RUNTIME_FAULT cut=158 write=ESP_ERR_FLASH_OP_FAIL old=49 new=127 recovered=49
COMMAND=/home/udaybhan/projects/Ghar_sajag_r1_storage/code/ParivarSathi_v1.5.4_PWA_BatteryAnalytics_v3_4_2/host/storage/nvs_runtime_probe/build/gs_nvs_runtime_probe.elf 9 50 20 banks 159 ENV={} EXIT=0
DIAG_OPERATION mode=banks calls=3 units=201 latch=1
NVS_RUNTIME_FAULT cut=159 write=ESP_ERR_FLASH_OP_FAIL old=49 new=127 recovered=49
COMMAND=/home/udaybhan/projects/Ghar_sajag_r1_storage/code/ParivarSathi_v1.5.4_PWA_BatteryAnalytics_v3_4_2/host/storage/nvs_runtime_probe/build/gs_nvs_runtime_probe.elf 9 50 20 banks 160 ENV={} EXIT=0
DIAG_OPERATION mode=banks calls=3 units=201 latch=1
NVS_RUNTIME_FAULT cut=160 write=ESP_ERR_FLASH_OP_FAIL old=49 new=127 recovered=49
COMMAND=/home/udaybhan/projects/Ghar_sajag_r1_storage/code/ParivarSathi_v1.5.4_PWA_BatteryAnalytics_v3_4_2/host/storage/nvs_runtime_probe/build/gs_nvs_runtime_probe.elf 9 50 20 banks 161 ENV={} EXIT=0
DIAG_OPERATION mode=banks calls=3 units=201 latch=1
NVS_RUNTIME_FAULT cut=161 write=ESP_ERR_FLASH_OP_FAIL old=49 new=127 recovered=49
COMMAND=/home/udaybhan/projects/Ghar_sajag_r1_storage/code/ParivarSathi_v1.5.4_PWA_BatteryAnalytics_v3_4_2/host/storage/nvs_runtime_probe/build/gs_nvs_runtime_probe.elf 9 50 20 banks 162 ENV={} EXIT=0
DIAG_OPERATION mode=banks calls=3 units=201 latch=1
NVS_RUNTIME_FAULT cut=162 write=ESP_ERR_FLASH_OP_FAIL old=49 new=127 recovered=49
COMMAND=/home/udaybhan/projects/Ghar_sajag_r1_storage/code/ParivarSathi_v1.5.4_PWA_BatteryAnalytics_v3_4_2/host/storage/nvs_runtime_probe/build/gs_nvs_runtime_probe.elf 9 50 20 banks 163 ENV={} EXIT=0
DIAG_OPERATION mode=banks calls=3 units=201 latch=1
NVS_RUNTIME_FAULT cut=163 write=ESP_ERR_FLASH_OP_FAIL old=49 new=127 recovered=49
COMMAND=/home/udaybhan/projects/Ghar_sajag_r1_storage/code/ParivarSathi_v1.5.4_PWA_BatteryAnalytics_v3_4_2/host/storage/nvs_runtime_probe/build/gs_nvs_runtime_probe.elf 9 50 20 banks 164 ENV={} EXIT=0
DIAG_OPERATION mode=banks calls=3 units=201 latch=1
NVS_RUNTIME_FAULT cut=164 write=ESP_ERR_FLASH_OP_FAIL old=49 new=127 recovered=49
COMMAND=/home/udaybhan/projects/Ghar_sajag_r1_storage/code/ParivarSathi_v1.5.4_PWA_BatteryAnalytics_v3_4_2/host/storage/nvs_runtime_probe/build/gs_nvs_runtime_probe.elf 9 50 20 banks 165 ENV={} EXIT=0
DIAG_OPERATION mode=banks calls=3 units=201 latch=1
NVS_RUNTIME_FAULT cut=165 write=ESP_ERR_FLASH_OP_FAIL old=49 new=127 recovered=49
COMMAND=/home/udaybhan/projects/Ghar_sajag_r1_storage/code/ParivarSathi_v1.5.4_PWA_BatteryAnalytics_v3_4_2/host/storage/nvs_runtime_probe/build/gs_nvs_runtime_probe.elf 9 50 20 banks 166 ENV={} EXIT=0
DIAG_OPERATION mode=banks calls=3 units=201 latch=1
NVS_RUNTIME_FAULT cut=166 write=ESP_ERR_FLASH_OP_FAIL old=49 new=127 recovered=49
COMMAND=/home/udaybhan/projects/Ghar_sajag_r1_storage/code/ParivarSathi_v1.5.4_PWA_BatteryAnalytics_v3_4_2/host/storage/nvs_runtime_probe/build/gs_nvs_runtime_probe.elf 9 50 20 banks 167 ENV={} EXIT=0
DIAG_OPERATION mode=banks calls=3 units=201 latch=1
NVS_RUNTIME_FAULT cut=167 write=ESP_ERR_FLASH_OP_FAIL old=49 new=127 recovered=49
COMMAND=/home/udaybhan/projects/Ghar_sajag_r1_storage/code/ParivarSathi_v1.5.4_PWA_BatteryAnalytics_v3_4_2/host/storage/nvs_runtime_probe/build/gs_nvs_runtime_probe.elf 9 50 20 banks 168 ENV={} EXIT=0
DIAG_OPERATION mode=banks calls=3 units=201 latch=1
NVS_RUNTIME_FAULT cut=168 write=ESP_ERR_FLASH_OP_FAIL old=49 new=127 recovered=49
COMMAND=/home/udaybhan/projects/Ghar_sajag_r1_storage/code/ParivarSathi_v1.5.4_PWA_BatteryAnalytics_v3_4_2/host/storage/nvs_runtime_probe/build/gs_nvs_runtime_probe.elf 9 50 20 banks 169 ENV={} EXIT=0
DIAG_OPERATION mode=banks calls=3 units=201 latch=1
NVS_RUNTIME_FAULT cut=169 write=ESP_ERR_FLASH_OP_FAIL old=49 new=127 recovered=49
COMMAND=/home/udaybhan/projects/Ghar_sajag_r1_storage/code/ParivarSathi_v1.5.4_PWA_BatteryAnalytics_v3_4_2/host/storage/nvs_runtime_probe/build/gs_nvs_runtime_probe.elf 9 50 20 banks 170 ENV={} EXIT=0
DIAG_OPERATION mode=banks calls=3 units=201 latch=1
NVS_RUNTIME_FAULT cut=170 write=ESP_ERR_FLASH_OP_FAIL old=49 new=127 recovered=49
COMMAND=/home/udaybhan/projects/Ghar_sajag_r1_storage/code/ParivarSathi_v1.5.4_PWA_BatteryAnalytics_v3_4_2/host/storage/nvs_runtime_probe/build/gs_nvs_runtime_probe.elf 9 50 20 banks 171 ENV={} EXIT=0
DIAG_OPERATION mode=banks calls=3 units=201 latch=1
NVS_RUNTIME_FAULT cut=171 write=ESP_ERR_FLASH_OP_FAIL old=49 new=127 recovered=49
COMMAND=/home/udaybhan/projects/Ghar_sajag_r1_storage/code/ParivarSathi_v1.5.4_PWA_BatteryAnalytics_v3_4_2/host/storage/nvs_runtime_probe/build/gs_nvs_runtime_probe.elf 9 50 20 banks 172 ENV={} EXIT=0
DIAG_OPERATION mode=banks calls=3 units=201 latch=1
NVS_RUNTIME_FAULT cut=172 write=ESP_ERR_FLASH_OP_FAIL old=49 new=127 recovered=49
COMMAND=/home/udaybhan/projects/Ghar_sajag_r1_storage/code/ParivarSathi_v1.5.4_PWA_BatteryAnalytics_v3_4_2/host/storage/nvs_runtime_probe/build/gs_nvs_runtime_probe.elf 9 50 20 banks 173 ENV={} EXIT=0
DIAG_OPERATION mode=banks calls=3 units=201 latch=1
NVS_RUNTIME_FAULT cut=173 write=ESP_ERR_FLASH_OP_FAIL old=49 new=127 recovered=49
COMMAND=/home/udaybhan/projects/Ghar_sajag_r1_storage/code/ParivarSathi_v1.5.4_PWA_BatteryAnalytics_v3_4_2/host/storage/nvs_runtime_probe/build/gs_nvs_runtime_probe.elf 9 50 20 banks 174 ENV={} EXIT=0
DIAG_OPERATION mode=banks calls=3 units=201 latch=1
NVS_RUNTIME_FAULT cut=174 write=ESP_ERR_FLASH_OP_FAIL old=49 new=127 recovered=49
COMMAND=/home/udaybhan/projects/Ghar_sajag_r1_storage/code/ParivarSathi_v1.5.4_PWA_BatteryAnalytics_v3_4_2/host/storage/nvs_runtime_probe/build/gs_nvs_runtime_probe.elf 9 50 20 banks 175 ENV={} EXIT=0
DIAG_OPERATION mode=banks calls=3 units=201 latch=1
NVS_RUNTIME_FAULT cut=175 write=ESP_ERR_FLASH_OP_FAIL old=49 new=127 recovered=49
COMMAND=/home/udaybhan/projects/Ghar_sajag_r1_storage/code/ParivarSathi_v1.5.4_PWA_BatteryAnalytics_v3_4_2/host/storage/nvs_runtime_probe/build/gs_nvs_runtime_probe.elf 9 50 20 banks 176 ENV={} EXIT=0
DIAG_OPERATION mode=banks calls=3 units=201 latch=1
NVS_RUNTIME_FAULT cut=176 write=ESP_ERR_FLASH_OP_FAIL old=49 new=127 recovered=49
COMMAND=/home/udaybhan/projects/Ghar_sajag_r1_storage/code/ParivarSathi_v1.5.4_PWA_BatteryAnalytics_v3_4_2/host/storage/nvs_runtime_probe/build/gs_nvs_runtime_probe.elf 9 50 20 banks 177 ENV={} EXIT=0
DIAG_OPERATION mode=banks calls=3 units=201 latch=1
NVS_RUNTIME_FAULT cut=177 write=ESP_ERR_FLASH_OP_FAIL old=49 new=127 recovered=49
COMMAND=/home/udaybhan/projects/Ghar_sajag_r1_storage/code/ParivarSathi_v1.5.4_PWA_BatteryAnalytics_v3_4_2/host/storage/nvs_runtime_probe/build/gs_nvs_runtime_probe.elf 9 50 20 banks 178 ENV={} EXIT=0
DIAG_OPERATION mode=banks calls=3 units=201 latch=1
NVS_RUNTIME_FAULT cut=178 write=ESP_ERR_FLASH_OP_FAIL old=49 new=127 recovered=49
COMMAND=/home/udaybhan/projects/Ghar_sajag_r1_storage/code/ParivarSathi_v1.5.4_PWA_BatteryAnalytics_v3_4_2/host/storage/nvs_runtime_probe/build/gs_nvs_runtime_probe.elf 9 50 20 banks 179 ENV={} EXIT=0
DIAG_OPERATION mode=banks calls=3 units=201 latch=1
NVS_RUNTIME_FAULT cut=179 write=ESP_ERR_FLASH_OP_FAIL old=49 new=127 recovered=49
COMMAND=/home/udaybhan/projects/Ghar_sajag_r1_storage/code/ParivarSathi_v1.5.4_PWA_BatteryAnalytics_v3_4_2/host/storage/nvs_runtime_probe/build/gs_nvs_runtime_probe.elf 9 50 20 banks 180 ENV={} EXIT=0
DIAG_OPERATION mode=banks calls=3 units=201 latch=1
NVS_RUNTIME_FAULT cut=180 write=ESP_ERR_FLASH_OP_FAIL old=49 new=127 recovered=49
COMMAND=/home/udaybhan/projects/Ghar_sajag_r1_storage/code/ParivarSathi_v1.5.4_PWA_BatteryAnalytics_v3_4_2/host/storage/nvs_runtime_probe/build/gs_nvs_runtime_probe.elf 9 50 20 banks 181 ENV={} EXIT=0
DIAG_OPERATION mode=banks calls=3 units=201 latch=1
NVS_RUNTIME_FAULT cut=181 write=ESP_ERR_FLASH_OP_FAIL old=49 new=127 recovered=49
COMMAND=/home/udaybhan/projects/Ghar_sajag_r1_storage/code/ParivarSathi_v1.5.4_PWA_BatteryAnalytics_v3_4_2/host/storage/nvs_runtime_probe/build/gs_nvs_runtime_probe.elf 9 50 20 banks 182 ENV={} EXIT=0
DIAG_OPERATION mode=banks calls=3 units=201 latch=1
NVS_RUNTIME_FAULT cut=182 write=ESP_ERR_FLASH_OP_FAIL old=49 new=127 recovered=49
COMMAND=/home/udaybhan/projects/Ghar_sajag_r1_storage/code/ParivarSathi_v1.5.4_PWA_BatteryAnalytics_v3_4_2/host/storage/nvs_runtime_probe/build/gs_nvs_runtime_probe.elf 9 50 20 banks 183 ENV={} EXIT=0
DIAG_OPERATION mode=banks calls=3 units=201 latch=1
NVS_RUNTIME_FAULT cut=183 write=ESP_ERR_FLASH_OP_FAIL old=49 new=127 recovered=49
COMMAND=/home/udaybhan/projects/Ghar_sajag_r1_storage/code/ParivarSathi_v1.5.4_PWA_BatteryAnalytics_v3_4_2/host/storage/nvs_runtime_probe/build/gs_nvs_runtime_probe.elf 9 50 20 banks 184 ENV={} EXIT=0
DIAG_OPERATION mode=banks calls=3 units=201 latch=1
NVS_RUNTIME_FAULT cut=184 write=ESP_ERR_FLASH_OP_FAIL old=49 new=127 recovered=49
COMMAND=/home/udaybhan/projects/Ghar_sajag_r1_storage/code/ParivarSathi_v1.5.4_PWA_BatteryAnalytics_v3_4_2/host/storage/nvs_runtime_probe/build/gs_nvs_runtime_probe.elf 9 50 20 banks 185 ENV={} EXIT=0
DIAG_OPERATION mode=banks calls=3 units=201 latch=1
NVS_RUNTIME_FAULT cut=185 write=ESP_ERR_FLASH_OP_FAIL old=49 new=127 recovered=49
COMMAND=/home/udaybhan/projects/Ghar_sajag_r1_storage/code/ParivarSathi_v1.5.4_PWA_BatteryAnalytics_v3_4_2/host/storage/nvs_runtime_probe/build/gs_nvs_runtime_probe.elf 9 50 20 banks 186 ENV={} EXIT=0
DIAG_OPERATION mode=banks calls=3 units=201 latch=1
NVS_RUNTIME_FAULT cut=186 write=ESP_ERR_FLASH_OP_FAIL old=49 new=127 recovered=49
COMMAND=/home/udaybhan/projects/Ghar_sajag_r1_storage/code/ParivarSathi_v1.5.4_PWA_BatteryAnalytics_v3_4_2/host/storage/nvs_runtime_probe/build/gs_nvs_runtime_probe.elf 9 50 20 banks 187 ENV={} EXIT=0
DIAG_OPERATION mode=banks calls=3 units=201 latch=1
NVS_RUNTIME_FAULT cut=187 write=ESP_ERR_FLASH_OP_FAIL old=49 new=127 recovered=49
COMMAND=/home/udaybhan/projects/Ghar_sajag_r1_storage/code/ParivarSathi_v1.5.4_PWA_BatteryAnalytics_v3_4_2/host/storage/nvs_runtime_probe/build/gs_nvs_runtime_probe.elf 9 50 20 banks 188 ENV={} EXIT=0
DIAG_OPERATION mode=banks calls=3 units=201 latch=1
NVS_RUNTIME_FAULT cut=188 write=ESP_ERR_FLASH_OP_FAIL old=49 new=127 recovered=49
COMMAND=/home/udaybhan/projects/Ghar_sajag_r1_storage/code/ParivarSathi_v1.5.4_PWA_BatteryAnalytics_v3_4_2/host/storage/nvs_runtime_probe/build/gs_nvs_runtime_probe.elf 9 50 20 banks 189 ENV={} EXIT=0
DIAG_OPERATION mode=banks calls=3 units=201 latch=1
NVS_RUNTIME_FAULT cut=189 write=ESP_ERR_FLASH_OP_FAIL old=49 new=127 recovered=49
COMMAND=/home/udaybhan/projects/Ghar_sajag_r1_storage/code/ParivarSathi_v1.5.4_PWA_BatteryAnalytics_v3_4_2/host/storage/nvs_runtime_probe/build/gs_nvs_runtime_probe.elf 9 50 20 banks 190 ENV={} EXIT=0
DIAG_OPERATION mode=banks calls=3 units=201 latch=1
NVS_RUNTIME_FAULT cut=190 write=ESP_ERR_FLASH_OP_FAIL old=49 new=127 recovered=49
COMMAND=/home/udaybhan/projects/Ghar_sajag_r1_storage/code/ParivarSathi_v1.5.4_PWA_BatteryAnalytics_v3_4_2/host/storage/nvs_runtime_probe/build/gs_nvs_runtime_probe.elf 9 50 20 banks 191 ENV={} EXIT=0
DIAG_OPERATION mode=banks calls=3 units=201 latch=1
NVS_RUNTIME_FAULT cut=191 write=ESP_ERR_FLASH_OP_FAIL old=49 new=127 recovered=49
COMMAND=/home/udaybhan/projects/Ghar_sajag_r1_storage/code/ParivarSathi_v1.5.4_PWA_BatteryAnalytics_v3_4_2/host/storage/nvs_runtime_probe/build/gs_nvs_runtime_probe.elf 9 50 20 banks 192 ENV={} EXIT=0
DIAG_OPERATION mode=banks calls=3 units=201 latch=1
NVS_RUNTIME_FAULT cut=192 write=ESP_ERR_FLASH_OP_FAIL old=49 new=127 recovered=49
COMMAND=/home/udaybhan/projects/Ghar_sajag_r1_storage/code/ParivarSathi_v1.5.4_PWA_BatteryAnalytics_v3_4_2/host/storage/nvs_runtime_probe/build/gs_nvs_runtime_probe.elf 9 50 20 banks 193 ENV={} EXIT=0
DIAG_OPERATION mode=banks calls=3 units=201 latch=1
NVS_RUNTIME_FAULT cut=193 write=ESP_ERR_FLASH_OP_FAIL old=49 new=127 recovered=49
COMMAND=/home/udaybhan/projects/Ghar_sajag_r1_storage/code/ParivarSathi_v1.5.4_PWA_BatteryAnalytics_v3_4_2/host/storage/nvs_runtime_probe/build/gs_nvs_runtime_probe.elf 9 50 20 banks 194 ENV={} EXIT=0
DIAG_OPERATION mode=banks calls=3 units=201 latch=1
NVS_RUNTIME_FAULT cut=194 write=ESP_ERR_FLASH_OP_FAIL old=49 new=127 recovered=49
COMMAND=/home/udaybhan/projects/Ghar_sajag_r1_storage/code/ParivarSathi_v1.5.4_PWA_BatteryAnalytics_v3_4_2/host/storage/nvs_runtime_probe/build/gs_nvs_runtime_probe.elf 9 50 20 banks 195 ENV={} EXIT=0
DIAG_OPERATION mode=banks calls=3 units=201 latch=1
NVS_RUNTIME_FAULT cut=195 write=ESP_ERR_FLASH_OP_FAIL old=49 new=127 recovered=49
COMMAND=/home/udaybhan/projects/Ghar_sajag_r1_storage/code/ParivarSathi_v1.5.4_PWA_BatteryAnalytics_v3_4_2/host/storage/nvs_runtime_probe/build/gs_nvs_runtime_probe.elf 9 50 20 banks 196 ENV={} EXIT=0
DIAG_OPERATION mode=banks calls=3 units=201 latch=1
NVS_RUNTIME_FAULT cut=196 write=ESP_ERR_FLASH_OP_FAIL old=49 new=127 recovered=49
COMMAND=/home/udaybhan/projects/Ghar_sajag_r1_storage/code/ParivarSathi_v1.5.4_PWA_BatteryAnalytics_v3_4_2/host/storage/nvs_runtime_probe/build/gs_nvs_runtime_probe.elf 9 50 20 banks 197 ENV={} EXIT=0
DIAG_OPERATION mode=banks calls=3 units=201 latch=1
NVS_RUNTIME_FAULT cut=197 write=ESP_ERR_FLASH_OP_FAIL old=49 new=127 recovered=49
COMMAND=/home/udaybhan/projects/Ghar_sajag_r1_storage/code/ParivarSathi_v1.5.4_PWA_BatteryAnalytics_v3_4_2/host/storage/nvs_runtime_probe/build/gs_nvs_runtime_probe.elf 9 50 20 banks 198 ENV={} EXIT=0
DIAG_OPERATION mode=banks calls=3 units=201 latch=1
NVS_RUNTIME_FAULT cut=198 write=ESP_ERR_FLASH_OP_FAIL old=49 new=127 recovered=49
COMMAND=/home/udaybhan/projects/Ghar_sajag_r1_storage/code/ParivarSathi_v1.5.4_PWA_BatteryAnalytics_v3_4_2/host/storage/nvs_runtime_probe/build/gs_nvs_runtime_probe.elf 9 50 20 banks 199 ENV={} EXIT=0
DIAG_OPERATION mode=banks calls=3 units=201 latch=1
NVS_RUNTIME_FAULT cut=199 write=ESP_ERR_FLASH_OP_FAIL old=49 new=127 recovered=49
COMMAND=/home/udaybhan/projects/Ghar_sajag_r1_storage/code/ParivarSathi_v1.5.4_PWA_BatteryAnalytics_v3_4_2/host/storage/nvs_runtime_probe/build/gs_nvs_runtime_probe.elf 9 50 20 banks 200 ENV={} EXIT=0
DIAG_OPERATION mode=banks calls=3 units=201 latch=1
NVS_RUNTIME_FAULT cut=200 write=ESP_ERR_FLASH_OP_FAIL old=49 new=127 recovered=49
COMMAND=/home/udaybhan/projects/Ghar_sajag_r1_storage/code/ParivarSathi_v1.5.4_PWA_BatteryAnalytics_v3_4_2/host/storage/nvs_runtime_probe/build/gs_nvs_runtime_probe.elf 9 50 20 banks 201 ENV={} EXIT=0
DIAG_OPERATION mode=banks calls=3 units=201 latch=1
NVS_RUNTIME_FAULT cut=201 write=ESP_ERR_FLASH_OP_FAIL old=49 new=127 recovered=49
COMMAND=/home/udaybhan/projects/Ghar_sajag_r1_storage/code/ParivarSathi_v1.5.4_PWA_BatteryAnalytics_v3_4_2/host/storage/nvs_runtime_probe/build/gs_nvs_runtime_probe.elf 9 50 20 banks 202 ENV={} EXIT=0
DIAG_OPERATION mode=banks calls=4 units=202 latch=1
NVS_RUNTIME_FAULT cut=202 write=ESP_ERR_FLASH_OP_FAIL old=49 new=127 recovered=49
COMMAND=/home/udaybhan/projects/Ghar_sajag_r1_storage/code/ParivarSathi_v1.5.4_PWA_BatteryAnalytics_v3_4_2/host/storage/nvs_runtime_probe/build/gs_nvs_runtime_probe.elf 9 50 20 banks 203 ENV={} EXIT=0
DIAG_OPERATION mode=banks calls=5 units=203 latch=1
NVS_RUNTIME_FAULT cut=203 write=ESP_ERR_FLASH_OP_FAIL old=49 new=127 recovered=49
COMMAND=/home/udaybhan/projects/Ghar_sajag_r1_storage/code/ParivarSathi_v1.5.4_PWA_BatteryAnalytics_v3_4_2/host/storage/nvs_runtime_probe/build/gs_nvs_runtime_probe.elf 9 50 20 banks 204 ENV={} EXIT=0
DIAG_OPERATION mode=banks calls=6 units=204 latch=1
NVS_RUNTIME_FAULT cut=204 write=ESP_ERR_FLASH_OP_FAIL old=49 new=127 recovered=49
COMMAND=/home/udaybhan/projects/Ghar_sajag_r1_storage/code/ParivarSathi_v1.5.4_PWA_BatteryAnalytics_v3_4_2/host/storage/nvs_runtime_probe/build/gs_nvs_runtime_probe.elf 9 50 20 banks 205 ENV={} EXIT=0
DIAG_OPERATION mode=banks calls=7 units=205 latch=1
NVS_RUNTIME_FAULT cut=205 write=ESP_ERR_FLASH_OP_FAIL old=49 new=127 recovered=49
COMMAND=/home/udaybhan/projects/Ghar_sajag_r1_storage/code/ParivarSathi_v1.5.4_PWA_BatteryAnalytics_v3_4_2/host/storage/nvs_runtime_probe/build/gs_nvs_runtime_probe.elf 9 50 20 banks 206 ENV={} EXIT=0
DIAG_OPERATION mode=banks calls=8 units=213 latch=1
NVS_RUNTIME_FAULT cut=206 write=ESP_ERR_FLASH_OP_FAIL old=49 new=127 recovered=49
COMMAND=/home/udaybhan/projects/Ghar_sajag_r1_storage/code/ParivarSathi_v1.5.4_PWA_BatteryAnalytics_v3_4_2/host/storage/nvs_runtime_probe/build/gs_nvs_runtime_probe.elf 9 50 20 banks 207 ENV={} EXIT=0
DIAG_OPERATION mode=banks calls=8 units=213 latch=1
NVS_RUNTIME_FAULT cut=207 write=ESP_ERR_FLASH_OP_FAIL old=49 new=127 recovered=49
COMMAND=/home/udaybhan/projects/Ghar_sajag_r1_storage/code/ParivarSathi_v1.5.4_PWA_BatteryAnalytics_v3_4_2/host/storage/nvs_runtime_probe/build/gs_nvs_runtime_probe.elf 9 50 20 banks 208 ENV={} EXIT=0
DIAG_OPERATION mode=banks calls=8 units=213 latch=1
NVS_RUNTIME_FAULT cut=208 write=ESP_ERR_FLASH_OP_FAIL old=49 new=127 recovered=49
COMMAND=/home/udaybhan/projects/Ghar_sajag_r1_storage/code/ParivarSathi_v1.5.4_PWA_BatteryAnalytics_v3_4_2/host/storage/nvs_runtime_probe/build/gs_nvs_runtime_probe.elf 9 50 20 banks 209 ENV={} EXIT=0
DIAG_OPERATION mode=banks calls=8 units=213 latch=1
NVS_RUNTIME_FAULT cut=209 write=ESP_ERR_FLASH_OP_FAIL old=49 new=127 recovered=49
COMMAND=/home/udaybhan/projects/Ghar_sajag_r1_storage/code/ParivarSathi_v1.5.4_PWA_BatteryAnalytics_v3_4_2/host/storage/nvs_runtime_probe/build/gs_nvs_runtime_probe.elf 9 50 20 banks 210 ENV={} EXIT=0
DIAG_OPERATION mode=banks calls=8 units=213 latch=1
NVS_RUNTIME_FAULT cut=210 write=ESP_ERR_FLASH_OP_FAIL old=49 new=127 recovered=49
COMMAND=/home/udaybhan/projects/Ghar_sajag_r1_storage/code/ParivarSathi_v1.5.4_PWA_BatteryAnalytics_v3_4_2/host/storage/nvs_runtime_probe/build/gs_nvs_runtime_probe.elf 9 50 20 banks 211 ENV={} EXIT=0
DIAG_OPERATION mode=banks calls=8 units=213 latch=1
NVS_RUNTIME_FAULT cut=211 write=ESP_ERR_FLASH_OP_FAIL old=49 new=127 recovered=49
COMMAND=/home/udaybhan/projects/Ghar_sajag_r1_storage/code/ParivarSathi_v1.5.4_PWA_BatteryAnalytics_v3_4_2/host/storage/nvs_runtime_probe/build/gs_nvs_runtime_probe.elf 9 50 20 banks 212 ENV={} EXIT=0
DIAG_OPERATION mode=banks calls=8 units=213 latch=1
NVS_RUNTIME_FAULT cut=212 write=ESP_ERR_FLASH_OP_FAIL old=49 new=127 recovered=49
COMMAND=/home/udaybhan/projects/Ghar_sajag_r1_storage/code/ParivarSathi_v1.5.4_PWA_BatteryAnalytics_v3_4_2/host/storage/nvs_runtime_probe/build/gs_nvs_runtime_probe.elf 9 50 20 banks 213 ENV={} EXIT=0
DIAG_OPERATION mode=banks calls=8 units=213 latch=1
NVS_RUNTIME_FAULT cut=213 write=ESP_ERR_FLASH_OP_FAIL old=49 new=127 recovered=49
COMMAND=/home/udaybhan/projects/Ghar_sajag_r1_storage/code/ParivarSathi_v1.5.4_PWA_BatteryAnalytics_v3_4_2/host/storage/nvs_runtime_probe/build/gs_nvs_runtime_probe.elf 9 50 20 banks 214 ENV={} EXIT=0
DIAG_OPERATION mode=banks calls=9 units=221 latch=1
NVS_RUNTIME_FAULT cut=214 write=ESP_ERR_FLASH_OP_FAIL old=49 new=127 recovered=49
COMMAND=/home/udaybhan/projects/Ghar_sajag_r1_storage/code/ParivarSathi_v1.5.4_PWA_BatteryAnalytics_v3_4_2/host/storage/nvs_runtime_probe/build/gs_nvs_runtime_probe.elf 9 50 20 banks 215 ENV={} EXIT=0
DIAG_OPERATION mode=banks calls=9 units=221 latch=1
NVS_RUNTIME_FAULT cut=215 write=ESP_ERR_FLASH_OP_FAIL old=49 new=127 recovered=49
COMMAND=/home/udaybhan/projects/Ghar_sajag_r1_storage/code/ParivarSathi_v1.5.4_PWA_BatteryAnalytics_v3_4_2/host/storage/nvs_runtime_probe/build/gs_nvs_runtime_probe.elf 9 50 20 banks 216 ENV={} EXIT=0
DIAG_OPERATION mode=banks calls=9 units=221 latch=1
NVS_RUNTIME_FAULT cut=216 write=ESP_ERR_FLASH_OP_FAIL old=49 new=127 recovered=49
COMMAND=/home/udaybhan/projects/Ghar_sajag_r1_storage/code/ParivarSathi_v1.5.4_PWA_BatteryAnalytics_v3_4_2/host/storage/nvs_runtime_probe/build/gs_nvs_runtime_probe.elf 9 50 20 banks 217 ENV={} EXIT=0
DIAG_OPERATION mode=banks calls=9 units=221 latch=1
NVS_RUNTIME_FAULT cut=217 write=ESP_ERR_FLASH_OP_FAIL old=49 new=127 recovered=49
COMMAND=/home/udaybhan/projects/Ghar_sajag_r1_storage/code/ParivarSathi_v1.5.4_PWA_BatteryAnalytics_v3_4_2/host/storage/nvs_runtime_probe/build/gs_nvs_runtime_probe.elf 9 50 20 banks 218 ENV={} EXIT=0
DIAG_OPERATION mode=banks calls=9 units=221 latch=1
NVS_RUNTIME_FAULT cut=218 write=ESP_ERR_FLASH_OP_FAIL old=49 new=127 recovered=49
COMMAND=/home/udaybhan/projects/Ghar_sajag_r1_storage/code/ParivarSathi_v1.5.4_PWA_BatteryAnalytics_v3_4_2/host/storage/nvs_runtime_probe/build/gs_nvs_runtime_probe.elf 9 50 20 banks 219 ENV={} EXIT=0
DIAG_OPERATION mode=banks calls=9 units=221 latch=1
NVS_RUNTIME_FAULT cut=219 write=ESP_ERR_FLASH_OP_FAIL old=49 new=127 recovered=49
COMMAND=/home/udaybhan/projects/Ghar_sajag_r1_storage/code/ParivarSathi_v1.5.4_PWA_BatteryAnalytics_v3_4_2/host/storage/nvs_runtime_probe/build/gs_nvs_runtime_probe.elf 9 50 20 banks 220 ENV={} EXIT=0
DIAG_OPERATION mode=banks calls=9 units=221 latch=1
NVS_RUNTIME_FAULT cut=220 write=ESP_ERR_FLASH_OP_FAIL old=49 new=127 recovered=49
COMMAND=/home/udaybhan/projects/Ghar_sajag_r1_storage/code/ParivarSathi_v1.5.4_PWA_BatteryAnalytics_v3_4_2/host/storage/nvs_runtime_probe/build/gs_nvs_runtime_probe.elf 9 50 20 banks 221 ENV={} EXIT=0
DIAG_OPERATION mode=banks calls=9 units=221 latch=1
NVS_RUNTIME_FAULT cut=221 write=ESP_ERR_FLASH_OP_FAIL old=49 new=127 recovered=49
COMMAND=/home/udaybhan/projects/Ghar_sajag_r1_storage/code/ParivarSathi_v1.5.4_PWA_BatteryAnalytics_v3_4_2/host/storage/nvs_runtime_probe/build/gs_nvs_runtime_probe.elf 9 50 20 banks 222 ENV={} EXIT=0
DIAG_OPERATION mode=banks calls=10 units=222 latch=1
NVS_RUNTIME_FAULT cut=222 write=ESP_ERR_FLASH_OP_FAIL old=49 new=127 recovered=49
COMMAND=/home/udaybhan/projects/Ghar_sajag_r1_storage/code/ParivarSathi_v1.5.4_PWA_BatteryAnalytics_v3_4_2/host/storage/nvs_runtime_probe/build/gs_nvs_runtime_probe.elf 9 50 20 banks 223 ENV={} EXIT=0
DIAG_OPERATION mode=banks calls=11 units=230 latch=1
NVS_RUNTIME_FAULT cut=223 write=ESP_ERR_FLASH_OP_FAIL old=49 new=127 recovered=49
COMMAND=/home/udaybhan/projects/Ghar_sajag_r1_storage/code/ParivarSathi_v1.5.4_PWA_BatteryAnalytics_v3_4_2/host/storage/nvs_runtime_probe/build/gs_nvs_runtime_probe.elf 9 50 20 banks 224 ENV={} EXIT=0
DIAG_OPERATION mode=banks calls=11 units=230 latch=1
NVS_RUNTIME_FAULT cut=224 write=ESP_ERR_FLASH_OP_FAIL old=49 new=127 recovered=49
COMMAND=/home/udaybhan/projects/Ghar_sajag_r1_storage/code/ParivarSathi_v1.5.4_PWA_BatteryAnalytics_v3_4_2/host/storage/nvs_runtime_probe/build/gs_nvs_runtime_probe.elf 9 50 20 banks 225 ENV={} EXIT=0
DIAG_OPERATION mode=banks calls=11 units=230 latch=1
NVS_RUNTIME_FAULT cut=225 write=ESP_ERR_FLASH_OP_FAIL old=49 new=127 recovered=49
COMMAND=/home/udaybhan/projects/Ghar_sajag_r1_storage/code/ParivarSathi_v1.5.4_PWA_BatteryAnalytics_v3_4_2/host/storage/nvs_runtime_probe/build/gs_nvs_runtime_probe.elf 9 50 20 banks 226 ENV={} EXIT=0
DIAG_OPERATION mode=banks calls=11 units=230 latch=1
NVS_RUNTIME_FAULT cut=226 write=ESP_ERR_FLASH_OP_FAIL old=49 new=127 recovered=49
COMMAND=/home/udaybhan/projects/Ghar_sajag_r1_storage/code/ParivarSathi_v1.5.4_PWA_BatteryAnalytics_v3_4_2/host/storage/nvs_runtime_probe/build/gs_nvs_runtime_probe.elf 9 50 20 banks 227 ENV={} EXIT=0
DIAG_OPERATION mode=banks calls=11 units=230 latch=1
NVS_RUNTIME_FAULT cut=227 write=ESP_ERR_FLASH_OP_FAIL old=49 new=127 recovered=49
COMMAND=/home/udaybhan/projects/Ghar_sajag_r1_storage/code/ParivarSathi_v1.5.4_PWA_BatteryAnalytics_v3_4_2/host/storage/nvs_runtime_probe/build/gs_nvs_runtime_probe.elf 9 50 20 banks 228 ENV={} EXIT=0
DIAG_OPERATION mode=banks calls=11 units=230 latch=1
NVS_RUNTIME_FAULT cut=228 write=ESP_ERR_FLASH_OP_FAIL old=49 new=127 recovered=49
COMMAND=/home/udaybhan/projects/Ghar_sajag_r1_storage/code/ParivarSathi_v1.5.4_PWA_BatteryAnalytics_v3_4_2/host/storage/nvs_runtime_probe/build/gs_nvs_runtime_probe.elf 9 50 20 banks 229 ENV={} EXIT=0
DIAG_OPERATION mode=banks calls=11 units=230 latch=1
NVS_RUNTIME_FAULT cut=229 write=ESP_ERR_FLASH_OP_FAIL old=49 new=127 recovered=49
COMMAND=/home/udaybhan/projects/Ghar_sajag_r1_storage/code/ParivarSathi_v1.5.4_PWA_BatteryAnalytics_v3_4_2/host/storage/nvs_runtime_probe/build/gs_nvs_runtime_probe.elf 9 50 20 banks 230 ENV={} EXIT=0
DIAG_OPERATION mode=banks calls=11 units=230 latch=1
NVS_RUNTIME_FAULT cut=230 write=ESP_ERR_FLASH_OP_FAIL old=49 new=127 recovered=49
COMMAND=/home/udaybhan/projects/Ghar_sajag_r1_storage/code/ParivarSathi_v1.5.4_PWA_BatteryAnalytics_v3_4_2/host/storage/nvs_runtime_probe/build/gs_nvs_runtime_probe.elf 9 50 20 banks 231 ENV={} EXIT=0
DIAG_OPERATION mode=banks calls=12 units=231 latch=1
NVS_RUNTIME_FAULT cut=231 write=ESP_ERR_FLASH_OP_FAIL old=49 new=127 recovered=49
COMMAND=/home/udaybhan/projects/Ghar_sajag_r1_storage/code/ParivarSathi_v1.5.4_PWA_BatteryAnalytics_v3_4_2/host/storage/nvs_runtime_probe/build/gs_nvs_runtime_probe.elf 9 50 20 banks 232 ENV={} EXIT=0
DIAG_OPERATION mode=banks calls=13 units=239 latch=1
NVS_RUNTIME_FAULT cut=232 write=ESP_ERR_FLASH_OP_FAIL old=49 new=127 recovered=49
COMMAND=/home/udaybhan/projects/Ghar_sajag_r1_storage/code/ParivarSathi_v1.5.4_PWA_BatteryAnalytics_v3_4_2/host/storage/nvs_runtime_probe/build/gs_nvs_runtime_probe.elf 9 50 20 banks 233 ENV={} EXIT=0
DIAG_OPERATION mode=banks calls=13 units=239 latch=1
NVS_RUNTIME_FAULT cut=233 write=ESP_ERR_FLASH_OP_FAIL old=49 new=127 recovered=49
COMMAND=/home/udaybhan/projects/Ghar_sajag_r1_storage/code/ParivarSathi_v1.5.4_PWA_BatteryAnalytics_v3_4_2/host/storage/nvs_runtime_probe/build/gs_nvs_runtime_probe.elf 9 50 20 banks 234 ENV={} EXIT=0
DIAG_OPERATION mode=banks calls=13 units=239 latch=1
NVS_RUNTIME_FAULT cut=234 write=ESP_ERR_FLASH_OP_FAIL old=49 new=127 recovered=49
COMMAND=/home/udaybhan/projects/Ghar_sajag_r1_storage/code/ParivarSathi_v1.5.4_PWA_BatteryAnalytics_v3_4_2/host/storage/nvs_runtime_probe/build/gs_nvs_runtime_probe.elf 9 50 20 banks 235 ENV={} EXIT=0
DIAG_OPERATION mode=banks calls=13 units=239 latch=1
NVS_RUNTIME_FAULT cut=235 write=ESP_ERR_FLASH_OP_FAIL old=49 new=127 recovered=49
COMMAND=/home/udaybhan/projects/Ghar_sajag_r1_storage/code/ParivarSathi_v1.5.4_PWA_BatteryAnalytics_v3_4_2/host/storage/nvs_runtime_probe/build/gs_nvs_runtime_probe.elf 9 50 20 banks 236 ENV={} EXIT=0
DIAG_OPERATION mode=banks calls=13 units=239 latch=1
NVS_RUNTIME_FAULT cut=236 write=ESP_ERR_FLASH_OP_FAIL old=49 new=127 recovered=49
COMMAND=/home/udaybhan/projects/Ghar_sajag_r1_storage/code/ParivarSathi_v1.5.4_PWA_BatteryAnalytics_v3_4_2/host/storage/nvs_runtime_probe/build/gs_nvs_runtime_probe.elf 9 50 20 banks 237 ENV={} EXIT=0
DIAG_OPERATION mode=banks calls=13 units=239 latch=1
NVS_RUNTIME_FAULT cut=237 write=ESP_ERR_FLASH_OP_FAIL old=49 new=127 recovered=49
COMMAND=/home/udaybhan/projects/Ghar_sajag_r1_storage/code/ParivarSathi_v1.5.4_PWA_BatteryAnalytics_v3_4_2/host/storage/nvs_runtime_probe/build/gs_nvs_runtime_probe.elf 9 50 20 banks 238 ENV={} EXIT=0
DIAG_OPERATION mode=banks calls=13 units=239 latch=1
NVS_RUNTIME_FAULT cut=238 write=ESP_ERR_FLASH_OP_FAIL old=49 new=127 recovered=49
COMMAND=/home/udaybhan/projects/Ghar_sajag_r1_storage/code/ParivarSathi_v1.5.4_PWA_BatteryAnalytics_v3_4_2/host/storage/nvs_runtime_probe/build/gs_nvs_runtime_probe.elf 9 50 20 banks 239 ENV={} EXIT=0
DIAG_OPERATION mode=banks calls=13 units=239 latch=1
NVS_RUNTIME_FAULT cut=239 write=ESP_ERR_FLASH_OP_FAIL old=49 new=127 recovered=49
COMMAND=/home/udaybhan/projects/Ghar_sajag_r1_storage/code/ParivarSathi_v1.5.4_PWA_BatteryAnalytics_v3_4_2/host/storage/nvs_runtime_probe/build/gs_nvs_runtime_probe.elf 9 50 20 banks 240 ENV={} EXIT=0
DIAG_OPERATION mode=banks calls=14 units=240 latch=1
NVS_RUNTIME_FAULT cut=240 write=ESP_ERR_FLASH_OP_FAIL old=49 new=127 recovered=49
COMMAND=/home/udaybhan/projects/Ghar_sajag_r1_storage/code/ParivarSathi_v1.5.4_PWA_BatteryAnalytics_v3_4_2/host/storage/nvs_runtime_probe/build/gs_nvs_runtime_probe.elf 9 50 20 banks 241 ENV={} EXIT=0
DIAG_OPERATION mode=banks calls=15 units=248 latch=1
NVS_RUNTIME_FAULT cut=241 write=ESP_ERR_FLASH_OP_FAIL old=49 new=127 recovered=49
COMMAND=/home/udaybhan/projects/Ghar_sajag_r1_storage/code/ParivarSathi_v1.5.4_PWA_BatteryAnalytics_v3_4_2/host/storage/nvs_runtime_probe/build/gs_nvs_runtime_probe.elf 9 50 20 banks 242 ENV={} EXIT=0
DIAG_OPERATION mode=banks calls=15 units=248 latch=1
NVS_RUNTIME_FAULT cut=242 write=ESP_ERR_FLASH_OP_FAIL old=49 new=127 recovered=49
COMMAND=/home/udaybhan/projects/Ghar_sajag_r1_storage/code/ParivarSathi_v1.5.4_PWA_BatteryAnalytics_v3_4_2/host/storage/nvs_runtime_probe/build/gs_nvs_runtime_probe.elf 9 50 20 banks 243 ENV={} EXIT=0
DIAG_OPERATION mode=banks calls=15 units=248 latch=1
NVS_RUNTIME_FAULT cut=243 write=ESP_ERR_FLASH_OP_FAIL old=49 new=127 recovered=49
COMMAND=/home/udaybhan/projects/Ghar_sajag_r1_storage/code/ParivarSathi_v1.5.4_PWA_BatteryAnalytics_v3_4_2/host/storage/nvs_runtime_probe/build/gs_nvs_runtime_probe.elf 9 50 20 banks 244 ENV={} EXIT=0
DIAG_OPERATION mode=banks calls=15 units=248 latch=1
NVS_RUNTIME_FAULT cut=244 write=ESP_ERR_FLASH_OP_FAIL old=49 new=127 recovered=49
COMMAND=/home/udaybhan/projects/Ghar_sajag_r1_storage/code/ParivarSathi_v1.5.4_PWA_BatteryAnalytics_v3_4_2/host/storage/nvs_runtime_probe/build/gs_nvs_runtime_probe.elf 9 50 20 banks 245 ENV={} EXIT=0
DIAG_OPERATION mode=banks calls=15 units=248 latch=1
NVS_RUNTIME_FAULT cut=245 write=ESP_ERR_FLASH_OP_FAIL old=49 new=127 recovered=49
COMMAND=/home/udaybhan/projects/Ghar_sajag_r1_storage/code/ParivarSathi_v1.5.4_PWA_BatteryAnalytics_v3_4_2/host/storage/nvs_runtime_probe/build/gs_nvs_runtime_probe.elf 9 50 20 banks 246 ENV={} EXIT=0
DIAG_OPERATION mode=banks calls=15 units=248 latch=1
NVS_RUNTIME_FAULT cut=246 write=ESP_ERR_FLASH_OP_FAIL old=49 new=127 recovered=49
COMMAND=/home/udaybhan/projects/Ghar_sajag_r1_storage/code/ParivarSathi_v1.5.4_PWA_BatteryAnalytics_v3_4_2/host/storage/nvs_runtime_probe/build/gs_nvs_runtime_probe.elf 9 50 20 banks 247 ENV={} EXIT=0
DIAG_OPERATION mode=banks calls=15 units=248 latch=1
NVS_RUNTIME_FAULT cut=247 write=ESP_ERR_FLASH_OP_FAIL old=49 new=127 recovered=49
COMMAND=/home/udaybhan/projects/Ghar_sajag_r1_storage/code/ParivarSathi_v1.5.4_PWA_BatteryAnalytics_v3_4_2/host/storage/nvs_runtime_probe/build/gs_nvs_runtime_probe.elf 9 50 20 banks 248 ENV={} EXIT=0
DIAG_OPERATION mode=banks calls=15 units=248 latch=1
NVS_RUNTIME_FAULT cut=248 write=ESP_ERR_FLASH_OP_FAIL old=49 new=127 recovered=49
COMMAND=/home/udaybhan/projects/Ghar_sajag_r1_storage/code/ParivarSathi_v1.5.4_PWA_BatteryAnalytics_v3_4_2/host/storage/nvs_runtime_probe/build/gs_nvs_runtime_probe.elf 9 50 20 banks 249 ENV={} EXIT=0
DIAG_OPERATION mode=banks calls=16 units=249 latch=1
NVS_RUNTIME_FAULT cut=249 write=ESP_ERR_FLASH_OP_FAIL old=49 new=127 recovered=49
COMMAND=/home/udaybhan/projects/Ghar_sajag_r1_storage/code/ParivarSathi_v1.5.4_PWA_BatteryAnalytics_v3_4_2/host/storage/nvs_runtime_probe/build/gs_nvs_runtime_probe.elf 9 50 20 banks 250 ENV={} EXIT=0
DIAG_OPERATION mode=banks calls=17 units=257 latch=1
NVS_RUNTIME_FAULT cut=250 write=ESP_ERR_FLASH_OP_FAIL old=49 new=127 recovered=49
COMMAND=/home/udaybhan/projects/Ghar_sajag_r1_storage/code/ParivarSathi_v1.5.4_PWA_BatteryAnalytics_v3_4_2/host/storage/nvs_runtime_probe/build/gs_nvs_runtime_probe.elf 9 50 20 banks 251 ENV={} EXIT=0
DIAG_OPERATION mode=banks calls=17 units=257 latch=1
NVS_RUNTIME_FAULT cut=251 write=ESP_ERR_FLASH_OP_FAIL old=49 new=127 recovered=49
COMMAND=/home/udaybhan/projects/Ghar_sajag_r1_storage/code/ParivarSathi_v1.5.4_PWA_BatteryAnalytics_v3_4_2/host/storage/nvs_runtime_probe/build/gs_nvs_runtime_probe.elf 9 50 20 banks 252 ENV={} EXIT=0
DIAG_OPERATION mode=banks calls=17 units=257 latch=1
NVS_RUNTIME_FAULT cut=252 write=ESP_ERR_FLASH_OP_FAIL old=49 new=127 recovered=49
COMMAND=/home/udaybhan/projects/Ghar_sajag_r1_storage/code/ParivarSathi_v1.5.4_PWA_BatteryAnalytics_v3_4_2/host/storage/nvs_runtime_probe/build/gs_nvs_runtime_probe.elf 9 50 20 banks 253 ENV={} EXIT=0
DIAG_OPERATION mode=banks calls=17 units=257 latch=1
NVS_RUNTIME_FAULT cut=253 write=ESP_ERR_FLASH_OP_FAIL old=49 new=127 recovered=49
COMMAND=/home/udaybhan/projects/Ghar_sajag_r1_storage/code/ParivarSathi_v1.5.4_PWA_BatteryAnalytics_v3_4_2/host/storage/nvs_runtime_probe/build/gs_nvs_runtime_probe.elf 9 50 20 banks 254 ENV={} EXIT=0
DIAG_OPERATION mode=banks calls=17 units=257 latch=1
NVS_RUNTIME_FAULT cut=254 write=ESP_ERR_FLASH_OP_FAIL old=49 new=127 recovered=49
COMMAND=/home/udaybhan/projects/Ghar_sajag_r1_storage/code/ParivarSathi_v1.5.4_PWA_BatteryAnalytics_v3_4_2/host/storage/nvs_runtime_probe/build/gs_nvs_runtime_probe.elf 9 50 20 banks 255 ENV={} EXIT=0
DIAG_OPERATION mode=banks calls=17 units=257 latch=1
NVS_RUNTIME_FAULT cut=255 write=ESP_ERR_FLASH_OP_FAIL old=49 new=127 recovered=49
COMMAND=/home/udaybhan/projects/Ghar_sajag_r1_storage/code/ParivarSathi_v1.5.4_PWA_BatteryAnalytics_v3_4_2/host/storage/nvs_runtime_probe/build/gs_nvs_runtime_probe.elf 9 50 20 banks 256 ENV={} EXIT=0
DIAG_OPERATION mode=banks calls=17 units=257 latch=1
NVS_RUNTIME_FAULT cut=256 write=ESP_ERR_FLASH_OP_FAIL old=49 new=127 recovered=49
COMMAND=/home/udaybhan/projects/Ghar_sajag_r1_storage/code/ParivarSathi_v1.5.4_PWA_BatteryAnalytics_v3_4_2/host/storage/nvs_runtime_probe/build/gs_nvs_runtime_probe.elf 9 50 20 banks 257 ENV={} EXIT=0
DIAG_OPERATION mode=banks calls=17 units=257 latch=1
NVS_RUNTIME_FAULT cut=257 write=ESP_ERR_FLASH_OP_FAIL old=49 new=127 recovered=49
COMMAND=/home/udaybhan/projects/Ghar_sajag_r1_storage/code/ParivarSathi_v1.5.4_PWA_BatteryAnalytics_v3_4_2/host/storage/nvs_runtime_probe/build/gs_nvs_runtime_probe.elf 9 50 20 banks 258 ENV={} EXIT=0
DIAG_OPERATION mode=banks calls=18 units=258 latch=1
NVS_RUNTIME_FAULT cut=258 write=ESP_ERR_FLASH_OP_FAIL old=49 new=127 recovered=49
COMMAND=/home/udaybhan/projects/Ghar_sajag_r1_storage/code/ParivarSathi_v1.5.4_PWA_BatteryAnalytics_v3_4_2/host/storage/nvs_runtime_probe/build/gs_nvs_runtime_probe.elf 9 50 20 banks 259 ENV={} EXIT=0
DIAG_OPERATION mode=banks calls=19 units=266 latch=1
NVS_RUNTIME_FAULT cut=259 write=ESP_ERR_FLASH_OP_FAIL old=49 new=127 recovered=49
COMMAND=/home/udaybhan/projects/Ghar_sajag_r1_storage/code/ParivarSathi_v1.5.4_PWA_BatteryAnalytics_v3_4_2/host/storage/nvs_runtime_probe/build/gs_nvs_runtime_probe.elf 9 50 20 banks 260 ENV={} EXIT=0
DIAG_OPERATION mode=banks calls=19 units=266 latch=1
NVS_RUNTIME_FAULT cut=260 write=ESP_ERR_FLASH_OP_FAIL old=49 new=127 recovered=49
COMMAND=/home/udaybhan/projects/Ghar_sajag_r1_storage/code/ParivarSathi_v1.5.4_PWA_BatteryAnalytics_v3_4_2/host/storage/nvs_runtime_probe/build/gs_nvs_runtime_probe.elf 9 50 20 banks 261 ENV={} EXIT=0
DIAG_OPERATION mode=banks calls=19 units=266 latch=1
NVS_RUNTIME_FAULT cut=261 write=ESP_ERR_FLASH_OP_FAIL old=49 new=127 recovered=49
COMMAND=/home/udaybhan/projects/Ghar_sajag_r1_storage/code/ParivarSathi_v1.5.4_PWA_BatteryAnalytics_v3_4_2/host/storage/nvs_runtime_probe/build/gs_nvs_runtime_probe.elf 9 50 20 banks 262 ENV={} EXIT=0
DIAG_OPERATION mode=banks calls=19 units=266 latch=1
NVS_RUNTIME_FAULT cut=262 write=ESP_ERR_FLASH_OP_FAIL old=49 new=127 recovered=49
COMMAND=/home/udaybhan/projects/Ghar_sajag_r1_storage/code/ParivarSathi_v1.5.4_PWA_BatteryAnalytics_v3_4_2/host/storage/nvs_runtime_probe/build/gs_nvs_runtime_probe.elf 9 50 20 banks 263 ENV={} EXIT=0
DIAG_OPERATION mode=banks calls=19 units=266 latch=1
NVS_RUNTIME_FAULT cut=263 write=ESP_ERR_FLASH_OP_FAIL old=49 new=127 recovered=49
COMMAND=/home/udaybhan/projects/Ghar_sajag_r1_storage/code/ParivarSathi_v1.5.4_PWA_BatteryAnalytics_v3_4_2/host/storage/nvs_runtime_probe/build/gs_nvs_runtime_probe.elf 9 50 20 banks 264 ENV={} EXIT=0
DIAG_OPERATION mode=banks calls=19 units=266 latch=1
NVS_RUNTIME_FAULT cut=264 write=ESP_ERR_FLASH_OP_FAIL old=49 new=127 recovered=49
COMMAND=/home/udaybhan/projects/Ghar_sajag_r1_storage/code/ParivarSathi_v1.5.4_PWA_BatteryAnalytics_v3_4_2/host/storage/nvs_runtime_probe/build/gs_nvs_runtime_probe.elf 9 50 20 banks 265 ENV={} EXIT=0
DIAG_OPERATION mode=banks calls=19 units=266 latch=1
NVS_RUNTIME_FAULT cut=265 write=ESP_ERR_FLASH_OP_FAIL old=49 new=127 recovered=49
COMMAND=/home/udaybhan/projects/Ghar_sajag_r1_storage/code/ParivarSathi_v1.5.4_PWA_BatteryAnalytics_v3_4_2/host/storage/nvs_runtime_probe/build/gs_nvs_runtime_probe.elf 9 50 20 banks 266 ENV={} EXIT=0
DIAG_OPERATION mode=banks calls=19 units=266 latch=1
NVS_RUNTIME_FAULT cut=266 write=ESP_ERR_FLASH_OP_FAIL old=49 new=127 recovered=49
COMMAND=/home/udaybhan/projects/Ghar_sajag_r1_storage/code/ParivarSathi_v1.5.4_PWA_BatteryAnalytics_v3_4_2/host/storage/nvs_runtime_probe/build/gs_nvs_runtime_probe.elf 9 50 20 banks 267 ENV={} EXIT=0
DIAG_OPERATION mode=banks calls=20 units=267 latch=1
NVS_RUNTIME_FAULT cut=267 write=ESP_ERR_FLASH_OP_FAIL old=49 new=127 recovered=49
COMMAND=/home/udaybhan/projects/Ghar_sajag_r1_storage/code/ParivarSathi_v1.5.4_PWA_BatteryAnalytics_v3_4_2/host/storage/nvs_runtime_probe/build/gs_nvs_runtime_probe.elf 9 50 20 banks 268 ENV={} EXIT=0
DIAG_OPERATION mode=banks calls=21 units=275 latch=1
NVS_RUNTIME_FAULT cut=268 write=ESP_ERR_FLASH_OP_FAIL old=49 new=127 recovered=49
COMMAND=/home/udaybhan/projects/Ghar_sajag_r1_storage/code/ParivarSathi_v1.5.4_PWA_BatteryAnalytics_v3_4_2/host/storage/nvs_runtime_probe/build/gs_nvs_runtime_probe.elf 9 50 20 banks 269 ENV={} EXIT=0
DIAG_OPERATION mode=banks calls=21 units=275 latch=1
NVS_RUNTIME_FAULT cut=269 write=ESP_ERR_FLASH_OP_FAIL old=49 new=127 recovered=49
COMMAND=/home/udaybhan/projects/Ghar_sajag_r1_storage/code/ParivarSathi_v1.5.4_PWA_BatteryAnalytics_v3_4_2/host/storage/nvs_runtime_probe/build/gs_nvs_runtime_probe.elf 9 50 20 banks 270 ENV={} EXIT=0
DIAG_OPERATION mode=banks calls=21 units=275 latch=1
NVS_RUNTIME_FAULT cut=270 write=ESP_ERR_FLASH_OP_FAIL old=49 new=127 recovered=49
COMMAND=/home/udaybhan/projects/Ghar_sajag_r1_storage/code/ParivarSathi_v1.5.4_PWA_BatteryAnalytics_v3_4_2/host/storage/nvs_runtime_probe/build/gs_nvs_runtime_probe.elf 9 50 20 banks 271 ENV={} EXIT=0
DIAG_OPERATION mode=banks calls=21 units=275 latch=1
NVS_RUNTIME_FAULT cut=271 write=ESP_ERR_FLASH_OP_FAIL old=49 new=127 recovered=49
COMMAND=/home/udaybhan/projects/Ghar_sajag_r1_storage/code/ParivarSathi_v1.5.4_PWA_BatteryAnalytics_v3_4_2/host/storage/nvs_runtime_probe/build/gs_nvs_runtime_probe.elf 9 50 20 banks 272 ENV={} EXIT=0
DIAG_OPERATION mode=banks calls=21 units=275 latch=1
NVS_RUNTIME_FAULT cut=272 write=ESP_ERR_FLASH_OP_FAIL old=49 new=127 recovered=49
COMMAND=/home/udaybhan/projects/Ghar_sajag_r1_storage/code/ParivarSathi_v1.5.4_PWA_BatteryAnalytics_v3_4_2/host/storage/nvs_runtime_probe/build/gs_nvs_runtime_probe.elf 9 50 20 banks 273 ENV={} EXIT=0
DIAG_OPERATION mode=banks calls=21 units=275 latch=1
NVS_RUNTIME_FAULT cut=273 write=ESP_ERR_FLASH_OP_FAIL old=49 new=127 recovered=49
COMMAND=/home/udaybhan/projects/Ghar_sajag_r1_storage/code/ParivarSathi_v1.5.4_PWA_BatteryAnalytics_v3_4_2/host/storage/nvs_runtime_probe/build/gs_nvs_runtime_probe.elf 9 50 20 banks 274 ENV={} EXIT=0
DIAG_OPERATION mode=banks calls=21 units=275 latch=1
NVS_RUNTIME_FAULT cut=274 write=ESP_ERR_FLASH_OP_FAIL old=49 new=127 recovered=49
COMMAND=/home/udaybhan/projects/Ghar_sajag_r1_storage/code/ParivarSathi_v1.5.4_PWA_BatteryAnalytics_v3_4_2/host/storage/nvs_runtime_probe/build/gs_nvs_runtime_probe.elf 9 50 20 banks 275 ENV={} EXIT=0
DIAG_OPERATION mode=banks calls=21 units=275 latch=1
NVS_RUNTIME_FAULT cut=275 write=ESP_ERR_FLASH_OP_FAIL old=49 new=127 recovered=49
COMMAND=/home/udaybhan/projects/Ghar_sajag_r1_storage/code/ParivarSathi_v1.5.4_PWA_BatteryAnalytics_v3_4_2/host/storage/nvs_runtime_probe/build/gs_nvs_runtime_probe.elf 9 50 20 banks 276 ENV={} EXIT=0
DIAG_OPERATION mode=banks calls=22 units=276 latch=1
NVS_RUNTIME_FAULT cut=276 write=ESP_ERR_FLASH_OP_FAIL old=49 new=127 recovered=49
COMMAND=/home/udaybhan/projects/Ghar_sajag_r1_storage/code/ParivarSathi_v1.5.4_PWA_BatteryAnalytics_v3_4_2/host/storage/nvs_runtime_probe/build/gs_nvs_runtime_probe.elf 9 50 20 banks 277 ENV={} EXIT=0
DIAG_OPERATION mode=banks calls=23 units=284 latch=1
NVS_RUNTIME_FAULT cut=277 write=ESP_ERR_FLASH_OP_FAIL old=49 new=127 recovered=49
COMMAND=/home/udaybhan/projects/Ghar_sajag_r1_storage/code/ParivarSathi_v1.5.4_PWA_BatteryAnalytics_v3_4_2/host/storage/nvs_runtime_probe/build/gs_nvs_runtime_probe.elf 9 50 20 banks 278 ENV={} EXIT=0
DIAG_OPERATION mode=banks calls=23 units=284 latch=1
NVS_RUNTIME_FAULT cut=278 write=ESP_ERR_FLASH_OP_FAIL old=49 new=127 recovered=49
COMMAND=/home/udaybhan/projects/Ghar_sajag_r1_storage/code/ParivarSathi_v1.5.4_PWA_BatteryAnalytics_v3_4_2/host/storage/nvs_runtime_probe/build/gs_nvs_runtime_probe.elf 9 50 20 banks 279 ENV={} EXIT=0
DIAG_OPERATION mode=banks calls=23 units=284 latch=1
NVS_RUNTIME_FAULT cut=279 write=ESP_ERR_FLASH_OP_FAIL old=49 new=127 recovered=49
COMMAND=/home/udaybhan/projects/Ghar_sajag_r1_storage/code/ParivarSathi_v1.5.4_PWA_BatteryAnalytics_v3_4_2/host/storage/nvs_runtime_probe/build/gs_nvs_runtime_probe.elf 9 50 20 banks 280 ENV={} EXIT=0
DIAG_OPERATION mode=banks calls=23 units=284 latch=1
NVS_RUNTIME_FAULT cut=280 write=ESP_ERR_FLASH_OP_FAIL old=49 new=127 recovered=49
COMMAND=/home/udaybhan/projects/Ghar_sajag_r1_storage/code/ParivarSathi_v1.5.4_PWA_BatteryAnalytics_v3_4_2/host/storage/nvs_runtime_probe/build/gs_nvs_runtime_probe.elf 9 50 20 banks 281 ENV={} EXIT=0
DIAG_OPERATION mode=banks calls=23 units=284 latch=1
NVS_RUNTIME_FAULT cut=281 write=ESP_ERR_FLASH_OP_FAIL old=49 new=127 recovered=49
COMMAND=/home/udaybhan/projects/Ghar_sajag_r1_storage/code/ParivarSathi_v1.5.4_PWA_BatteryAnalytics_v3_4_2/host/storage/nvs_runtime_probe/build/gs_nvs_runtime_probe.elf 9 50 20 banks 282 ENV={} EXIT=0
DIAG_OPERATION mode=banks calls=23 units=284 latch=1
NVS_RUNTIME_FAULT cut=282 write=ESP_ERR_FLASH_OP_FAIL old=49 new=127 recovered=49
COMMAND=/home/udaybhan/projects/Ghar_sajag_r1_storage/code/ParivarSathi_v1.5.4_PWA_BatteryAnalytics_v3_4_2/host/storage/nvs_runtime_probe/build/gs_nvs_runtime_probe.elf 9 50 20 banks 283 ENV={} EXIT=0
DIAG_OPERATION mode=banks calls=23 units=284 latch=1
NVS_RUNTIME_FAULT cut=283 write=ESP_ERR_FLASH_OP_FAIL old=49 new=127 recovered=49
COMMAND=/home/udaybhan/projects/Ghar_sajag_r1_storage/code/ParivarSathi_v1.5.4_PWA_BatteryAnalytics_v3_4_2/host/storage/nvs_runtime_probe/build/gs_nvs_runtime_probe.elf 9 50 20 banks 284 ENV={} EXIT=0
DIAG_OPERATION mode=banks calls=23 units=284 latch=1
NVS_RUNTIME_FAULT cut=284 write=ESP_ERR_FLASH_OP_FAIL old=49 new=127 recovered=49
COMMAND=/home/udaybhan/projects/Ghar_sajag_r1_storage/code/ParivarSathi_v1.5.4_PWA_BatteryAnalytics_v3_4_2/host/storage/nvs_runtime_probe/build/gs_nvs_runtime_probe.elf 9 50 20 banks 285 ENV={} EXIT=0
DIAG_OPERATION mode=banks calls=24 units=285 latch=1
NVS_RUNTIME_FAULT cut=285 write=ESP_ERR_FLASH_OP_FAIL old=49 new=127 recovered=49
COMMAND=/home/udaybhan/projects/Ghar_sajag_r1_storage/code/ParivarSathi_v1.5.4_PWA_BatteryAnalytics_v3_4_2/host/storage/nvs_runtime_probe/build/gs_nvs_runtime_probe.elf 9 50 20 banks 286 ENV={} EXIT=0
DIAG_OPERATION mode=banks calls=25 units=293 latch=1
NVS_RUNTIME_FAULT cut=286 write=ESP_ERR_FLASH_OP_FAIL old=49 new=127 recovered=49
COMMAND=/home/udaybhan/projects/Ghar_sajag_r1_storage/code/ParivarSathi_v1.5.4_PWA_BatteryAnalytics_v3_4_2/host/storage/nvs_runtime_probe/build/gs_nvs_runtime_probe.elf 9 50 20 banks 287 ENV={} EXIT=0
DIAG_OPERATION mode=banks calls=25 units=293 latch=1
NVS_RUNTIME_FAULT cut=287 write=ESP_ERR_FLASH_OP_FAIL old=49 new=127 recovered=49
COMMAND=/home/udaybhan/projects/Ghar_sajag_r1_storage/code/ParivarSathi_v1.5.4_PWA_BatteryAnalytics_v3_4_2/host/storage/nvs_runtime_probe/build/gs_nvs_runtime_probe.elf 9 50 20 banks 288 ENV={} EXIT=0
DIAG_OPERATION mode=banks calls=25 units=293 latch=1
NVS_RUNTIME_FAULT cut=288 write=ESP_ERR_FLASH_OP_FAIL old=49 new=127 recovered=49
COMMAND=/home/udaybhan/projects/Ghar_sajag_r1_storage/code/ParivarSathi_v1.5.4_PWA_BatteryAnalytics_v3_4_2/host/storage/nvs_runtime_probe/build/gs_nvs_runtime_probe.elf 9 50 20 banks 289 ENV={} EXIT=0
DIAG_OPERATION mode=banks calls=25 units=293 latch=1
NVS_RUNTIME_FAULT cut=289 write=ESP_ERR_FLASH_OP_FAIL old=49 new=127 recovered=49
COMMAND=/home/udaybhan/projects/Ghar_sajag_r1_storage/code/ParivarSathi_v1.5.4_PWA_BatteryAnalytics_v3_4_2/host/storage/nvs_runtime_probe/build/gs_nvs_runtime_probe.elf 9 50 20 banks 290 ENV={} EXIT=0
DIAG_OPERATION mode=banks calls=25 units=293 latch=1
NVS_RUNTIME_FAULT cut=290 write=ESP_ERR_FLASH_OP_FAIL old=49 new=127 recovered=49
COMMAND=/home/udaybhan/projects/Ghar_sajag_r1_storage/code/ParivarSathi_v1.5.4_PWA_BatteryAnalytics_v3_4_2/host/storage/nvs_runtime_probe/build/gs_nvs_runtime_probe.elf 9 50 20 banks 291 ENV={} EXIT=0
DIAG_OPERATION mode=banks calls=25 units=293 latch=1
NVS_RUNTIME_FAULT cut=291 write=ESP_ERR_FLASH_OP_FAIL old=49 new=127 recovered=49
COMMAND=/home/udaybhan/projects/Ghar_sajag_r1_storage/code/ParivarSathi_v1.5.4_PWA_BatteryAnalytics_v3_4_2/host/storage/nvs_runtime_probe/build/gs_nvs_runtime_probe.elf 9 50 20 banks 292 ENV={} EXIT=0
DIAG_OPERATION mode=banks calls=25 units=293 latch=1
NVS_RUNTIME_FAULT cut=292 write=ESP_ERR_FLASH_OP_FAIL old=49 new=127 recovered=49
COMMAND=/home/udaybhan/projects/Ghar_sajag_r1_storage/code/ParivarSathi_v1.5.4_PWA_BatteryAnalytics_v3_4_2/host/storage/nvs_runtime_probe/build/gs_nvs_runtime_probe.elf 9 50 20 banks 293 ENV={} EXIT=0
DIAG_OPERATION mode=banks calls=25 units=293 latch=1
NVS_RUNTIME_FAULT cut=293 write=ESP_ERR_FLASH_OP_FAIL old=49 new=127 recovered=49
COMMAND=/home/udaybhan/projects/Ghar_sajag_r1_storage/code/ParivarSathi_v1.5.4_PWA_BatteryAnalytics_v3_4_2/host/storage/nvs_runtime_probe/build/gs_nvs_runtime_probe.elf 9 50 20 banks 294 ENV={} EXIT=0
DIAG_OPERATION mode=banks calls=26 units=294 latch=1
NVS_RUNTIME_FAULT cut=294 write=ESP_ERR_FLASH_OP_FAIL old=49 new=127 recovered=49
COMMAND=/home/udaybhan/projects/Ghar_sajag_r1_storage/code/ParivarSathi_v1.5.4_PWA_BatteryAnalytics_v3_4_2/host/storage/nvs_runtime_probe/build/gs_nvs_runtime_probe.elf 9 50 20 banks 295 ENV={} EXIT=0
DIAG_OPERATION mode=banks calls=27 units=302 latch=1
NVS_RUNTIME_FAULT cut=295 write=ESP_ERR_FLASH_OP_FAIL old=49 new=127 recovered=49
COMMAND=/home/udaybhan/projects/Ghar_sajag_r1_storage/code/ParivarSathi_v1.5.4_PWA_BatteryAnalytics_v3_4_2/host/storage/nvs_runtime_probe/build/gs_nvs_runtime_probe.elf 9 50 20 banks 296 ENV={} EXIT=0
DIAG_OPERATION mode=banks calls=27 units=302 latch=1
NVS_RUNTIME_FAULT cut=296 write=ESP_ERR_FLASH_OP_FAIL old=49 new=127 recovered=49
COMMAND=/home/udaybhan/projects/Ghar_sajag_r1_storage/code/ParivarSathi_v1.5.4_PWA_BatteryAnalytics_v3_4_2/host/storage/nvs_runtime_probe/build/gs_nvs_runtime_probe.elf 9 50 20 banks 297 ENV={} EXIT=0
DIAG_OPERATION mode=banks calls=27 units=302 latch=1
NVS_RUNTIME_FAULT cut=297 write=ESP_ERR_FLASH_OP_FAIL old=49 new=127 recovered=49
COMMAND=/home/udaybhan/projects/Ghar_sajag_r1_storage/code/ParivarSathi_v1.5.4_PWA_BatteryAnalytics_v3_4_2/host/storage/nvs_runtime_probe/build/gs_nvs_runtime_probe.elf 9 50 20 banks 298 ENV={} EXIT=0
DIAG_OPERATION mode=banks calls=27 units=302 latch=1
NVS_RUNTIME_FAULT cut=298 write=ESP_ERR_FLASH_OP_FAIL old=49 new=127 recovered=49
COMMAND=/home/udaybhan/projects/Ghar_sajag_r1_storage/code/ParivarSathi_v1.5.4_PWA_BatteryAnalytics_v3_4_2/host/storage/nvs_runtime_probe/build/gs_nvs_runtime_probe.elf 9 50 20 banks 299 ENV={} EXIT=0
DIAG_OPERATION mode=banks calls=27 units=302 latch=1
NVS_RUNTIME_FAULT cut=299 write=ESP_ERR_FLASH_OP_FAIL old=49 new=127 recovered=49
COMMAND=/home/udaybhan/projects/Ghar_sajag_r1_storage/code/ParivarSathi_v1.5.4_PWA_BatteryAnalytics_v3_4_2/host/storage/nvs_runtime_probe/build/gs_nvs_runtime_probe.elf 9 50 20 banks 300 ENV={} EXIT=0
DIAG_OPERATION mode=banks calls=27 units=302 latch=1
NVS_RUNTIME_FAULT cut=300 write=ESP_ERR_FLASH_OP_FAIL old=49 new=127 recovered=49
COMMAND=/home/udaybhan/projects/Ghar_sajag_r1_storage/code/ParivarSathi_v1.5.4_PWA_BatteryAnalytics_v3_4_2/host/storage/nvs_runtime_probe/build/gs_nvs_runtime_probe.elf 9 50 20 banks 301 ENV={} EXIT=0
DIAG_OPERATION mode=banks calls=27 units=302 latch=1
NVS_RUNTIME_FAULT cut=301 write=ESP_ERR_FLASH_OP_FAIL old=49 new=127 recovered=49
COMMAND=/home/udaybhan/projects/Ghar_sajag_r1_storage/code/ParivarSathi_v1.5.4_PWA_BatteryAnalytics_v3_4_2/host/storage/nvs_runtime_probe/build/gs_nvs_runtime_probe.elf 9 50 20 banks 302 ENV={} EXIT=0
DIAG_OPERATION mode=banks calls=27 units=302 latch=1
NVS_RUNTIME_FAULT cut=302 write=ESP_ERR_FLASH_OP_FAIL old=49 new=127 recovered=49
COMMAND=/home/udaybhan/projects/Ghar_sajag_r1_storage/code/ParivarSathi_v1.5.4_PWA_BatteryAnalytics_v3_4_2/host/storage/nvs_runtime_probe/build/gs_nvs_runtime_probe.elf 9 50 20 banks 303 ENV={} EXIT=0
DIAG_OPERATION mode=banks calls=28 units=303 latch=1
NVS_RUNTIME_FAULT cut=303 write=ESP_ERR_FLASH_OP_FAIL old=49 new=127 recovered=49
COMMAND=/home/udaybhan/projects/Ghar_sajag_r1_storage/code/ParivarSathi_v1.5.4_PWA_BatteryAnalytics_v3_4_2/host/storage/nvs_runtime_probe/build/gs_nvs_runtime_probe.elf 9 50 20 banks 304 ENV={} EXIT=0
DIAG_OPERATION mode=banks calls=29 units=311 latch=1
NVS_RUNTIME_FAULT cut=304 write=ESP_ERR_FLASH_OP_FAIL old=49 new=127 recovered=49
COMMAND=/home/udaybhan/projects/Ghar_sajag_r1_storage/code/ParivarSathi_v1.5.4_PWA_BatteryAnalytics_v3_4_2/host/storage/nvs_runtime_probe/build/gs_nvs_runtime_probe.elf 9 50 20 banks 305 ENV={} EXIT=0
DIAG_OPERATION mode=banks calls=29 units=311 latch=1
NVS_RUNTIME_FAULT cut=305 write=ESP_ERR_FLASH_OP_FAIL old=49 new=127 recovered=49
COMMAND=/home/udaybhan/projects/Ghar_sajag_r1_storage/code/ParivarSathi_v1.5.4_PWA_BatteryAnalytics_v3_4_2/host/storage/nvs_runtime_probe/build/gs_nvs_runtime_probe.elf 9 50 20 banks 306 ENV={} EXIT=0
DIAG_OPERATION mode=banks calls=29 units=311 latch=1
NVS_RUNTIME_FAULT cut=306 write=ESP_ERR_FLASH_OP_FAIL old=49 new=127 recovered=49
COMMAND=/home/udaybhan/projects/Ghar_sajag_r1_storage/code/ParivarSathi_v1.5.4_PWA_BatteryAnalytics_v3_4_2/host/storage/nvs_runtime_probe/build/gs_nvs_runtime_probe.elf 9 50 20 banks 307 ENV={} EXIT=0
DIAG_OPERATION mode=banks calls=29 units=311 latch=1
NVS_RUNTIME_FAULT cut=307 write=ESP_ERR_FLASH_OP_FAIL old=49 new=127 recovered=49
COMMAND=/home/udaybhan/projects/Ghar_sajag_r1_storage/code/ParivarSathi_v1.5.4_PWA_BatteryAnalytics_v3_4_2/host/storage/nvs_runtime_probe/build/gs_nvs_runtime_probe.elf 9 50 20 banks 308 ENV={} EXIT=0
DIAG_OPERATION mode=banks calls=29 units=311 latch=1
NVS_RUNTIME_FAULT cut=308 write=ESP_ERR_FLASH_OP_FAIL old=49 new=127 recovered=49
COMMAND=/home/udaybhan/projects/Ghar_sajag_r1_storage/code/ParivarSathi_v1.5.4_PWA_BatteryAnalytics_v3_4_2/host/storage/nvs_runtime_probe/build/gs_nvs_runtime_probe.elf 9 50 20 banks 309 ENV={} EXIT=0
DIAG_OPERATION mode=banks calls=29 units=311 latch=1
NVS_RUNTIME_FAULT cut=309 write=ESP_ERR_FLASH_OP_FAIL old=49 new=127 recovered=49
COMMAND=/home/udaybhan/projects/Ghar_sajag_r1_storage/code/ParivarSathi_v1.5.4_PWA_BatteryAnalytics_v3_4_2/host/storage/nvs_runtime_probe/build/gs_nvs_runtime_probe.elf 9 50 20 banks 310 ENV={} EXIT=0
DIAG_OPERATION mode=banks calls=29 units=311 latch=1
NVS_RUNTIME_FAULT cut=310 write=ESP_ERR_FLASH_OP_FAIL old=49 new=127 recovered=49
COMMAND=/home/udaybhan/projects/Ghar_sajag_r1_storage/code/ParivarSathi_v1.5.4_PWA_BatteryAnalytics_v3_4_2/host/storage/nvs_runtime_probe/build/gs_nvs_runtime_probe.elf 9 50 20 banks 311 ENV={} EXIT=0
DIAG_OPERATION mode=banks calls=29 units=311 latch=1
NVS_RUNTIME_FAULT cut=311 write=ESP_ERR_FLASH_OP_FAIL old=49 new=127 recovered=49
COMMAND=/home/udaybhan/projects/Ghar_sajag_r1_storage/code/ParivarSathi_v1.5.4_PWA_BatteryAnalytics_v3_4_2/host/storage/nvs_runtime_probe/build/gs_nvs_runtime_probe.elf 9 50 20 banks 312 ENV={} EXIT=0
DIAG_OPERATION mode=banks calls=30 units=312 latch=1
NVS_RUNTIME_FAULT cut=312 write=ESP_ERR_FLASH_OP_FAIL old=49 new=127 recovered=49
COMMAND=/home/udaybhan/projects/Ghar_sajag_r1_storage/code/ParivarSathi_v1.5.4_PWA_BatteryAnalytics_v3_4_2/host/storage/nvs_runtime_probe/build/gs_nvs_runtime_probe.elf 9 50 20 banks 313 ENV={} EXIT=-7
